3647 1609 1602 27.704531
3650 1609 1600 45.163277
3649 1600 1596 29.502359
3728 1596 1586 35.667377
3729 1586 1593 32.007694
3941 1593 1595 4.976117
3826 1596 1589 38.64399
3825 1600 1607 40.933239
3823 1607 1619 38.219975
0 1609 1622 57.403187
3817 1622 1616 17.357319
3639 1616 1625 26.432749
3640 1625 1627 21.210449
3641 1627 1636 30.191208
3920 1636 1647 17.979511
3921 1636 1648 18.226419
3919 1647 1660 23.075846
3918 1660 1668 12.49291
3917 1668 4975 10.802266
3916 4975 1666 26.562319
3659 1666 1673 6.182232
3660 1673 1768 16.529232
3661 1768 1762 18.209448
3816 1622 1632 34.298264
3642 1627 1614 36.835331
3943 1648 1670 38.552544
3719 1668 4959 44.429985
3718 4959 4958 4.280423
3717 4958 4957 29.441071
3998 1670 1706 47.145748
3626 1706 1702 28.219984
3625 1702 1697 27.105387
3679 1697 1696 4.503644
3937 1706 1707 28.2491
3936 1707 1710 19.854757
3850 1696 1701 29.377636
3849 1696 1694 40.226868
35 4959 1671 54.152744
3964 1671 1656 22.851742
3963 1656 1646 16.544434
3962 1646 1639 16.544434
3961 1639 1630 19.513672
3821 1630 1624 19.731989
4011 1671 4944 32.057476
3612 4944 4942 34.437424
3611 4942 4943 24.384037
4010 4943 1669 28.863626
3984 1669 1743 23.561321
3607 1669 1644 36.469639
3608 1644 1637 17.108063
3609 1644 1662 30.322573
3985 1637 1626 30.564758
3959 1626 1621 19.692965
3882 1621 1613 24.048397
3881 1613 1606 20.654369
3986 1626 1635 25.596001
4033 1635 1641 17.149132
4034 1641 1645 5.218938
3883 1645 1652 6.315918
4035 1645 1667 34.676907
4036 1667 1751 21.975626
3887 1751 1757 24.4867
3886 1757 1760 22.457512
3892 1760 1752 23.295805
3893 1752 1750 11.638259
3894 1750 1747 22.593668
3891 1760 1772 35.602009
3885 1772 1784 39.863785
3847 1784 1789 13.623403
3842 1784 1791 24.168964
3848 1789 1785 25.635254
3911 1785 1777 27.134369
3910 1785 1775 34.959362
3909 1775 1769 24.005039
3908 1769 1764 15.097508
3577 1764 1763 4.83838
3579 1763 1759 9.007287
3983 1743 1736 45.740295
4038 1747 1744 45.853649
3664 1744 1746 37.64975
3844 1791 2475 46.735985
3845 2475 2473 13.552307
4066 2475 1665 23.811369
4067 1665 1654 20.84454
4068 1654 1651 8.235703
4039 1651 1672 37.647339
4040 1672 1661 19.54546
3948 2473 2481 39.043747
4048 2481 2474 19.969128
3947 2474 2471 19.092962
1 2471 2479 29.718756
3820 2479 2487 43.211483
3747 2487 2494 37.255169
3746 2494 4960 21.30909
3745 4960 1664 23.988529
3682 1664 1659 8.551238
3683 1659 1655 9.592535
3764 1664 2496 12.244141
3763 2496 2500 49.051834
3762 2500 2497 10.064107
3761 2497 2493 13.375
3760 2493 2489 22.602972
3759 2489 2483 28.185333
3758 2483 2478 26.03797
3818 2478 2484 26.562319
219 2500 1657 35.939175
3971 1657 1642 21.825493
3714 1657 1653 42.436031
3686 1653 1640 16.918894
214 2497 2495 44.937374
209 2483 2480 45.111362
3576 2495 4860 50.941544
3575 4860 4861 31.824585
3716 1626 1634 53.096848
3715 1634 1620 45.936798
4070 1620 1623 10.097595
4071 1620 1608 39.671207
4072 1608 1598 47.754002
4073 1598 1592 44.325172
3877 1592 1584 18.462286
3878 1584 1581 5.274844
4004 1581 1580 5.459513
3942 1580 1578 13.798446
3879 1584 1597 39.892612
3876 1578 1573 40.67659
3636 1573 1572 4.280423
3637 1572 1569 28.423332
3945 1569 1565 25.690948
3645 1565 1566 11.1201
3944 1565 1562 31.486132
3643 1566 1574 55.109982
2 2471 2463 61.706902
4032 2463 2450 52.970329
4029 2450 2448 6.156768
3 2448 2443 19.080025
3722 2443 2439 18.403696
3721 2439 2436 32.423584
3720 2436 2434 11.812203
3582 2434 2432 12.966977
3583 2432 2430 9.224698
1154 2430 2429 13.701164
3723 2443 2455 39.972157
3584 2430 2437 40.91378
3585 2437 2440 28.703663
3586 2440 2452 46.316006
4030 2450 2462 52.031601
3794 2434 2441 53.81702
3795 2441 2447 24.688835
3796 2447 2454 22.459341
3797 2454 2461 37.19236
3798 2461 2466 28.620476
4003 1580 1588 63.840694
204 1588 1587 40.070034
3808 1587 1599 53.790604
3874 1588 1577 55.573441
3873 1577 1571 28.982599
4054 1571 1567 37.867619
4053 1567 1564 44.655613
3834 1571 1579 51.957726
4052 1564 1560 54.905491
3752 1560 1559 5.119145
3751 1559 1558 12.592302
4051 1558 1298 10.042145
3753 1559 1561 27.104975
3772 1298 1279 29.946518
3773 1279 1270 18.469841
3574 1270 1263 17.86442
3565 1270 1284 24.251448
3566 1284 1274 23.393734
3567 1274 1265 19.763889
3568 1265 1257 22.963505
3570 1257 1253 9.763909
3783 1253 1246 19.36174
3571 1253 1260 25.422728
3572 1260 1256 25.857628
3779 1256 1258 18.608774
3780 1256 1247 22.469097
3774 1270 1287 27.596254
3775 1287 1278 26.562389
3776 1278 1275 7.250103
3782 1246 1239 31.582409
3787 1274 1293 37.585495
157 1287 1557 38.168839
3569 1257 1271 39.458652
6072 1239 1225 47.477715
6073 1225 1221 13.452733
6071 1225 1228 18.934294
6158 1228 1233 21.669249
6525 1233 1226 25.437618
6101 1226 1223 12.886223
6100 1223 1220 15.762413
6189 1220 1213 23.683891
6188 1213 1212 18.20792
6074 1221 1214 28.235226
6075 1214 1210 23.624622
6076 1210 1208 7.211426
6524 1212 1205 32.841091
6261 1205 1200 31.33614
6111 1205 1199 33.144417
6112 1199 1194 30.815187
6159 1228 1241 35.633789
6160 1241 1248 27.137676
6077 1208 1202 40.373066
6078 1202 1196 32.347034
6080 1196 1195 8.874943
6227 1196 1198 15.615863
6079 1195 1193 21.510271
6081 1193 1190 39.071293
6082 1190 1186 34.597843
129 1186 1185 28.175491
128 1185 1187 28.892017
130 1185 1188 38.215431
6115 1188 1189 21.322462
6228 1198 1206 39.688004
6223 1206 1211 24.719059
6114 1189 1192 40.472633
6190 1213 1207 45.286243
5893 1206 1215 50.11293
5894 1215 1219 16.526463
3784 1271 4963 54.584583
3785 4963 4961 16.611021
5 4961 4962 15.014112
5896 1193 1201 60.119186
6161 1248 1268 61.129517
6121 1268 1277 17.987465
6120 1277 1281 9.262198
3833 1579 1570 62.261963
3831 1570 1576 29.741734
3830 1576 1583 43.283875
3829 1583 1590 43.921104
4016 1590 1585 14.489746
3805 1590 1594 22.245947
4015 1585 1575 53.343128
4014 1575 1568 51.024864
4013 1568 1563 52.21648
3687 1640 1617 65.348366
3807 1599 1582 66.159813
6083 1187 1191 70.491127
3726 1657 4898 72.920113
3713 4898 4895 31.39209
3737 4895 4893 18.241211
3709 4893 4892 7.644778
3711 4892 4888 60.607788
6177 1191 1204 73.612389
3589 4861 4862 74.574608
3950 1710 1717 75.874451
3866 1717 1715 21.329613
6224 1219 1240 76.486755
5736 1240 1238 12.307736
5735 1238 1232 14.674705
5744 1232 1237 10.199492
5745 1237 1244 36.203136
5737 1240 1254 45.562668
5738 1254 1261 27.46175
39 1261 1266 5.716599
3789 1266 1272 18.20792
4018 1272 1288 26.621641
4019 1288 1295 13.756976
3972 1272 1294 39.705162
3973 1294 1605 53.14732
6230 1232 1218 56.237942
5875 1281 2108 78.189941
5874 2108 2104 12.958623
5876 2108 2100 55.961681
5898 2100 2081 74.536575
5899 2081 2091 50.351337
5878 2081 2066 63.677383
5879 2066 2080 62.716938
5983 2080 2086 11.432762
5982 2086 2098 58.90303
3888 1694 1687 84.273956
3889 1687 1684 27.776814
3622 1684 1689 33.450512
3623 1689 1693 34.119366
3890 1684 1678 64.466438
3681 1678 1681 50.529613
3899 1678 1682 58.947502
3900 1682 1685 24.410276
3966 1685 1677 68.047447
4027 1677 1683 60.569023
3857 1683 1692 71.363419
13 1692 1700 75.79039
3856 1692 1686 76.592667
3855 1686 1679 69.321274
164 1677 1675 79.156189
163 1675 1676 63.875881
4020 1676 1680 31.996193
3620 1676 1643 51.887093
4026 1643 1618 70.669884
4025 1618 1611 25.163551
4024 1611 1604 22.996367
4023 1604 1601 27.28084
3975 1601 1591 54.109116
3976 1591 1603 78.113052
3977 1603 1615 40.330864
3978 1615 1631 57.188026
3897 1631 1650 29.177389
3902 1680 1688 81.060997
3903 1688 1690 74.346344
3600 1685 1695 86.055557
3601 1695 1704 79.634636
3852 1704 1709 54.567318
3750 1709 820 84.322182
3749 820 827 20.504408
3952 827 802 80.520355
3727 4898 1658 87.375977
3735 1658 1638 36.92046
3734 1638 1663 47.017258
3864 1663 4979 42.253365
3733 1638 1612 78.02948
1155 2429 2426 87.69725
999 2426 2425 28.768887
1233 2426 2428 66.837051
1232 2428 2431 35.017178
802 2431 2433 13.275317
801 2433 2438 30.366795
1231 2438 2449 63.118183
1230 2449 2464 61.89069
1229 2464 2467 29.335991
1228 2467 2472 28.889229
1227 2472 2482 37.806347
1226 2482 2486 20.913019
3580 2486 2491 35.689194
1188 2467 2476 48.346577
1249 2486 2498 58.317513
1248 2498 2962 54.970295
1247 2962 2958 35.284981
1246 2958 2952 31.524174
1245 2952 2941 57.520691
1244 2941 2936 56.605507
1243 2936 2932 47.847752
1125 2932 2931 9.87466
960 2932 2935 40.5308
648 2931 2927 42.031525
647 2927 2925 39.588711
646 2925 2926 36.752529
1051 2926 2928 35.59156
857 2926 2929 38.603516
856 2929 2934 38.607388
855 2934 2937 30.387737
858 2926 2930 42.95525
859 2930 2933 29.887045
961 2935 2940 44.859756
860 2933 2938 51.212967
862 2938 2945 58.947468
861 2945 2948 11.879281
863 2945 2954 41.08567
789 2938 2946 65.154945
788 2946 2953 31.589548
1253 2953 2959 28.086143
962 2940 2950 66.538956
832 2950 2956 31.657627
831 2950 2957 39.036362
1252 2959 2963 69.076294
1251 2963 2968 40.918221
775 2937 2943 74.143982
1053 2948 2947 74.339691
767 2947 2944 11.60676
766 2944 2942 7.109425
768 2942 2955 50.458508
769 2955 2961 42.838276
803 2433 2444 75.018402
1022 2444 2460 70.693092
1054 2947 2499 75.711639
1055 2499 2492 21.190279
1056 2492 2488 20.444693
1057 2488 2485 21.80052
1058 2485 2477 34.042881
1059 2477 2469 46.514366
3591 2491 4863 76.192619
3596 4863 4864 49.667576
3595 4864 4865 43.519981
3594 4865 4866 78.925682
3593 4866 4867 37.933964
1060 2469 2453 84.585304
1061 2453 2446 22.894543
1079 2446 2445 4.060132
1078 2445 2451 20.592331
1062 2453 2457 23.022106
828 2446 2456 34.366661
1077 2451 2458 40.806152
1076 2458 2468 50.078934
1197 2468 2470 41.814373
829 2456 2465 54.895035
1196 2468 1061 60.668102
842 1061 1052 39.382236
1026 2445 2435 62.510468
1025 2435 2442 46.135769
840 1052 3313 73.096306
1024 2442 2459 78.875664
1000 2425 2419 91.175926
1002 2419 2415 35.795628
1003 2415 2404 61.816284
1004 2404 2413 45.341297
1098 2413 2403 55.857368
1096 2403 2399 32.66077
1095 2399 2390 56.283119
885 2390 2393 13.828379
886 2393 2394 14.588915
972 2394 2392 16.980455
1094 2390 2389 18.209837
1097 2403 2395 68.629082
1187 2419 2424 68.629356
892 2389 2384 69.138863
201 2384 2383 55.982697
202 2383 2385 74.7714
925 2385 2388 47.180447
924 2388 2396 44.457451
923 2396 2398 30.28454
926 2385 2391 70.049271
1111 2391 2397 44.275967
1145 2397 2400 26.227373
1144 2397 2401 39.593998
987 2401 2412 47.306393
986 2412 2417 40.889038
895 2400 2410 54.720493
1217 2410 2409 33.513184
1146 2410 2418 53.87661
1147 2418 2420 11.258769
985 2412 2402 67.612083
983 2402 2408 36.791565
1148 2420 2414 72.661453
974 2414 2406 22.742104
975 2406 2416 55.077621
1149 2416 2421 25.617363
1150 2421 2422 39.992275
1151 2422 2423 18.003061
1152 2423 2427 76.749031
891 2395 2405 82.466408
890 2405 2407 12.307736
888 2407 2411 10.837708
3949 1710 1718 91.427681
1124 2931 2939 91.608704
778 2939 2949 68.222694
777 2949 2951 4.792141
1123 2951 2960 56.559669
1122 2960 2967 85.477493
927 2967 2977 64.490593
6229 1218 1203 93.442619
6262 1203 1197 34.244869
5788 1197 1209 71.93927
5789 1209 1222 75.998627
6271 1222 1245 83.893295
5967 1245 1267 64.292595
5966 1267 1280 23.91485
5965 1280 1300 31.495497
5964 1300 1282 32.916496
5902 1267 1297 50.7887
5901 1297 1305 45.458454
6400 1305 1306 37.120407
6399 1306 1308 38.026749
139 1305 1303 39.903214
141 1303 1304 15.332479
6398 1308 1311 48.631607
6353 1311 1316 36.119507
6352 1316 1302 72.124306
5906 1302 1289 21.279465
5905 1289 1283 8.891788
6351 1283 1273 21.41024
6350 1273 1259 27.036268
6349 1259 1252 28.90596
5904 1289 5884 36.432678
5962 1252 1235 54.983711
5752 1235 1230 14.889408
5750 1230 1242 32.79327
5749 1242 1243 13.81523
5748 1243 1250 16.518362
5747 1250 1255 14.535606
5751 1230 1217 56.119213
5746 1255 1249 71.291763
6354 1311 1307 79.549599
6355 1307 1312 81.556313
6238 1312 1313 4.202206
12 1312 1317 55.35796
6236 1317 1324 66.194183
6508 1324 1329 23.493353
6506 1329 1330 21.508089
6507 1329 1335 38.826286
6510 1330 1336 43.284134
6531 1336 1339 11.88374
6235 1339 1343 12.726562
5685 1330 1337 46.069336
6511 1335 1347 49.70723
6532 1339 1350 49.784668
6533 1350 1352 32.952114
6512 1347 1355 54.448761
6245 1355 1363 33.499069
6246 1363 1367 22.331944
6247 1367 1373 23.138485
6237 1313 1318 72.09269
6336 1318 1320 26.50362
6335 1320 1325 25.467827
6334 1325 1334 51.828594
6333 1334 1341 27.818523
6332 1341 1346 25.352556
6331 1346 1359 71.530312
6234 1343 1356 74.694885
6233 1356 1362 25.122587
6232 1362 1369 33.806145
6231 1369 1372 14.392822
6348 1372 1378 35.48225
6347 1378 1390 55.034401
374 1372 1387 67.3228
375 1387 1393 38.325588
303 1393 1398 29.839054
376 1393 1400 38.325344
377 1400 1405 38.819508
302 1398 1404 41.665356
305 1393 1403 54.355316
6318 1355 1344 78.000244
6244 1344 1328 78.41349
5732 1328 1323 23.142172
5731 1323 1319 38.160709
5849 1307 1309 90.046371
5848 1309 1315 72.9366
6153 1315 1321 75.465111
6152 1321 1327 30.815672
6063 1327 1333 42.298477
6064 1333 1340 30.223526
6065 1340 1345 24.166239
6066 1345 1338 26.334278
6067 1338 1331 36.906681
6068 1331 1322 49.266705
6069 1322 1326 11.925996
6480 1326 1332 39.384041
6481 1332 1342 41.315826
306 1403 1415 92.772209
416 1415 1419 33.674454
417 1419 2696 52.659992
338 2696 2695 20.71703
339 2695 2697 36.67799
418 2697 1535 41.630833
344 1535 1530 38.986095
340 2695 2698 45.781254
343 1530 1537 46.256001
345 1530 1522 54.524364
420 1522 1520 15.118161
342 1537 2699 56.44038
3953 802 772 94.016602
3999 772 778 30.960466
4000 778 791 29.864162
4001 791 798 28.249004
3871 798 811 37.588203
3872 811 4974 64.058281
3955 772 754 68.611526
3954 754 749 18.584745
3633 749 744 27.232103
3632 744 741 15.399862
3606 749 756 29.843197
4094 754 761 31.482183
4093 761 770 32.750645
3813 741 735 40.053986
3812 735 729 39.423866
4074 729 728 4.975862
4075 729 732 25.617363
3956 754 764 45.163277
3957 764 762 78.253563
3958 762 751 46.605896
4103 751 737 72.388565
3800 737 752 78.138077
4102 737 743 86.071068
4100 743 734 51.864819
4101 734 747 68.765144
4089 747 759 59.736404
4088 759 771 41.455715
4087 771 776 48.518532
4081 776 786 27.792788
4086 776 767 28.963629
4211 767 763 24.81595
4084 759 775 62.510952
4083 775 785 28.703465
4082 785 807 59.528103
4085 775 768 61.188499
3803 768 758 40.757622
4099 768 784 47.564812
4091 784 793 30.759855
3627 784 801 51.964066
3630 807 826 62.029396
3631 826 4953 78.829521
4080 786 812 83.801163
4078 812 822 27.159815
4079 812 797 43.708309
4254 797 815 51.314365
4255 815 824 32.664131
5009 824 904 33.593037
5010 904 886 55.643543
5011 886 899 42.394424
4857 822 5699 56.786724
4529 886 868 61.544231
4530 868 862 20.827875
4531 862 852 47.01001
4532 852 842 45.697266
4533 842 838 48.462788
4534 838 837 25.277914
5012 899 932 73.776085
5013 932 946 30.571463
5016 946 5707 42.477432
5015 5707 5706 9.631029
5014 5706 5705 10.616393
5078 946 5717 54.755146
5077 5717 5715 49.196575
5076 5715 5716 11.339334
5088 824 5718 83.159271
5089 5718 5719 11.035798
5090 5719 5720 4.242188
4809 837 845 84.250198
3811 728 719 86.233337
174 734 723 92.943329
4158 723 722 7.905367
4097 722 721 5.201172
4095 721 718 23.428333
4152 718 717 7.988805
4159 723 725 28.979788
4160 725 730 43.267826
4161 730 739 46.031612
4252 717 716 85.084549
4098 716 715 5.617048
3809 715 714 92.874336
3870 4974 4973 93.156677
3676 4973 1780 89.591965
3677 1780 1765 49.587696
3658 1765 1783 55.084091
3930 1765 1748 70.648827
3757 1748 1742 70.006882
3678 1765 1787 71.717979
3755 1742 1749 77.154076
3653 1749 1766 67.899467
3652 1749 1741 80.579742
3671 1741 1737 47.320736
3670 1737 1735 13.405162
3790 1735 1740 48.274483
3665 1740 1738 9.03183
3841 1741 1745 62.245571
3840 1745 1755 58.141544
3666 1738 1739 62.929913
3651 1741 1734 79.473991
3793 1734 1729 57.049522
3792 1729 1727 14.921379
3668 1727 1730 43.006447
3669 1730 1731 56.626781
3738 1731 1732 6.454026
3740 1732 1733 54.684193
3838 1733 1728 41.522369
3928 1731 1726 66.960098
4009 1726 1724 54.881977
4005 1728 1725 68.611115
3657 1783 4956 81.456543
6482 1342 1360 97.265549
6483 1360 1364 14.861084
5969 1364 1353 67.062943
5970 1353 1357 15.747507
5971 1357 1361 12.260498
5847 1353 1351 22.495182
5795 1351 1349 13.81523
6136 1364 1382 87.416611
6137 1382 1384 14.009515
6278 1384 1388 10.716181
6328 1388 1385 17.96953
6329 1385 1380 21.652702
6277 1384 1396 68.408203
6025 1388 1402 90.001892
6024 1402 1408 39.449577
6023 1408 1410 17.892998
6097 1408 1412 40.330765
6096 1412 5891 50.269016
6095 5891 1418 61.658859
6094 1418 1414 32.64048
6093 1414 1409 51.915249
6022 1410 1420 71.723923
6021 1420 1487 30.810593
6020 1487 1480 34.469147
6018 1480 1489 76.866524
5976 1409 1394 81.157043
6040 1394 1397 15.343662
5974 1394 1391 24.05369
5973 1391 1389 15.695987
5975 1394 1407 72.693512
6004 1407 1416 70.064682
6003 1416 5851 30.473528
6002 5851 5849 26.444536
6001 5849 5846 44.802944
5684 5846 5847 21.152817
5683 5847 5845 19.107239
5682 5845 5843 20.236317
5681 5843 5844 11.508195
5999 5844 5848 34.868172
5998 5848 5850 40.069416
5997 5850 5852 24.727417
6299 5852 5854 48.068478
5766 5854 5855 14.392822
5767 5855 5853 19.603523
5996 5852 693 50.73391
5995 693 675 53.615608
5994 675 668 35.296299
5765 5855 5856 54.986084
5764 5856 691 48.274155
5742 691 1395 44.530628
5741 1395 1379 84.899231
5739 1379 704 27.172289
5889 704 1392 68.465347
5888 1392 1386 56.986053
5887 1386 1377 32.518353
5886 1377 1375 19.3564
5885 1375 1366 40.784863
6338 1366 1354 54.317005
5790 1354 1358 19.777403
6339 1366 1381 71.951111
6135 1381 1383 14.17537
6143 1381 1291 26.810707
6144 1291 1370 23.337463
6134 1383 1299 33.166283
6133 1299 1269 51.594078
6132 1269 1251 54.979591
6131 1251 1231 66.288361
6130 1231 1227 14.17537
6129 1227 1224 13.167484
6128 1224 1234 38.753174
6315 1234 1229 24.707108
6387 1229 1236 17.23461
6211 1229 1216 56.040703
5801 1383 1399 79.38868
6059 1392 1406 80.704124
6058 1406 1411 39.938728
5802 1399 1286 90.922653
6523 1286 1264 43.580872
5812 1286 1401 60.406906
5811 1401 690 52.682621
6478 1487 1493 93.409035
6060 1392 1374 93.483452
6061 1374 1368 30.96751
5792 1368 1371 14.262355
864 2954 2964 97.427956
1210 2964 2972 46.847893
1209 2972 2980 73.000389
5614 4962 4964 97.726158
5615 4964 4965 91.209076
6116 4965 4966 30.390709
6117 4966 4967 7.923027
5936 4965 2139 42.82048
6118 4967 4969 51.852734
5616 2139 5824 65.946899
5484 5824 5825 4.278169
5483 5825 2134 61.031631
5482 5824 5823 69.114365
5481 5823 5822 21.605927
5480 5822 5821 50.897594
5403 4965 4968 71.499527
5401 4968 4970 48.405064
5400 4970 4972 43.921104
5402 4968 4971 80.052444
4594 845 866 98.122345
4593 866 880 51.209641
4808 880 897 51.069553
4942 897 906 25.808771
4912 906 912 20.12682
4807 912 914 4.386207
4941 906 936 60.85257
4806 914 5115 77.004761
4277 5115 5108 78.700111
6019 1480 1471 98.212173
6486 1471 1475 40.86911
6357 1355 1376 98.897667
6479 1700 1301 99.672112
5734 1301 1348 15.077257
5873 2104 2076 99.697861
5872 2076 2062 88.858574
6286 2062 2073 86.655312
6184 2073 1292 43.738724
6185 1292 1285 16.337566
6186 1292 5893 36.710625
6366 1285 1276 72.303596
6208 1276 1262 28.581974
6209 1262 1290 55.088371
6005 1290 1296 29.778366
6007 1296 5886 21.54834
6008 5886 5887 24.333445
6009 5887 5888 18.433809
6203 5887 5889 30.395155
6029 1290 2078 46.161396
6030 2078 2068 49.996143
6367 2068 2065 23.913687
6368 2065 2071 44.185329
6369 2071 2082 36.592712
6370 2082 2095 61.896099
6031 2095 2102 14.27661
6032 2102 2107 23.478567
6371 2107 2099 65.84964
6372 2099 2101 5.819592
6012 2101 2114 43.763187
6373 2101 2116 53.352669
6374 2116 2122 36.474808
6375 2122 2124 9.659668
6376 2124 2135 49.443649
6011 2114 705 82.657516
6099 2065 2055 83.746704
5870 2055 2043 73.973419
2489 2043 2040 27.227085
2451 2040 2035 32.853058
2450 2035 2041 35.00605
2452 2035 2031 66.698143
182 2031 2029 15.256043
183 2029 2030 13.805349
181 2029 2032 39.06694
180 2029 2033 53.649437
2496 2033 2034 13.622963
2497 2034 2037 29.93751
2365 2033 2039 56.564827
2364 2039 2047 60.849037
6176 2047 2057 68.736954
2350 2057 2064 37.45525
2349 2064 2069 46.659908
2348 2069 2072 18.433931
2346 2072 339 41.502552
2347 339 326 37.122883
2413 326 346 50.374718
2412 346 2085 45.090946
2410 2085 2096 54.541412
2356 2096 351 34.469967
2358 351 337 27.8144
2363 2032 2038 69.194237
2362 2038 2044 33.836311
2290 2044 2050 54.054504
2289 2050 2060 55.696323
2291 2044 2052 63.386303
2334 2052 2058 36.326649
2488 2058 2063 34.395187
5900 2041 2049 69.978149
2357 351 2145 70.824638
2409 2145 2142 5.171635
2285 2142 331 53.266068
2283 331 315 54.791065
2282 315 303 32.225475
2281 303 297 13.958524
2280 297 284 53.628647
2245 284 277 28.100012
2317 284 295 51.183178
2316 295 312 41.148926
2315 312 300 42.288857
2408 2142 2130 57.472466
2443 2130 2125 21.276672
2442 2125 2117 44.240532
2440 2117 2131 67.910622
2508 2131 2141 54.408306
2507 2141 4345 36.127831
2506 4345 4346 12.695814
2509 2131 2143 56.875072
6534 2072 2089 73.069237
2441 2117 2094 73.859276
5518 2094 2075 78.216072
5517 2075 2079 13.89285
2460 2075 2067 44.458054
2459 2067 2059 66.630287
2458 2059 2056 23.077217
2457 2056 2053 14.984252
2456 2053 2048 31.303608
2455 2048 2045 31.142328
2453 2045 2042 16.224792
2276 2042 2036 34.763885
2454 2045 2051 54.390732
2274 2036 2046 59.344582
2273 2046 2054 54.10043
2464 2054 2061 49.982864
5464 2075 2092 66.651268
5460 2092 2105 41.196709
5461 2105 2109 12.194219
5462 2109 2115 21.951946
5463 2115 2111 12.083213
2314 300 327 79.774071
2313 327 336 21.11552
2312 336 347 22.538219
2311 347 3720 44.763416
2406 3720 3718 14.63233
5595 3718 3716 17.41568
2407 3718 3721 28.488434
2487 2063 2074 79.896461
2534 2074 2083 19.987558
2533 2074 2088 44.828053
2486 2083 2093 55.755154
2485 2093 2106 38.399433
6164 2106 2118 46.663574
6163 2106 2119 52.184189
6165 2118 2133 67.665573
6166 2133 2138 36.514534
2483 2138 4341 33.648556
2482 4341 4340 14.643689
2484 4341 4342 18.913397
2481 4340 4339 46.122559
6167 2138 5831 59.040146
5617 5831 5830 23.693296
2292 2092 2103 84.69342
2293 2103 2110 32.073605
2425 2110 2113 10.398476
2424 2110 2123 65.838387
2294 2103 2084 70.584885
2295 2084 2070 48.383186
6304 705 677 87.572243
5679 677 689 42.889019
5678 689 695 12.157878
6305 677 662 82.470947
2467 2113 2120 94.92028
2468 2120 2126 36.164825
2476 2126 2121 59.130985
2286 2121 2112 30.967773
2477 2121 2128 42.289089
2478 2128 2137 54.172215
2479 2137 2144 45.574875
2375 2144 2132 57.765533
2377 2132 2127 16.764078
2376 2132 2136 21.83782
2475 2126 2140 67.573898
5607 2140 2146 21.24021
2531 2137 2129 70.877007
5609 2146 3735 87.501846
5653 3735 3727 45.746952
5652 3727 3724 40.181023
5651 3724 3719 46.117897
5597 3719 3722 37.360622
5608 3735 3733 49.721722
5497 3733 3729 32.453606
5496 3729 3725 38.017166
5603 3725 3728 31.651197
5495 3729 3736 42.725586
5604 3725 3717 57.65818
5677 3717 3723 43.840881
5676 3723 3726 39.38409
5675 3726 3732 37.3251
5662 3732 3737 42.059292
5598 3722 3730 70.039505
5654 3735 3743 80.578842
5661 3732 3741 84.672745
5622 3741 3747 66.792145
5552 3747 3755 86.132965
5551 3755 3756 11.929787
5555 3756 3759 9.45305
5554 3759 3761 33.495232
5574 3761 3762 10.708564
5556 3759 3763 45.827072
5557 3763 3765 14.861328
5500 3765 3769 17.511108
5501 3769 3772 22.77471
5502 3769 3775 29.926832
5503 3775 3781 30.213213
5499 3769 3778 41.148438
5498 3778 3783 24.891195
5558 3772 3768 55.142128
5559 3768 3760 45.992062
5560 3760 3754 60.508099
5436 3754 3757 23.743017
5438 3754 3749 37.033966
5435 3757 3766 69.254211
5628 3766 3771 33.586628
5629 3771 3780 38.179199
5434 3766 3773 41.233772
5379 3773 3776 9.628861
5378 3776 3784 64.165779
5504 3784 3788 27.281628
5469 3788 3795 32.400043
5505 3784 3794 57.812866
5506 3794 3802 45.120022
5507 3802 5835 50.454914
5630 3780 3786 64.907639
5631 3786 3796 40.766479
5380 3776 3785 69.891968
5526 3785 3790 26.432749
5527 3790 3792 12.040558
5528 3792 3798 34.262093
5377 3792 3799 50.363743
5529 3798 4933 50.880081
5530 4933 4931 29.127333
5376 3799 5783 54.226826
5539 3785 3797 63.965141
5540 3797 3801 29.711256
5541 3801 5790 47.592197
5415 5790 5789 12.302816
5411 5789 5785 26.908846
5412 5785 5786 15.502615
5413 5786 5788 8.782134
5414 5788 5787 10.063417
5416 5789 5791 44.472893
5542 5791 5792 38.633377
5543 5792 5793 13.542144
5544 5793 5795 41.727783
5417 5792 5794 45.091415
5545 5795 234 68.516533
5537 234 233 4.666504
5536 234 4939 11.87793
5538 233 224 19.486044
5546 224 212 35.314949
5547 212 207 29.049623
5535 4939 4938 36.020912
5548 207 197 36.168537
5549 197 204 29.299877
5623 204 206 4.420927
5534 4938 4936 40.281845
5533 4936 4935 52.919182
5532 4935 4934 28.752867
5663 204 219 63.550175
5664 219 229 18.379911
5665 229 3711 47.797691
5575 219 5837 50.667809
5613 4935 4937 64.842239
5433 3795 4919 69.919609
5432 4919 4917 59.898109
5431 4917 4916 49.221279
5430 4916 4915 20.328045
5429 4915 4914 40.551605
5650 4916 4918 54.904335
5649 4918 4920 60.210583
5408 4931 4930 70.675072
5531 4934 4932 71.503609
5632 3796 3791 77.009232
5633 3791 3787 8.685311
5634 3787 3782 63.147984
5635 3782 3774 35.594513
5636 3774 3764 46.388279
5476 3764 3767 15.851054
5475 3767 3777 40.127148
5474 3777 3779 15.976926
5637 3764 3758 59.259583
5620 3758 3752 54.979809
5493 3752 3750 10.869752
5492 3750 3746 69.106522
5601 3746 3745 35.911919
5439 3746 3739 72.416115
5440 3739 3738 6.449187
5585 3738 3734 32.725845
5586 3734 3731 19.080463
5473 3779 3789 76.657677
5510 3789 3803 77.313599
5509 3803 5836 59.986576
5658 3789 3804 78.507553
5659 3804 5838 36.872639
5660 5838 5839 32.141521
5657 3789 3805 80.892097
5672 3805 5840 50.268681
5673 5840 5841 32.115185
5674 5841 5842 21.011473
5472 3805 5820 66.081787
5477 3711 3706 86.16008
5478 3706 3705 8.639218
5648 4920 4921 89.768051
5647 4921 4922 83.482376
5646 4922 4923 75.193878
5645 4923 4924 33.085823
5644 4924 4925 60.876472
5406 4925 4926 4.975862
5605 3730 3740 90.009445
5515 3740 3742 9.696874
5514 3742 3744 11.218153
5524 3744 3748 57.775433
5523 3748 3753 46.967686
5599 3758 3770 90.667625
5656 3758 3751 95.591675
6377 2135 684 96.65329
5784 684 682 5.459297
5783 682 666 69.066559
6291 666 660 21.643303
6290 666 671 35.830738
6289 671 679 27.841124
6340 660 656 42.931393
6341 656 648 49.454414
6379 648 639 31.84609
135 639 625 49.176754
134 625 626 15.208901
133 625 634 44.277126
5944 634 646 26.822451
5945 646 651 21.686232
5946 651 654 21.634766
5947 654 658 39.479641
136 625 618 49.845314
6380 618 611 68.794807
6381 611 610 11.42322
5948 658 670 73.059364
5949 670 680 35.209961
5951 680 685 13.574707
6033 680 688 26.006836
6034 688 687 17.832205
5952 685 353 32.590042
5953 353 342 25.246004
5954 342 330 27.262272
5977 330 324 24.054691
5955 324 316 23.305746
5956 316 305 27.44636
6054 324 333 31.511026
6053 333 349 35.286751
6052 349 5890 19.705145
5957 305 291 36.860134
5958 291 285 34.409191
5960 285 276 32.415646
5978 330 350 42.769501
5979 350 340 28.83737
5980 340 344 4.619436
5933 276 263 61.864681
5932 263 258 28.816807
5800 263 267 32.450565
5931 258 249 51.433044
6026 249 244 63.221565
5943 626 616 73.35965
5799 267 251 75.407074
5798 251 247 44.933216
5796 247 243 57.046848
2341 243 248 61.607925
5942 616 607 82.738556
5940 607 605 6.372676
6521 605 602 24.973783
6520 602 599 29.647898
6408 599 603 36.462677
6407 603 609 35.910297
5913 599 596 61.439346
5911 596 598 25.739384
5910 598 600 39.495373
5912 596 594 57.727016
5941 607 614 65.785126
6342 614 620 50.733982
5915 594 593 83.152161
6382 610 619 84.350815
2342 248 261 84.778572
2343 261 269 42.553345
5934 269 273 12.083213
2344 273 281 27.082264
2345 281 290 48.295914
6416 273 289 74.661621
6417 289 302 34.758488
6403 302 318 43.963463
6402 318 321 7.853035
6405 321 322 3.95976
6027 244 252 93.931915
5619 4342 4343 97.54203
5466 4343 3793 63.362576
5467 3793 3800 49.113079
5404 3800 5784 37.385139
2244 277 255 97.631668
2423 255 250 21.813902
2473 250 260 30.522339
2258 255 262 33.085403
2257 262 264 4.897492
2253 264 268 24.362158
2252 268 271 17.166391
2251 271 275 11.460127
2247 275 282 26.748816
2248 282 287 35.294922
2249 287 286 20.446867
2472 260 266 43.006489
2254 268 279 48.401783
2255 279 272 24.883423
2277 250 245 74.246078
2278 245 246 14.499696
2279 245 241 78.408531
2503 241 240 45.229416
2422 282 307 84.855789
2421 307 314 21.952084
2420 314 323 23.400604
2405 323 319 43.639812
2404 319 299 50.917259
2500 299 301 4.764472
14 299 293 19.293741
2501 293 283 49.712723
5671 299 329 84.318314
5670 329 3702 99.2267
5580 3702 3699 21.428341
5576 3699 3701 21.154238
5579 3699 3698 45.112392
5577 3701 3704 59.128536
5581 3704 3707 30.808416
5582 3707 3708 32.673721
5583 3708 3709 26.463558
5584 3709 3713 24.518944
5519 3707 3710 60.359035
5520 3710 3712 17.112253
301 1404 1417 99.745811
4 1417 1491 28.248583
1099 1061 1048 99.858833
1100 1048 1038 57.403187
3895 4888 4884 100.572906
3708 4884 4882 31.571915
3707 4882 4880 28.412104
3706 4880 4878 9.339914
3705 4878 4876 24.362158
3704 4876 4873 44.025982
3703 4873 4872 34.542233
3702 4872 4874 55.080009
3701 4874 4877 43.480118
3700 4877 4879 12.687135
3598 4872 4869 56.497166
3599 4869 4870 30.105713
4049 4870 4871 10.714252
3968 4878 4875 58.034042
3699 4879 4885 64.238449
4046 4875 4881 65.006004
4045 4881 4883 15.503223
4047 4881 4886 41.761593
3912 4886 1674 43.547775
3913 1674 1649 39.980499
4042 1649 1629 35.722267
4043 1629 1628 4.897492
7 1629 1633 10.386786
3698 4885 4887 84.126724
3697 4887 4889 25.02832
3696 4889 4890 19.60236
3695 4890 4891 19.179554
3694 4891 4894 22.559992
3693 4894 4896 21.533871
3692 4896 4897 18.757231
3691 4897 4899 18.757765
3690 4899 4900 33.019657
476 1520 1499 100.925499
475 1499 1497 28.420252
474 1497 1496 4.755827
379 1496 1500 44.776196
337 1496 1510 86.252914
473 1496 1490 96.47937
5693 1490 1494 58.027348
5694 1494 1495 27.391123
419 1522 2704 100.980568
430 2704 2703 37.194122
5612 4937 4940 101.643005
5611 4940 4941 68.697594
5814 1471 1461 101.659164
5815 1461 1458 25.039587
6396 1458 1468 96.030403
6436 1468 1470 18.445467
5757 1470 1473 23.054615
6435 1470 1478 68.410057
6434 1478 1481 49.240902
6437 1468 1479 92.35408
6438 1479 1483 47.206219
5758 1473 1482 96.453819
5759 1482 1484 15.399627
5760 1484 1485 4.66626
5761 1485 1488 31.190783
3970 1642 1610 101.827751
2466 2120 2090 101.963921
4328 886 926 103.921074
4329 926 5619 52.58403
4330 5619 5618 9.034904
5074 5619 5621 28.71237
4331 5618 5620 29.753103
4332 5620 5622 22.851828
5075 5621 5623 34.959892
5485 5830 5826 104.901192
5486 5826 5827 32.673946
5487 5827 5828 34.074184
5488 5828 5829 31.26642
5489 5829 5832 100.155823
3858 1692 1705 104.949753
3859 1705 1698 62.659645
3860 1705 1712 63.734406
3904 1698 1691 64.139854
4065 1691 1699 75.479919
3906 1698 1708 82.441162
3924 1699 1711 95.030701
3769 1711 825 61.939518
3923 1711 1716 68.248154
3603 1716 795 98.303528
3926 1691 1703 99.979103
3927 1703 1713 90.573929
3863 1713 1719 70.043907
3768 1719 1720 42.895824
3767 1720 1721 9.630558
3766 1721 1722 9.273113
3765 1722 1723 7.058594
3862 1719 1714 98.046097
867 2964 1050 105.536324
866 1050 3449 79.4011
1202 3449 1058 32.486294
823 1058 1057 6.899399
1160 1057 1055 16.19994
1162 1055 1049 19.007576
1006 1049 1046 4.636054
822 1057 1062 20.090214
1161 1055 1059 29.520947
1203 1059 3450 19.743103
1204 3450 3451 49.637836
1205 3451 1064 39.486347
1016 1064 3324 18.903702
649 1050 1036 79.720062
650 1036 1027 28.620476
651 1027 1022 23.354818
652 1022 1013 43.675259
981 1013 1006 16.347168
959 1006 1018 74.446663
958 1018 1033 64.266968
800 1064 1045 80.961212
799 1045 1025 87.697006
765 1025 1024 13.552307
1219 1025 1015 53.396145
1163 1015 1001 41.175743
971 1001 998 8.492508
970 998 1002 24.89209
969 1002 992 37.023346
730 992 990 10.981213
729 990 981 35.841377
727 981 979 4.386207
726 979 975 13.085238
725 981 987 19.428444
955 998 988 39.875977
764 1024 1014 53.873772
880 1014 1005 27.886301
722 1005 996 24.231417
723 996 991 27.960037
879 991 986 12.834507
878 986 972 53.903572
877 972 971 11.024511
976 971 967 38.826687
914 967 964 16.857059
875 964 963 32.071213
956 988 973 57.693359
653 973 974 11.517578
655 973 966 56.100586
656 966 960 50.174564
657 960 956 31.482634
968 975 969 61.975475
658 956 952 71.717651
659 952 950 64.21859
731 990 1012 74.419319
943 1005 1023 78.114731
944 1023 1042 70.386894
660 950 949 78.32399
967 969 957 80.456131
876 963 953 85.255028
2930 953 954 11.503914
2931 954 955 8.957789
3161 955 958 39.186684
2933 958 962 22.96475
2932 962 961 59.88065
2935 961 959 6.815568
2934 959 965 46.476307
3352 958 968 78.261002
3169 965 976 82.794029
3168 976 980 12.164393
3167 980 983 14.869239
3166 983 989 18.327742
3165 989 994 15.114799
1223 971 993 88.681122
1222 993 1010 56.119213
1221 1010 1017 29.918686
721 993 978 64.987373
720 978 984 16.948875
821 1062 2976 90.247673
820 2976 2973 23.258293
786 2973 2971 14.808859
819 2971 2974 27.213398
818 2974 2979 48.627842
817 2979 2983 75.839493
1138 2983 2982 24.182426
1184 2983 2987 33.22937
1185 2987 2992 31.122786
1183 2982 2975 54.209229
1182 2975 2969 42.212292
1181 2969 2966 17.713331
1031 2966 2970 25.127392
1030 2970 2978 65.23365
942 2978 2985 69.436409
735 2985 2988 17.568686
734 2988 2990 36.046406
966 2990 2984 46.755238
1180 2984 2981 38.778664
908 2981 2986 59.374001
906 2986 2993 35.525814
905 2993 2999 31.705622
904 2999 3007 32.448441
733 2988 3002 64.811325
732 3002 3004 15.82523
1093 2983 2998 81.543808
1220 973 997 96.723557
1225 997 1007 29.229418
1137 1007 1011 13.03108
1136 1011 1016 12.32611
1224 1016 1026 49.936539
1128 1026 1030 8.875147
1129 1030 1043 63.08894
1130 1043 1041 27.24939
1131 1041 1039 11.579472
1132 1039 1035 20.506098
1133 1035 1031 13.713573
1134 1031 1029 8.144133
1092 2998 3020 98.402451
1091 3020 3030 43.703087
1090 3030 3032 75.069069
1089 3032 3021 46.560474
1143 3032 3022 87.767372
1142 3022 3013 43.290768
1141 3013 3000 39.420979
1140 3000 2996 21.992521
897 3021 3038 90.819702
896 3038 3152 69.323372
1106 3152 3158 50.804867
1027 3152 3149 53.568321
998 3149 3147 25.044134
1107 3158 3154 59.249268
898 3038 3321 81.036133
899 3321 3320 26.202311
900 3320 3322 27.764212
901 3322 3042 23.777344
932 3321 3323 75.454071
902 3042 3036 80.501884
1018 3324 3325 99.938553
907 2986 3010 100.251068
1074 3010 3016 26.810707
1073 3010 3017 35.664738
881 3016 3029 61.96381
882 3029 3035 21.368689
854 3035 3040 51.476887
853 3040 3317 33.26025
1104 3317 3318 34.245926
1103 3318 3319 42.205921
850 3317 3314 52.129311
851 3314 3315 8.362596
852 3315 3316 7.188325
1072 3017 3034 71.001678
1071 3034 3039 42.160725
1050 3034 3041 56.137589
1048 3041 3125 45.583267
1047 3125 3121 19.743246
1046 3121 3118 23.207048
1070 3039 3113 77.979538
1069 3113 3109 28.663057
1068 3109 3106 38.839237
1067 3106 3093 64.767876
954 3093 3090 26.073147
909 3035 3105 94.325699
910 3105 3095 58.957687
911 3095 3088 43.765865
772 3088 3085 13.828814
1083 3088 3097 54.533169
1082 3097 3108 81.970543
1081 3108 3117 65.976921
1080 3117 3132 93.074577
3164 994 1021 101.576347
5068 5115 5126 107.069031
4810 837 831 107.283577
4753 831 832 43.504452
4752 832 834 26.518629
4751 834 835 29.888565
4786 835 843 86.271599
4787 843 860 80.169922
4811 831 836 100.230949
4963 836 840 49.667801
4888 840 844 38.181007
4812 844 856 72.117416
4813 856 872 42.933281
4977 872 887 53.455421
4978 887 883 14.856008
4979 883 875 23.080502
4980 875 874 13.574707
4760 872 889 57.403423
4335 889 895 24.900122
4334 895 909 34.601204
4336 895 915 42.680477
4674 915 940 56.575901
4983 840 851 76.164268
4982 851 870 74.31002
5027 870 873 9.231143
4887 844 859 78.158279
4886 859 861 4.814767
4885 861 864 14.856008
4959 836 846 96.762695
4960 846 848 4.174042
4961 848 849 4.277745
4962 849 850 4.604553
4815 940 4978 96.853065
4816 4978 4977 68.134315
3995 4977 4976 45.310314
3994 4976 1790 36.380589
3619 1790 1781 25.127392
3618 1781 1778 5.179762
3675 1778 1773 15.641434
3674 1773 1771 14.183096
3993 1771 1767 10.437349
3617 1781 4950 48.156746
3616 4950 4947 31.76932
3934 4977 925 62.046368
3932 925 902 44.211914
4055 902 890 46.819706
3933 925 4952 61.34058
3673 1773 1753 65.02504
149 902 935 67.029999
148 935 5637 67.25145
4379 5637 5638 59.228569
3992 1767 1761 67.568428
3744 1761 1758 4.306706
4064 1761 1774 43.114105
4063 1774 1782 20.805664
4062 1782 1788 19.733948
4061 1788 1792 22.511948
4060 1792 4951 17.252281
4059 4951 4949 14.117676
4058 4949 4948 16.544153
4057 4948 4946 18.57666
3614 4946 4945 59.720703
3996 890 917 70.726967
4462 5638 5639 73.226471
3743 1758 1786 98.364586
3990 1786 1779 23.679022
3989 1779 1754 73.139862
3835 1754 1756 55.474953
3836 1756 1770 37.247345
3988 1770 1776 20.340227
4788 860 893 107.561195
4595 893 901 28.264997
4591 901 905 11.918904
4596 901 908 16.968506
4522 905 927 48.394726
4597 908 934 57.723038
4598 934 5615 50.481445
4599 5615 5613 52.222561
4668 5613 5612 11.918921
5067 5613 5614 48.784424
5066 5614 5616 7.368517
4600 5615 5617 63.808235
4521 927 5665 72.999535
4547 5612 5608 90.292801
4669 5608 5610 45.384346
4546 5608 5601 55.149239
4545 5601 5596 36.961536
4781 5596 5591 43.0368
4780 5591 5587 27.594704
4826 5587 5580 48.748188
4543 5580 5577 19.249249
4544 5577 5576 14.643689
4542 5576 5574 17.278847
4541 5574 5573 14.869315
4540 5573 5571 19.108524
4312 5571 5570 24.777933
4314 5570 5572 40.001335
4685 5576 5582 44.035042
4686 5582 5586 35.959393
4687 5586 5088 34.658638
4539 5571 5575 45.285271
5070 5575 5579 34.693333
5069 5579 5581 13.14074
5071 5579 5583 15.97761
5072 5583 5584 10.067709
4313 5570 5085 52.1451
4317 5085 5075 27.157774
4759 5075 5064 31.190613
4316 5085 5578 44.160297
4757 5064 5082 52.415649
4756 5082 5089 15.225533
4975 5580 5588 53.358807
4972 5588 5590 20.303837
4973 5590 5592 13.175277
4974 5592 5594 16.630125
4782 5591 5598 69.920128
4850 5598 5605 51.208088
4618 5598 5607 54.398735
4619 5607 5609 38.113861
4620 5607 5611 73.616997
4799 5575 5585 79.442589
4800 5585 5589 18.335583
4801 5589 5593 33.250225
4802 5593 5595 26.32946
4803 5595 5600 36.529675
4804 5600 930 33.988049
4805 930 919 30.565012
4573 919 921 4.994941
4827 5587 5597 89.037315
4828 5597 5599 10.359525
4895 5599 5602 24.132702
4894 5599 5603 28.185333
4829 5603 5604 20.174314
4897 5603 5606 23.015709
4572 919 5668 91.330132
4749 921 5682 100.344299
4758 5064 5039 101.231796
4798 5039 5036 24.318916
4449 5036 5029 26.551943
5029 5039 5045 33.581436
5030 5045 5052 24.853498
5031 5052 5056 18.964928
5032 5056 5068 33.797825
5033 5068 5081 35.085892
4450 5029 5019 42.622616
5026 5019 5028 41.578056
5025 5028 5034 25.32736
4448 5029 5038 45.557602
5034 5081 5711 45.731491
5035 5711 5712 31.924322
5036 5712 5713 28.83717
4689 5038 5049 49.191273
4778 5049 5054 18.726126
4297 5054 5058 17.609131
4784 5054 5061 30.581722
4299 5058 5073 47.954109
4300 5073 5094 57.93457
4298 5058 5079 62.326385
4779 5049 5070 70.326485
5037 5713 5066 81.188354
4437 5066 5065 6.716094
4436 5065 5053 40.542789
4881 5053 5060 28.235937
5038 5060 5072 35.911934
4882 5053 5040 39.270817
4837 5060 5074 40.918072
4365 5074 5084 28.142178
4435 5065 5087 60.75016
4364 5087 5092 12.157546
4820 5019 5001 82.917824
4821 5001 5004 26.548555
5022 5004 5015 48.992424
5023 5015 5024 28.941765
5021 5004 5002 64.130669
4509 5002 4999 16.22468
5081 5002 5016 72.28672
5082 5016 5021 7.302827
4510 4999 5014 73.35965
4884 5014 5025 45.175716
4511 4999 4991 87.104057
4433 4991 4989 13.690274
4432 4989 4983 48.731346
4498 4983 4990 55.579029
4825 4991 4996 61.409225
4824 4996 4998 7.557057
4499 4983 4980 77.126678
4104 4980 4981 25.189512
4105 4980 4982 37.427437
4659 4982 4985 56.962292
4931 4985 4992 47.594456
5092 4981 4984 66.705788
5091 4984 4986 4.604553
5093 4986 4987 5.96277
4632 4985 4994 83.206299
4631 4994 4995 16.471405
4658 4995 5007 85.612747
4657 5007 5018 36.30658
4656 5018 5022 19.804804
5039 5072 5097 89.154716
4586 5097 5543 39.26376
4587 5543 5542 26.392729
4588 5542 5541 37.612988
4235 5541 5538 74.874634
4236 5538 5539 43.904861
4590 5539 5540 18.447596
4234 5538 5537 53.019039
4932 4992 5000 89.437187
4933 5000 5008 52.12513
4934 5008 5017 31.867592
5084 5017 5030 57.051559
5085 5030 5032 13.663103
5086 5032 5037 12.856503
5087 5037 5033 13.50993
4935 5017 5035 73.440979
4936 5035 5041 50.637215
4937 5041 5050 21.428503
4938 5050 5062 46.617306
4627 4994 5006 92.971672
4626 5006 5009 15.225533
4630 5009 5013 10.624482
4629 5013 5010 12.161157
4939 5062 5700 96.732834
4748 5682 5678 102.634033
4747 5678 5676 65.904228
38 5676 5677 13.299081
4970 5677 5679 76.50193
4969 5679 5680 4.280423
33 5679 5681 25.871616
4968 5680 5683 102.373947
4967 5683 4825 55.438786
4966 4825 4805 98.347771
4772 4805 4803 36.160221
4770 4803 4813 77.600212
4766 4813 4815 12.904495
4767 4815 4818 9.022378
4768 4818 4816 12.111735
4589 5539 5544 106.357971
4918 5544 5067 82.79303
4917 5067 5055 40.391651
4916 5055 5047 34.657001
4111 5047 5051 21.570055
4112 5051 5071 58.063011
4113 5071 5078 24.081591
4876 5078 5095 47.727345
4875 5095 5443 79.192192
4465 5078 5413 97.056419
4110 5047 5026 98.239929
4109 5026 5020 30.487301
4108 5020 5003 68.128441
4393 5003 5005 12.35452
4392 5005 5011 27.139025
4391 5011 5023 43.766567
4394 5003 4993 77.909927
4106 4993 4988 67.765762
4877 5026 5042 90.506073
4076 732 753 107.729935
4077 753 757 25.352556
233 757 766 37.756954
235 766 783 53.730247
236 783 794 35.405193
237 794 800 16.353386
238 800 821 60.748344
239 821 2633 52.003857
240 2633 2632 28.621534
241 2632 2634 38.784088
242 2634 2635 29.028637
397 2632 2631 50.24556
232 2631 2628 34.597378
231 2628 2630 19.601871
229 2628 2627 28.547241
230 2627 2626 14.031561
227 2626 2624 15.884041
226 2624 2625 13.700673
228 2627 2629 34.945984
396 2631 813 43.449936
225 2624 2623 44.845119
234 766 789 71.700798
3967 757 780 83.997673
5471 5820 5819 108.083588
5468 3800 5818 108.111038
4410 872 903 108.310974
4409 903 910 10.03125
4408 910 916 10.04022
5079 916 922 17.365856
4610 922 939 35.22311
4508 939 5662 42.888966
4506 5662 5661 42.523701
4505 5661 5660 50.515606
4502 5660 5658 36.126438
4501 5658 5657 16.630125
4500 5657 5659 26.675646
4609 939 5694 76.919617
5003 5694 5697 85.020798
4503 5660 5663 99.810555
200 2383 2386 108.334793
6035 687 663 108.669044
4655 5022 5043 108.770691
4851 5043 5057 49.560375
4958 5057 5063 21.181007
4852 5043 5059 53.967098
4853 5059 5077 54.755146
4854 5077 5550 57.798016
4855 5550 5091 37.386875
4608 5550 5549 53.896969
4606 5549 5548 33.38765
4251 5548 5547 22.59362
4249 5547 5546 54.905537
4250 5547 5090 55.467388
4957 5057 5076 59.046715
4856 5091 5069 60.240803
4245 5069 5083 44.889732
4244 5083 5093 19.686441
5001 5093 5553 47.994289
4243 5083 5545 49.350613
5002 5553 5551 53.413857
4377 5551 5552 50.799744
4378 5552 5209 47.731541
4949 5209 5206 10.782766
4948 5206 5214 25.127666
4947 5214 5704 7.302827
4943 5214 5701 9.629405
4944 5701 5702 13.574707
4945 5702 5703 15.664952
4376 5552 5554 51.080833
4375 5554 5555 15.975586
5020 5063 5086 60.849113
5019 5086 5710 47.39502
5018 5710 5709 18.241211
5017 5709 5708 33.439228
4653 5086 5137 48.9967
4611 5137 5136 7.015818
4430 5136 5130 33.312859
4612 5136 5146 48.520618
4246 5146 5157 19.937296
4247 5157 5167 29.037079
4248 5157 5172 46.013302
4613 5167 5188 68.321236
4956 5076 5177 69.20723
4955 5177 5169 16.120117
4954 5169 5165 12.40562
4953 5165 5180 34.442909
4952 5180 5184 26.131105
4285 5165 5151 38.137581
4284 5151 5140 39.337784
4838 5184 5196 44.179539
4951 5184 5080 75.438156
4704 5080 5096 43.006489
4701 5069 5044 83.42041
4431 5130 5120 87.941338
4535 5120 5125 26.004862
4536 5125 5128 39.149166
4422 5125 5131 70.672829
4418 5131 5142 59.082291
4419 5142 5149 18.693438
4420 5149 5155 12.111873
4421 5155 5153 12.904495
4116 5131 5144 63.024044
4117 5144 5174 81.110039
4283 5140 5127 88.894623
4665 5127 5121 49.464081
4666 5121 5118 52.200298
4428 5118 5122 57.999805
4667 5118 5110 66.342804
4427 5110 5104 49.365868
4426 5104 5103 46.611317
4425 5103 5101 56.009487
4424 5101 5099 35.818058
4423 5099 5100 28.359632
4997 5100 5102 31.29307
4114 5099 5098 57.489529
4755 5110 5117 66.322212
4754 5117 5124 70.969902
4998 5102 5106 81.479462
4999 5106 5113 93.392143
4242 5093 5253 100.579437
4241 5253 5251 14.043337
4637 5251 5255 20.223297
4638 5255 5263 16.177057
4639 5263 5277 43.769184
4640 5277 5287 46.922745
4240 5253 5272 51.533146
4239 5272 5276 12.580688
4636 5251 5240 95.552177
4452 5240 5246 32.799248
4878 5240 5226 71.111732
4840 5226 5234 48.006794
4841 5234 5238 20.147591
4842 5238 5239 8.551536
4843 5239 5241 5.532428
4879 5226 5222 82.239433
4528 5222 5220 20.338295
4880 5220 5217 83.695381
4120 5217 5216 34.083652
4121 5217 5219 71.656754
4524 5220 5225 93.651596
4525 5225 5228 11.701757
4526 5228 5232 15.65695
4527 5232 5230 10.341335
4119 5216 5218 95.057701
4691 5218 5221 26.659292
4118 5218 5211 29.926348
4390 5221 5223 58.892921
4388 5223 5224 29.894129
4387 5224 5227 11.063555
4389 5223 5229 47.530029
4384 5227 5237 63.63208
4383 5237 5244 25.028564
4386 5244 5245 13.746582
4690 5229 5243 77.712852
6562 5243 5249 77.443802
6558 5249 5252 16.154043
6557 5252 5258 10.484118
6559 5252 5269 40.445972
6560 5269 5265 14.998626
6614 5258 5273 43.744476
6556 5273 5275 8.001583
6551 5275 5278 12.592402
6552 5278 5280 14.124502
6716 5280 5288 27.88586
6550 5288 5291 19.987715
6545 5291 5293 14.310996
6546 5293 5295 7.370867
6549 5291 5297 29.753132
6548 5297 5299 11.51709
6555 5275 5281 33.83654
6554 5281 5284 13.158007
6717 5295 5302 45.539082
6698 5302 5308 16.00362
6540 5308 5313 19.058458
6539 5313 5316 14.998682
6543 5316 5323 27.551378
6542 5323 5320 11.567151
6544 5316 2615 84.674187
6830 2615 5991 60.618011
6806 2615 2605 68.919235
6805 2605 2595 57.751698
6820 2595 2599 17.54417
6819 2599 2601 22.291079
6818 2601 2603 15.975586
6591 2595 2588 53.514278
6590 2588 2583 46.842205
6757 2583 2578 30.899927
6720 2578 2574 58.50491
6756 2578 2587 68.021271
6804 2587 2598 74.756371
6803 2598 2607 53.23381
6765 2598 2610 69.415977
6569 2610 5923 61.883076
6725 5923 5924 72.075684
6724 5924 5926 15.604492
6726 5924 5927 38.179199
6727 5927 5931 26.395554
6728 5931 5932 16.614685
6729 5932 5928 28.628063
6701 5928 5925 35.941616
6638 5928 5933 37.77158
6767 5926 5930 41.982422
6690 5930 5934 26.378418
6691 5934 5936 32.694336
6782 5930 5935 41.881756
6781 5935 5937 30.579576
6780 5937 5939 9.554461
6779 5939 5940 31.951172
6702 5925 5929 50.575447
6639 5933 5938 53.261093
6657 5938 5941 48.898224
6721 2574 2581 74.874634
6722 2581 2577 41.688614
6589 2588 2600 76.534668
6807 2615 5946 85.105927
6587 5946 5945 53.001694
6808 5946 5947 89.493881
6632 5947 5948 55.249226
6809 5948 2616 58.541504
6810 2616 2608 51.449905
6626 2608 2611 26.848696
6627 2611 5990 49.086819
6625 2611 5952 59.91748
6653 2608 2596 72.315643
6652 2596 2590 40.694527
6811 5990 5213 73.785286
4177 5213 5190 76.007912
4178 5190 5186 9.785341
4905 5186 5175 39.240993
6593 5186 5205 65.451569
6592 5205 5460 41.110542
6731 5460 5459 14.013636
4176 5175 5194 73.836601
6624 5952 5951 81.229485
6623 5951 5950 27.705067
6622 5950 5949 22.154741
6621 5949 5328 64.119736
6620 5328 5314 67.298416
6619 5314 5307 23.127182
6618 5307 5304 13.216464
6628 5307 5317 37.201248
6617 5304 5292 59.730183
6616 5292 5286 31.697786
6630 5317 5330 66.558472
6629 5330 5333 24.950357
6684 5333 5987 68.045914
6683 5987 5986 26.400673
6761 5292 5306 70.450912
6700 5317 5332 88.982552
6669 2590 2579 89.661209
6596 2579 2580 6.979262
6595 2580 2586 32.183155
6812 2586 2589 36.482422
6668 2586 2592 70.322479
6667 2592 2594 14.811115
6670 2579 2569 85.473732
6707 2569 2561 50.784794
6821 2561 2575 76.76664
6708 2561 2556 79.427277
6802 2607 5954 95.374832
6640 5954 5953 63.303303
6641 5953 5955 97.271278
6822 2575 2585 97.50531
6823 2585 2593 76.413589
6588 2600 2614 102.161591
4451 5246 5267 105.616814
6648 2589 2602 106.414673
6649 2602 2609 21.951704
6813 2609 2613 31.490953
6814 2613 5457 104.030746
6660 5457 2604 82.549927
6594 2604 2622 73.807373
224 2622 2621 85.435005
223 2621 2620 54.420811
222 2620 2619 63.402763
6723 2577 2562 107.379585
6710 2562 2570 32.952114
6709 2570 2582 97.64061
6730 5459 5461 107.603004
4175 5194 5200 108.87455
4174 5200 5197 15.433539
4189 5200 5456 62.061699
4191 5456 5458 69.45665
4173 5197 5176 81.941544
4172 5176 5141 93.117279
4171 5141 5161 56.405308
4170 5161 5171 33.01973
4168 5171 5181 24.104765
4169 5181 819 44.260319
4167 819 808 39.695099
4166 808 799 23.204424
4165 799 796 7.277785
4463 5171 5158 44.561352
4164 796 781 44.781101
4163 781 777 11.1201
4193 777 787 32.95245
4185 799 814 46.43676
4186 814 816 12.739488
4187 816 823 11.237261
4188 823 818 11.259172
4190 5456 5453 109.057137
4192 5453 5454 21.340065
6602 5454 5455 18.693438
4183 5453 5452 89.033951
4574 919 877 109.242195
4750 877 869 31.852757
4703 5080 5046 109.254601
3655 1787 4954 109.292671
6295 619 643 109.663658
6296 643 655 50.619362
939 3036 3033 109.928574
940 3033 3028 14.894175
4282 5140 5179 110.133163
4675 5179 5199 87.211823
4663 5199 5202 6.156768
4664 5202 5208 12.748566
4910 5100 5105 110.236938
4295 5105 5107 28.943394
4909 5105 5109 37.945076
4908 5109 5111 28.41736
4907 5111 5114 39.617214
4223 5114 5116 4.61971
4296 5107 5112 48.567066
4221 5116 5123 64.845993
4287 5123 5135 106.433846
4286 5135 5147 54.909737
2403 301 341 110.558922
1379 341 348 13.619306
1378 348 3829 20.711037
1377 348 3863 38.591576
1376 3863 3850 63.178471
1375 3850 3842 24.232809
1374 3842 3862 77.25499
1373 3862 3873 61.624542
1372 3873 3878 24.93173
1371 3878 3884 23.207048
1400 3842 3831 77.310577
1399 3831 3822 91.860199
1424 3822 3826 27.762568
1507 3826 3830 42.471535
1504 3826 3834 80.519127
1505 3834 3839 44.357124
1477 3834 3843 66.791519
1476 3843 3861 69.535622
1398 3831 3846 92.210297
1475 3861 235 103.97403
1352 235 223 24.305311
1370 235 3692 39.719345
1270 3692 222 39.731991
1269 222 213 33.674294
1369 213 210 8.551238
1368 210 200 38.854267
1508 213 232 51.109406
1272 232 3688 32.972084
1273 3688 3689 38.695957
1349 3689 3690 13.431497
1348 3690 3691 21.90868
1351 223 209 56.181618
1353 209 217 45.313847
1354 217 3849 46.583668
1355 3849 3853 20.03009
1479 3849 3838 54.009766
1480 3838 3836 19.376703
1709 3836 3828 54.380123
1356 3853 3852 57.27441
1357 3852 3841 45.838566
1358 3841 3837 25.900942
1710 3828 3824 60.657803
1711 3824 3821 46.848042
1510 3821 3820 25.011486
1712 3824 3827 48.941288
1633 3827 3832 51.492317
1634 3832 3840 48.669922
1635 3840 3844 29.721189
1313 3844 3854 30.270016
1311 3844 3859 54.46154
1312 3854 3866 57.57489
1314 3854 3867 58.091446
1431 3867 3869 11.122973
1432 3869 3877 48.680988
1509 3820 3813 66.522873
1700 3813 3810 42.966244
1701 3813 3814 44.421658
1316 3814 3817 51.964611
1315 3817 3819 7.894684
1751 3810 3809 63.033928
1750 3809 3807 39.347595
15 3807 3806 19.894999
1297 3806 3808 22.538082
1636 3877 3568 66.522873
1511 3820 3825 79.613853
5387 3691 3693 82.093201
5385 3693 3694 8.154408
5386 3693 3695 12.111873
1367 200 183 83.79026
1364 183 186 10.654545
1366 183 172 49.376797
1582 172 182 44.932983
1583 182 187 15.300323
1581 182 188 18.823545
1585 188 192 15.462481
1586 172 161 73.759827
1613 161 151 43.744541
5384 151 142 42.83469
1614 161 168 46.69574
1612 168 170 21.116001
1615 168 175 41.349804
5383 142 135 53.628128
5382 135 132 41.165154
5381 132 130 32.388126
5626 130 131 11.063555
5641 130 133 37.250031
5640 133 140 60.658314
5426 140 145 45.301884
5422 145 148 8.001946
5421 148 150 18.379911
5425 150 155 18.524397
5424 155 152 17.888765
5639 140 147 49.845428
5638 147 158 58.241322
5454 158 166 40.332867
5455 166 176 57.961414
5456 176 181 28.059607
5593 142 157 73.954048
5592 157 169 72.459389
5420 169 174 22.291504
5419 174 179 41.239502
5457 181 189 77.842545
5458 189 171 75.649994
5589 171 165 38.748199
5590 165 160 33.110672
5624 160 146 66.567711
1363 186 202 80.705536
1362 202 220 68.86174
5418 174 195 89.084961
5668 3694 3696 95.802116
5667 3696 3697 48.61348
1296 3568 3549 98.239006
1295 3549 3541 41.105782
1294 3541 3529 68.224937
1291 3529 3527 16.784178
1293 3529 3535 29.692902
1292 3529 3538 63.052326
1543 3535 3545 64.692635
1289 3545 3546 4.471805
1288 3546 3548 52.810749
1287 3548 3542 36.038086
1286 3542 3534 44.952156
1285 3534 3532 17.833252
1283 3532 3531 5.819592
1284 3532 3537 49.214748
1282 3531 3525 50.245331
1281 3525 3522 45.357998
1280 3522 3521 5.144778
1279 3521 3523 11.422748
1443 3537 3550 54.815205
1549 3550 3556 29.888903
1548 3556 3558 10.359525
1547 3558 3560 42.572273
1546 3560 3557 9.584509
1630 3557 3566 46.408375
1631 3566 3966 40.585041
1417 3538 3553 66.099815
1401 3553 3561 45.241924
1482 3561 3897 65.406105
1402 3897 3893 64.27977
1403 3893 3888 59.506233
1404 3888 3887 32.225475
1405 3887 3875 76.894478
1406 3875 3858 82.994476
1407 3858 3857 4.896953
1408 3857 3848 38.878265
20 3848 3851 10.663868
19 3857 3874 81.339333
1421 3874 3883 45.025581
1420 3883 3886 32.912014
21 3848 3833 82.003647
2238 3833 3835 4.25843
2240 3835 3847 72.304031
2241 3847 3860 57.659374
2242 3860 334 66.177246
18 3833 3845 75.549019
2449 3845 3855 34.330189
2389 3855 3856 4.278169
2388 3856 3864 39.785984
2384 3856 3868 55.485947
2385 3868 3870 17.750193
2386 3870 3872 9.1195
2387 3872 3871 15.216698
2243 334 306 82.626137
2336 306 292 35.265339
2522 306 328 66.831902
2521 306 335 84.875153
2520 335 4233 49.772144
16 3521 3528 85.082039
1590 3528 3530 14.64393
1591 3530 3536 37.008953
1391 3530 3543 80.879669
1392 3543 3555 56.644833
2308 3555 4335 70.908768
1393 3555 3901 73.042099
1678 3536 3551 82.135002
1383 3551 3563 53.063568
1384 3563 3925 51.860359
1385 3925 3926 40.912155
1386 3926 3927 43.322781
1387 3927 3928 47.278683
1388 3928 3929 40.214603
1389 3929 3930 24.770824
1390 3929 3931 30.487354
1597 3931 3932 57.160252
1598 3932 3933 49.141972
1599 3933 3934 49.625828
1600 3934 3935 29.229481
1382 3551 3539 62.8246
1381 3539 3533 40.318798
1604 3533 3540 43.272938
1692 3540 3547 34.442665
1680 3547 3554 30.97934
5147 3935 3936 66.370415
1596 3930 3565 73.730194
1595 3565 3562 24.754911
1594 3562 3559 17.436132
1593 3559 3544 63.584023
2307 3845 3865 85.813812
2302 3865 3876 59.332527
2303 3876 3880 16.542728
2304 3880 3885 16.580418
2305 3885 3882 16.058125
2306 3865 3879 71.39534
1605 3533 3524 91.182533
1693 3524 3520 34.762291
1278 3520 3526 60.530865
1694 3520 3517 72.117088
1695 3517 3514 30.093506
1696 3514 3512 36.326939
1697 3512 3509 58.287285
1587 3509 3508 15.4083
1588 3508 3507 7.802002
1698 3507 3503 63.745266
2354 3879 3889 92.299454
2353 3889 3894 55.729004
1416 3527 3519 93.916473
1550 3550 3569 94.617851
1419 3886 3892 94.648964
1541 3892 3896 48.033829
1540 3896 3898 10.807783
1542 3898 3899 3.715088
1545 3561 3552 97.130852
1589 3509 3515 98.435043
2462 3894 3900 100.442024
2415 3900 3902 42.730354
2414 3902 3904 23.353203
2265 3904 3906 59.9814
2416 3902 3905 60.761013
2417 3905 3909 64.784515
2418 3909 3912 45.992607
2263 3906 3913 92.288078
2262 3913 4228 91.038429
2261 4228 4225 78.978462
2260 4225 4226 15.909783
2259 4225 4227 39.535625
2393 4227 4229 45.058601
2394 4229 4230 25.203056
2395 4230 4231 17.657621
2396 4231 343 35.637581
2495 343 4344 45.229416
2494 4344 338 54.636261
2493 338 325 38.817219
2492 325 311 38.880833
2491 311 296 37.3251
2398 296 320 61.727222
2399 296 278 75.881584
2372 278 288 49.766811
2373 288 308 56.116787
2370 308 317 20.578112
2391 308 332 73.215965
2390 332 4336 93.646149
2374 278 259 95.228149
2327 259 257 5.210911
2326 257 254 7.77901
2371 317 352 97.912827
2332 352 4269 101.800407
2331 4269 4268 45.124966
2330 4268 4265 63.148994
2329 4265 4258 31.403368
2328 4258 4254 41.239502
2323 4254 4261 97.0243
2322 4261 4256 48.046787
2321 4261 4267 53.265419
2515 4256 4245 96.314308
2516 4245 4239 72.039078
2517 4239 4237 43.309391
2518 4237 4234 52.861519
2519 4234 4232 48.411705
2382 4237 4240 63.621574
2381 4240 4242 25.591005
2272 4242 4244 12.976231
2267 4244 4247 49.566715
2268 4247 4249 11.925768
2269 4249 4252 18.75774
2270 4252 4251 15.97583
2271 4244 4250 65.44117
2448 4250 4253 31.047119
2445 4253 4257 42.860203
2444 4257 4260 14.44246
2447 4260 4263 14.489502
2438 4232 4235 66.543724
2437 4235 4238 60.535927
2436 4238 4243 69.865852
2435 4243 4248 57.61166
2434 4248 4255 52.04134
2433 4255 4262 54.99263
2469 4250 4259 79.012657
2470 4259 4264 20.757212
2380 4253 4266 79.842751
2319 4237 4241 84.311325
2318 4241 4246 61.958633
2461 4255 3917 100.186722
1422 3503 3510 104.315704
1321 3510 3513 57.812378
1423 3510 215 80.784416
1322 3513 3518 85.849121
1324 3518 3516 59.740658
1323 3516 3511 62.874702
1394 3901 3895 105.159462
1395 3895 3890 72.02626
1396 3890 3881 99.252304
2239 3833 3823 106.286255
1361 220 3924 107.025635
1360 3924 228 67.258141
1753 228 203 82.207802
1754 203 185 88.095612
1329 185 180 9.527202
1328 185 191 22.352018
1330 180 173 42.38942
1331 173 167 30.60714
1332 167 164 13.893199
1333 164 159 37.934544
1334 159 162 12.769719
1317 191 199 53.438084
1318 199 211 43.844151
1319 211 226 48.716118
1527 164 177 62.476898
1327 191 205 69.097153
1326 205 214 36.52417
1430 199 216 72.61235
1426 216 221 9.593078
1427 221 231 17.987017
1428 231 225 15.117816
5453 158 178 107.072289
5452 178 196 73.354836
5451 196 198 21.90868
5450 198 218 86.479355
5449 218 5804 43.158566
5448 5804 5803 13.325143
5447 5803 5802 28.761343
5446 5802 5801 28.761152
5445 5801 5800 31.579834
5444 5800 5799 31.766293
5443 5799 5798 22.049023
5442 5798 5797 23.49189
5441 5797 5796 35.223522
5561 5804 5805 71.39698
5562 5805 5806 26.247591
5563 5806 5807 70.280075
5564 5807 5808 17.070131
5565 5808 5809 68.598869
5566 5809 5810 12.856664
5567 5810 5811 15.859105
5568 5811 5812 28.059607
5569 5812 5813 28.243483
5570 5813 5814 8.685364
5571 5814 5815 64.485695
5572 5815 5816 28.568064
5573 5816 5817 19.736446
1529 3807 3811 109.973061
1528 3811 3812 17.548439
1530 3811 3818 95.423065
6307 656 635 110.676453
4507 5662 5664 110.9235
773 3085 3103 111.041245
2288 2060 2077 111.078178
203 2383 2387 111.148697
884 2981 2965 111.512764
771 3085 3079 111.699883
4444 5676 4828 111.922852
4443 4828 4810 80.857025
4746 4810 4806 34.023964
4497 4810 4822 54.893177
4495 4822 4829 49.37429
4494 4829 5495 49.458099
4493 5495 5493 60.049763
4492 5493 5491 9.801411
4491 5491 5490 11.453613
4490 5490 5480 57.727398
4486 4829 5475 62.400967
4488 5475 5472 18.238773
4487 5472 5470 45.7346
4579 5475 5479 56.706413
4745 4806 4798 67.989258
4227 5470 5466 77.48349
4225 5466 5467 27.273159
4226 5466 5468 53.794636
4269 5468 5469 19.175383
4268 5469 5474 64.686363
4267 5474 5477 19.934853
4266 5477 5481 61.226204
4264 5481 5484 26.847565
4265 5481 5476 56.910782
4301 5476 5471 38.967491
4302 5471 5473 17.357635
4303 5473 5478 34.01643
4304 5478 5482 52.75972
4305 5482 5485 28.252272
4306 5485 5492 33.612099
4318 5492 5494 29.695068
4836 5478 5483 56.409855
4833 5483 5486 28.557514
4831 5486 5487 8.77391
4834 5487 5489 4.604553
4832 5486 5488 9.68845
4319 5494 5497 73.230827
4320 5497 5499 54.257935
4404 5499 5500 30.395397
4403 5500 5502 21.212227
4400 5502 5504 5.342244
4399 5504 5507 18.238056
4402 5507 5506 14.81917
5062 5499 5501 36.498554
5063 5501 5503 16.24922
5064 5503 5505 16.544115
5065 5505 5508 42.941097
4991 5508 5509 48.680378
4442 5509 5511 20.016771
4992 5509 5512 39.467003
4366 5512 5515 40.366337
4898 5508 5510 57.510834
4899 5510 5513 52.84428
4441 5510 5514 58.117432
4512 5514 5516 57.997295
4368 5515 5518 67.929405
4369 5518 5522 41.634975
4370 5522 5532 62.174324
4371 5532 5529 28.252312
4372 5529 5521 60.676376
4900 5513 5517 69.314163
4367 5515 5520 74.578659
4993 5520 5525 55.438786
4994 5525 5527 12.111735
4901 5517 5524 77.140892
4307 5492 5496 79.805008
4308 5496 5498 38.510036
4309 5498 942 51.38203
4311 942 938 4.681031
4310 942 5519 22.934797
5108 5519 5523 50.898926
4922 5523 5526 19.603342
5107 5523 5528 23.683983
5106 5528 5530 19.319336
5105 5530 5531 7.26877
5102 5531 5533 9.805184
5104 5531 5534 13.431497
4921 5526 5535 45.814941
4919 5535 5536 15.845843
6713 2562 2554 112.087769
6711 2554 2553 3.95976
6842 2553 2560 88.836327
6841 2560 2572 62.256554
6613 2572 2566 63.261238
6612 2566 2568 13.17159
6840 2568 2576 59.274055
6758 2553 2550 99.807381
6600 2550 2548 43.707493
6611 2566 2557 108.83934
6598 2557 2563 97.610954
1265 159 139 112.351311
1267 139 144 40.854809
1266 139 134 50.648994
1607 134 136 35.159912
1606 136 137 6.343567
1619 137 141 38.05706
1608 136 143 50.596725
1609 143 149 24.31613
1610 149 154 32.116142
1268 144 156 54.40855
1618 141 153 55.141598
1617 153 163 45.508507
2529 254 242 112.589996
2338 242 253 108.255424
6568 5923 5922 112.654335
952 3090 3104 112.764702
951 3104 3089 100.796509
989 3089 3096 49.770008
988 3089 3081 108.3312
839 3081 3077 42.878159
838 3077 3078 22.132399
1192 3078 3082 49.773335
1034 3082 3084 48.269527
1033 3084 3086 23.793188
1032 3086 3099 76.691177
837 3077 3073 77.813301
836 3073 3071 38.156445
835 3071 3070 5.670002
834 3071 3074 78.780922
833 3070 3068 100.782791
710 3068 3067 20.22333
809 3068 3069 29.074034
811 3069 3072 97.972321
813 3072 3076 77.732475
1035 3084 3101 110.878044
1193 3101 3111 70.676239
1195 3111 3115 34.915241
1194 3111 3116 43.102234
1242 3116 3123 35.280308
1241 3123 3131 56.02
1113 3131 3135 40.695049
1168 3135 3137 14.86084
1167 3137 3139 44.583008
1240 3139 3145 41.827011
847 3145 3148 35.723141
845 3148 3151 53.156853
1038 3116 3122 75.769897
992 3122 3120 8.193799
1037 3122 3127 29.091417
993 3120 3126 30.541069
996 3126 3130 30.140615
1206 3130 3133 34.513695
1218 3130 3134 35.7878
991 3120 3114 45.326172
744 3134 3138 50.827393
846 3148 2812 76.923492
702 2812 3066 65.068207
1166 3137 3144 80.484039
994 3115 3129 87.65078
1108 3154 3146 112.838676
1028 3021 2995 113.002129
1275 215 193 113.192589
1276 193 190 5.989491
1665 190 208 82.222916
1664 208 230 69.846924
1663 230 3500 14.144067
1662 3500 3498 17.750294
1661 3498 3497 33.088867
1660 3497 3495 17.15521
1340 3497 3499 49.873165
1339 3499 3502 46.607517
1338 3502 3505 32.392273
5950 685 345 113.501701
6042 345 5896 38.81699
6287 5896 5897 83.115028
6317 1344 1365 113.5336
1434 3541 3564 113.599602
1214 2984 3006 114.000946
1213 3006 3011 13.325143
1212 3011 3015 15.825425
1211 3015 3019 24.812824
963 3019 3024 25.177547
964 3024 3027 27.402451
2530 254 280 114.56971
2340 240 238 114.671211
42 238 239 64.192543
6041 1397 1413 114.776871
4817 5158 5129 114.839737
4270 5129 5138 58.603237
4204 5138 5139 5.342006
4271 5138 5148 36.791565
4272 5148 5160 30.732111
4203 5139 5150 38.166161
4215 5150 5154 5.894722
4216 5154 5156 4.681031
4214 5156 817 29.461121
4205 5139 5152 40.413761
4206 5152 5163 36.415195
4207 5163 5168 10.733225
4208 5168 5182 39.093193
4209 5182 5185 13.150635
4213 817 806 42.563744
4273 5160 5143 43.910751
4274 5143 5132 54.810276
4220 5163 5189 74.242935
4219 5189 5192 15.975586
4218 5192 5198 28.846436
4217 5198 5207 18.749722
4464 5156 5183 83.066589
4411 5183 5191 24.773193
4412 5191 5193 17.75009
4413 5191 5204 49.74181
4260 5204 5210 15.154616
4259 5204 5557 39.058502
4414 5210 5642 40.328682
4415 5642 928 47.563232
4258 928 918 28.422798
4257 928 945 35.500385
4256 945 5556 24.362158
4398 5204 5641 54.208778
4858 918 894 61.179226
4776 894 920 69.902908
4777 920 929 24.401096
4774 920 931 26.432463
4773 931 933 4.108857
4775 933 943 12.772083
4976 929 5675 51.46846
4733 5675 5674 31.718895
4732 5674 5201 83.671593
4731 5201 5187 61.991779
4275 5132 5119 104.715218
5511 3696 3700 115.377052
5512 3700 3703 73.466766
1274 134 128 115.379478
40 128 126 60.918823
47 126 129 102.685822
4676 5179 5212 115.531693
4677 5212 5673 46.203125
1425 3822 3816 115.814583
2401 3816 3815 6.203155
2936 959 951 115.869545
3170 965 985 115.908157
3427 985 1008 76.39122
2937 985 1009 76.928925
2938 1009 1003 26.170309
2939 1009 1020 51.941891
2967 1020 1028 29.697149
3426 1008 1032 93.408821
3058 1003 977 96.764336
2689 977 982 23.022329
3060 977 995 63.944252
3061 995 999 15.344083
3062 995 1000 19.179068
3063 1000 1004 14.063704
3081 1003 1034 108.503036
3425 1032 1056 109.208336
2966 1028 1053 115.905579
4194 787 5215 116.13031
4179 5215 5203 32.3806
4180 5203 5463 52.201706
4156 5203 809 66.24411
4157 809 792 43.778137
398 792 782 31.990973
399 782 773 33.224281
400 773 760 44.235096
401 760 750 46.105396
402 750 748 15.526408
403 748 745 13.175277
404 745 742 13.003418
405 742 740 15.097508
406 740 736 14.974639
408 736 727 61.249264
428 727 724 26.113602
278 724 720 44.458324
280 720 726 68.198471
281 726 733 43.984539
4195 5463 5464 86.502747
6658 5464 5465 11.842106
307 736 755 90.677864
289 755 769 61.791714
288 769 788 78.588394
283 788 765 79.338722
284 765 774 34.444077
427 724 738 95.031342
287 769 804 104.155548
244 804 2636 92.520798
243 2636 2637 12.019508
245 2636 2638 32.162598
246 2638 2639 40.263565
296 2639 2640 51.540478
4155 809 779 110.609535
5993 668 652 116.191666
6091 652 657 51.101288
5490 5832 5833 117.53875
2333 4269 4273 117.768661
2369 4273 4274 16.648399
2368 4274 4276 37.63343
36 4276 4278 31.746073
2367 4276 4282 105.792038
5397 4900 4901 118.224617
5396 4901 4902 46.530918
5395 4901 4903 71.023537
5394 4903 4904 21.177246
5393 4904 4905 17.915878
5392 4905 4906 34.667931
5391 4906 4907 65.054024
5390 4907 4909 55.135036
5389 4909 4910 49.932037
5388 4910 4911 47.963207
3064 1004 1037 119.815086
6647 2602 5462 119.918419
6650 5462 2618 36.536869
2528 242 256 120.042007
2526 256 265 49.203926
6451 2089 2097 120.924858
6450 2097 2087 42.829273
5479 3705 3715 121.604492
4996 869 911 122.427902
4382 911 944 71.008926
4381 944 5688 87.205345
5050 5688 5689 28.795486
5051 5689 5690 14.746505
5052 5690 5691 26.392624
5053 5691 5692 57.203903
5054 5692 5693 16.120117
5055 5693 5695 57.727207
5056 5695 5696 16.924038
5057 5696 5698 40.60202
5968 1267 1314 122.517418
6361 1314 1310 41.029289
5148 3936 3938 122.801079
5150 3938 3939 7.858466
5149 3938 3941 80.029892
5206 3941 3945 90.446831
5205 3945 3948 77.641708
5204 3948 3951 56.457676
5203 3951 3953 31.412121
1112 3131 3142 123.969528
1494 3554 3583 124.89241
1493 3583 3580 63.604664
1681 3580 3578 31.642057
1682 3580 3581 33.369164
1492 3578 3582 88.421104
1686 3578 3577 116.10675
1687 3577 3576 23.406006
1688 3576 3575 122.366631
1677 3575 3571 118.628624
1262 3571 3570 49.845634
1263 3570 3572 63.118214
1676 3571 3573 67.417847
1689 3572 3574 102.491371
4537 5128 5159 125.319313
4538 5159 5166 27.332611
1102 986 1019 125.637581
2524 3879 3891 125.933708
5921 4278 4286 126.778008
5919 4286 4289 53.690769
6193 4289 4294 83.394783
5916 4289 681 86.217018
4440 938 885 127.431244
4681 885 879 18.301666
4439 879 867 86.502235
4438 867 858 25.360209
4134 858 863 16.434992
4135 858 854 18.330639
4624 854 853 12.313153
4133 863 871 18.697361
4728 871 882 47.511719
4714 882 900 51.12524
4712 900 907 18.944164
4678 871 884 54.443035
4132 884 898 37.566067
4131 898 913 29.797756
4130 913 924 29.401522
4622 924 5672 75.490219
4621 5672 5671 56.595493
4623 924 1549 76.924217
4706 1549 1550 62.051937
4707 1550 1552 28.679533
4708 1552 1553 32.191227
4709 1553 1555 48.446941
4710 1555 1556 35.696644
4713 900 937 80.50058
4129 1549 1546 86.32634
4128 1546 1544 18.205078
151 1544 1539 42.190533
153 1539 1540 0.848633
4397 1540 1541 4.666504
152 1539 1542 31.668911
4127 1542 1543 10.063746
154 1539 1545 47.670097
4984 1545 1548 37.122883
4396 1541 1547 63.658955
4915 879 855 87.146179
4990 855 865 36.550453
4989 865 876 39.477448
4986 876 881 18.615732
4985 881 888 11.507929
4988 888 891 8.939392
4987 891 896 25.671576
4914 855 847 49.741512
4913 847 839 66.203308
100 839 833 68.408211
99 833 841 92.142578
4680 885 923 94.967262
4797 841 857 103.086662
4795 857 878 75.910133
4796 857 892 108.609039
4906 5175 5134 127.551804
4848 5134 5145 49.120476
4847 5145 5162 50.296791
4845 5162 5170 19.598249
4844 5170 5173 6.428149
4846 5173 5178 7.82618
4849 5145 5164 53.883839
743 3138 3150 127.607597
6 3150 3156 78.55722
2926 3156 3163 65.657822
2925 3163 3168 32.869984
2927 3163 3170 35.024902
2928 3170 3178 52.649765
2929 3178 4693 43.904934
3404 3168 3181 80.283546
3402 3181 3336 54.986736
757 3150 3157 86.233124
756 3157 3161 13.663103
945 3161 3165 63.538502
946 3165 3173 29.560452
712 3173 3180 52.761066
713 3180 3182 15.735336
714 3182 3184 13.15564
715 3184 3187 29.115658
716 3187 3186 21.674456
711 3180 3185 69.661888
718 3186 3188 75.294235
717 3186 1060 93.722176
947 1060 1051 37.94836
1200 1051 3332 60.35603
1199 3332 3331 18.328228
948 1060 3309 83.897774
761 3309 3308 52.126415
760 3308 3172 92.39418
759 3172 3176 51.017761
933 3172 3162 70.602005
868 3162 3160 22.767349
869 3160 3155 39.507687
790 3160 3166 65.135956
791 3166 3169 13.505586
792 3166 3171 18.417553
793 3171 3174 14.736612
795 3162 3177 93.308876
796 3177 3311 103.735283
797 3311 3312 100.019234
106 3331 3333 115.723495
2793 3333 3334 66.875916
2791 3334 3335 48.380489
4122 5219 5231 128.757736
4555 5231 5233 19.581446
4554 5233 5235 18.29158
4553 5235 5236 10.253024
4552 5236 5247 42.001709
4650 5247 5248 43.872673
4551 5248 5254 34.964535
4548 5254 5257 5.944824
4549 5257 5261 5.944336
4550 5261 5264 8.17334
4617 5231 5242 65.787361
4893 5247 5256 82.751839
4892 5256 5260 6.202649
4891 5260 5266 13.999146
4890 5266 5268 22.291504
4649 5248 5271 83.590843
4648 5271 5274 7.557132
4616 5242 5250 86.53701
4615 5250 5259 24.629732
4238 5259 5270 34.074184
4700 5259 5279 67.899689
4699 5279 5285 30.799242
4698 5285 5294 41.77824
4697 5294 5303 52.313351
4696 5303 5301 74.193695
4729 5301 5282 89.678467
4647 5282 5262 84.121071
4646 5262 5283 84.778641
4661 5283 5289 13.818458
4662 5289 5296 38.35104
4716 5296 5305 55.040974
4643 5305 5309 7.380591
4644 5309 5311 10.173261
4819 5305 5325 67.914841
4765 5283 5298 70.005463
4520 5289 5300 70.178642
4515 5300 5315 62.245628
4514 5315 5319 13.68973
4518 5319 5324 14.819282
4517 5324 5321 12.111804
4519 5300 5318 69.615517
4237 5318 5326 34.511452
4660 5318 5331 70.063622
4715 5296 5312 72.946152
4695 5301 5327 107.229561
4124 5282 5310 120.556595
4125 5310 5322 45.132423
4126 5322 5329 40.91935
4571 5329 5667 42.041454
4570 5667 5666 56.957333
4557 5329 5381 116.669052
4200 5381 5397 108.334572
4199 5397 5407 49.769436
4605 5407 5416 70.969368
4604 5416 5427 68.745651
4558 5381 5372 122.323837
4559 5372 5366 120.042053
4560 5366 5360 74.153877
1250 2978 2997 128.846893
3065 1037 1063 129.518814
3066 1063 4712 51.64209
3067 4712 4713 50.051582
3068 4713 4714 30.816509
3069 4714 4715 76.862633
3070 4715 4716 91.823845
194 4716 4717 33.10767
5109 4717 4718 80.854553
1075 3010 3005 129.717697
1044 3005 2989 82.289047
1043 2989 3001 62.510895
1172 3001 3023 92.872795
1171 3023 3025 14.643689
1170 3025 3031 18.205078
1042 3001 3026 111.937485
1041 3026 3037 30.30479
816 3037 3194 106.426773
814 3194 3197 114.033882
2490 4229 4236 129.747528
5207 3939 3943 130.026352
5152 3943 3944 4.724789
5153 3944 3947 78.949272
5154 3947 3950 58.542645
5262 3950 3952 30.188967
5261 3950 3954 110.358299
5278 3954 3955 8.684887
5279 3955 586 8.908691
5280 586 584 14.431985
5277 3954 3956 36.419579
5276 3956 3957 40.601215
5275 3957 3958 24.009029
5274 3958 3959 11.252306
5273 3959 3960 22.43446
5272 3960 3961 18.264055
5271 3961 3962 24.463926
5270 3962 3680 41.09845
5269 3680 3675 42.431026
5268 3675 3677 12.834401
5281 584 578 43.139244
5282 578 567 48.048527
5220 3675 3665 103.526077
5221 3665 3660 70.264679
5290 3660 3656 48.38409
5338 3656 3655 22.112366
5227 3655 3650 38.043545
5226 3650 3647 33.16338
5228 3650 3640 47.315384
5236 3640 3639 4.937109
5234 3639 3630 57.159111
5233 3630 3623 42.161091
5287 3623 3626 26.780149
5223 3623 3632 52.075916
5224 3632 3638 38.675911
5323 3638 3641 20.45911
5339 3641 3646 20.444519
5322 3638 3644 26.34322
5340 3646 3651 29.134735
5286 3623 3613 58.742043
5201 3613 3612 6.641166
5212 3612 3607 58.043873
5187 3607 3604 18.07007
5222 3665 3672 79.341446
5306 3672 3679 57.869164
5253 3672 3682 70.708771
5229 3682 5768 36.326241
5230 5768 5769 28.712467
5252 3682 5772 51.492199
5231 5769 5770 83.148216
5232 5770 5771 37.045322
5188 3604 3601 89.204582
5193 3601 3599 32.801857
5266 3599 3596 55.632595
5265 3596 3594 57.99976
5208 3607 3614 95.6782
5209 3614 3616 6.466201
5210 3616 3619 10.387079
5211 3619 3622 5.962884
5283 567 541 110.191551
5145 541 538 9.210894
5156 541 554 44.093132
5146 538 530 70.492165
5141 530 520 80.635902
5144 538 557 85.675865
5143 530 519 109.961998
5368 519 522 41.996082
5369 522 526 13.533738
5200 3613 3633 113.32457
5183 3633 3628 86.6558
5184 3628 3618 42.565922
5185 3618 3615 13.909141
5182 3628 3629 47.837437
5199 3629 3624 22.059082
5198 3624 3620 18.070482
5197 3620 3617 10.550135
5196 3617 3610 69.436378
5195 3610 3608 14.031519
5142 530 555 124.451401
5178 555 581 130.573257
5177 520 502 131.654404
5176 502 496 98.380302
5136 496 492 72.020111
5137 492 489 34.871727
5138 489 484 75.992714
5139 484 482 20.799902
5359 482 483 16.347168
5360 483 485 13.356646
5361 485 486 39.204266
5362 486 487 10.713427
5363 487 490 18.283737
5364 490 493 40.784863
5365 493 495 45.116421
5366 495 498 54.006454
5140 482 479 97.265015
1949 479 481 59.007938
1950 481 488 122.422203
2007 488 494 61.631138
1951 488 497 122.176086
2009 497 499 57.240242
2010 499 500 23.787455
2011 500 503 23.787455
2012 503 504 18.600864
2013 504 505 8.025276
2014 505 509 27.167255
2015 509 513 18.796175
2016 513 514 33.065796
2017 514 531 113.462387
2027 531 536 75.620766
2028 536 556 84.076263
2030 556 569 77.334511
2029 569 573 21.585999
2032 573 576 16.543945
2046 531 549 99.772217
2045 549 565 65.779167
1975 556 580 124.328407
1974 580 585 32.657101
1971 585 4141 14.58857
1972 4141 4142 10.849172
1973 4142 4143 10.849172
3656 4954 4955 131.988327
6401 249 274 132.562302
6682 5954 5956 132.564774
6680 5956 5957 30.521267
6679 5957 5961 91.764221
6832 5961 5963 30.329535
6833 5963 5965 29.529896
6834 5965 5967 29.944513
6835 5967 5970 25.028687
6775 5961 5964 51.262867
6774 5964 5968 50.079311
6773 5968 5972 56.537289
6696 5964 5971 91.093361
6694 5971 5973 46.033855
6695 5973 5974 5.418854
6697 5971 5975 67.26207
6677 5975 5979 73.386757
6676 5979 5981 32.409054
6769 5981 5982 19.353714
6770 5981 5980 99.392754
6771 5980 5977 46.739208
6678 5979 99 111.972633
6740 99 91 29.348322
6739 91 85 37.7565
6816 85 77 69.227882
6738 85 102 72.534554
6737 102 109 43.230259
6718 99 5984 84.96698
6688 5984 5985 58.415359
6736 109 2565 86.797684
6681 5956 5960 117.228653
6801 5960 5962 27.775852
6815 5960 5966 70.480774
6796 5962 113 71.23233
6746 113 107 17.511612
6744 107 117 36.791565
6745 107 94 68.140694
6836 94 97 16.809166
6797 94 88 32.664131
6655 88 90 22.488684
6654 90 100 32.987068
6837 97 106 48.068359
6798 88 83 50.105259
6743 117 5983 84.72348
6742 5983 5978 81.095474
6741 5978 5976 30.189217
6579 83 98 101.0774
6578 98 114 69.995361
6838 106 5992 101.572762
6735 2565 2555 121.327263
6734 2555 2552 30.795174
6733 2552 2547 121.967712
449 2547 2542 80.555252
357 2542 2539 108.318008
358 2539 2538 7.6449
359 2539 2541 65.712448
360 2541 2544 59.401379
361 2544 2546 31.411386
362 2546 2549 78.557442
448 2547 2551 109.335129
447 2551 2558 58.375084
446 2558 2564 103.98732
445 2564 2573 38.162582
444 2573 2584 93.291588
443 2584 2591 71.080116
442 2591 2597 32.943138
441 2597 2606 53.41114
440 2606 2612 44.664677
439 2612 2617 25.3528
438 2617 2682 44.039654
437 2682 2681 42.094578
436 2681 2680 25.858812
481 2680 2679 71.320274
482 2679 2678 18.136511
483 2678 2677 49.944836
484 2677 2676 79.22258
485 2676 2675 84.321564
486 2675 2674 95.042084
487 2674 2673 61.482647
488 2673 2672 102.222145
450 2538 2537 124.518219
451 2537 2535 78.820351
452 2535 2534 39.826954
453 2534 2533 71.16967
391 2533 2526 70.725975
392 2526 2532 32.926514
6760 2534 2536 110.477867
489 2672 2670 125.345131
490 2670 2671 58.807049
277 2670 2668 72.49913
276 2668 2669 40.840195
275 2668 2667 102.03257
274 2667 2666 20.506098
323 2532 2521 131.558823
321 2521 2523 17.590267
320 2523 2519 38.920761
389 2519 2517 62.764847
319 2517 2516 11.296204
390 2519 2531 78.129906
431 2517 2520 79.360504
3162 955 970 132.953583
6389 1458 1447 132.956161
5817 1447 1445 46.413857
5816 1445 1444 19.864456
6388 1447 1454 81.845856
6363 1444 1441 129.14386
6257 1441 1436 67.246529
6258 1436 1431 126.702766
6364 1431 1429 85.310326
6242 1429 1428 47.172295
6241 1428 1426 63.722012
146 1426 1421 60.617439
145 1421 1422 14.811548
144 1421 1423 17.874529
5695 1423 1424 14.426832
6239 1424 1427 34.158257
143 1421 1425 54.541283
6515 1429 1432 108.460388
6243 1428 1430 114.611519
6360 1430 1433 68.526161
6359 1433 1434 20.266991
6358 1434 1435 20.267206
6138 1430 1170 100.983406
5700 1170 1158 52.42107
5701 1158 1178 85.310112
6139 1170 1521 103.942902
6102 1521 1506 70.287544
5699 1158 1129 108.152557
6016 1129 1147 72.433548
5891 1147 1150 5.669667
5830 1150 1172 95.120247
5828 1172 1151 105.775444
5704 1129 1114 106.972412
5703 1114 1109 39.847431
6146 1109 1098 64.899063
6147 1098 1106 43.167782
6037 1098 1094 64.729843
6038 1094 1087 29.211565
6085 1087 1081 57.526012
6084 1081 1076 62.265129
6172 1076 1074 45.887959
5702 1114 1123 78.335152
6170 1074 1071 78.510864
6169 1071 1070 17.18119
6266 1071 1073 77.360382
6265 1073 1077 77.865112
6327 1077 1082 40.55899
6326 1082 1083 11.517334
6325 1083 1088 48.517326
6324 1088 1090 17.913477
6323 1090 1084 31.06068
6322 1084 1095 66.941109
6356 1095 1103 84.371559
6110 1103 1107 20.028959
5822 1103 1092 95.495499
5824 1092 1099 75.030609
5825 1099 1104 24.604568
5826 1104 1112 70.328888
5823 1092 1080 85.398537
6430 1080 1086 60.788395
6429 1086 1091 22.59362
6431 1091 1093 7.221236
5712 1112 1128 108.310921
5711 1128 1134 14.909877
5710 1128 1144 69.56543
6015 1134 1152 90.847237
6014 1152 1156 16.398291
6446 1156 1166 42.00629
5987 1166 1175 40.249573
5986 1175 1180 24.777794
5852 1180 5883 23.786333
5851 5883 1536 19.88203
6255 1536 1525 73.937691
6445 1525 1513 76.012726
6281 1513 1511 4.084452
6280 1511 1503 30.141436
6444 1503 1498 39.82518
6443 1498 1501 23.343618
6490 1501 1504 21.327518
6442 1498 1502 31.003166
6489 1502 1508 26.55093
6488 1508 1515 30.543457
6491 1504 1518 63.763416
6492 1518 1524 36.714344
6493 1524 1533 51.447876
5754 1533 1182 46.449379
6386 1156 1173 79.88369
5717 1173 1179 10.716181
5714 1179 1184 31.766293
5713 1184 5865 7.852694
5715 5865 5864 10.578125
5716 1179 5901 71.557892
6383 5901 5902 5.819361
6384 5902 5903 5.564498
6385 5903 5904 5.527397
5755 1182 1449 86.488365
6219 1449 1452 49.809071
6220 1452 1453 8.289092
6221 1453 1456 5.171635
5850 5883 5882 94.804688
6395 1498 1492 101.52935
6441 1492 1486 72.416344
6440 1486 1476 90.859192
6439 1476 1467 74.312531
325 1467 1465 12.904542
324 1465 1459 80.331612
6225 1459 1450 92.137154
5846 1450 1446 42.616314
6256 1525 5895 103.301315
6487 1515 1532 107.980003
6013 1152 1125 108.372223
5845 1446 1443 111.937675
5842 1432 1437 116.108894
5841 1437 1438 4.202353
5753 1438 1439 45.035141
5840 1438 1440 46.109539
6103 1506 1528 118.995529
5821 1506 1529 119.285049
5820 1529 1531 12.159339
5985 1175 5885 122.593475
6494 1533 5913 124.153374
6312 1536 5900 125.257668
6142 1443 1448 127.092911
6260 1448 1451 54.418762
6226 1451 1455 16.005774
6498 1451 1457 43.309879
5819 1455 1460 60.432137
5691 1460 1462 25.770481
5690 1462 1463 16.7696
5689 1463 1466 31.047438
5688 1466 1469 23.393856
5687 1469 1472 24.31613
5686 1472 1474 32.755169
6497 1457 1464 101.559448
6496 1464 1477 102.186256
6302 1076 1089 129.291611
6217 1095 1078 130.055511
6218 1078 1075 51.025959
6311 1075 1079 55.265594
6448 1079 1085 57.999405
6518 1085 1097 92.331253
6517 1097 1108 66.823997
6516 1108 1116 56.749634
6459 1116 1117 18.403282
6458 1117 1124 63.896965
6457 1117 1133 97.704376
6051 1133 1139 22.091713
6050 1139 1141 6.649642
6057 1141 1145 27.497665
5869 1145 1154 27.98727
5868 1154 1163 31.064205
6197 1163 1169 29.673876
6432 1169 1176 33.079807
6150 1176 1183 31.510632
6151 1183 5878 11.139308
6456 5878 5876 32.449478
6157 1141 1149 36.34705
6055 1149 1157 28.79668
5865 1157 1164 25.720181
5866 1164 1165 14.262343
6155 1165 1171 16.288599
6195 1171 1177 30.696806
6297 1177 1181 21.11117
6154 1181 5877 14.345033
6148 5877 5874 20.631756
5780 5874 5873 35.922192
5781 5873 5875 36.112007
6156 1149 1130 77.53112
6049 1130 1122 33.538578
6048 1122 1119 29.00535
6047 1119 1113 50.46896
6501 1113 1121 65.242752
6502 1121 1138 73.707893
6503 1138 1142 19.585581
6504 1142 1160 61.211002
6045 1113 1102 87.184776
6046 1102 1100 8.491878
6201 1100 1111 74.625328
5831 1111 1118 52.467606
5832 1118 1120 25.559952
5833 1118 1127 68.71685
5834 1127 1136 32.343407
6216 1078 1072 108.391121
5835 1120 1143 112.1894
5836 1143 1161 57.819618
6215 1072 1069 115.999153
6213 1069 1068 49.263748
126 1068 1067 78.572479
124 1067 701 58.978413
5839 701 1115 32.923885
125 1067 698 83.86129
6293 698 5899 46.323494
6292 5899 5898 59.225246
6168 701 667 114.293434
6043 1120 1146 123.01638
2869 1053 4675 133.081467
2870 4675 4676 7.017557
3181 4676 4677 25.352556
3182 4677 4678 5.890587
3184 4678 4679 55.882591
3185 4679 4680 16.273495
3186 4680 4681 69.629509
2913 4681 1054 64.36631
2868 4675 4674 82.970551
2867 4674 4673 7.922608
2988 4681 1891 115.814873
2987 1891 4699 94.767563
2986 4699 4698 21.951508
2985 4698 4697 47.335186
2984 4697 4696 48.675629
2982 4696 4694 50.629879
2983 4694 4695 5.341793
2782 4697 1908 73.539803
178 1891 1867 99.779976
177 1867 1849 76.46685
3437 1849 1860 46.615459
3436 1860 1866 29.260695
3438 1849 1837 68.1157
3435 1866 1885 70.844467
176 1867 1886 77.337311
3439 1837 1825 85.48745
3073 1825 1836 79.624443
3074 1836 1831 94.373596
3441 1831 1835 27.101954
2683 1831 1822 51.450436
3071 1886 1876 94.551201
2686 1876 1870 37.973709
3230 1876 1896 70.70974
3231 1896 4840 49.955208
3239 4840 4839 67.497688
3238 4839 4838 18.823545
3237 4838 4837 19.839779
3236 4837 4836 9.100364
3235 4836 4835 8.289001
3234 4835 4834 16.11578
3233 4834 4833 16.11578
3255 4840 1887 77.266945
3254 1887 1898 42.138668
3253 1898 1890 51.669292
3252 1890 1879 27.703192
3251 1879 1877 10.030762
3250 1877 1874 12.076885
3249 1874 1863 46.608227
3248 1863 1854 40.674355
3546 1854 1883 111.807472
3549 1883 1892 41.602791
3548 1892 4853 70.922729
6519 593 595 133.227814
6427 595 597 31.286966
6425 597 601 65.949776
6424 601 606 27.139105
6426 597 604 82.256989
6248 604 608 26.56521
6249 608 612 28.985451
6250 612 615 37.213329
6251 615 617 22.464142
6252 617 622 18.930202
6253 622 628 43.740803
6485 604 613 72.850693
6415 606 623 128.396576
6414 623 624 25.490639
6423 624 640 59.705559
6344 640 649 27.172768
6422 640 650 31.142328
5863 649 644 39.434521
5864 644 630 35.941624
6500 624 641 62.381817
6499 641 647 15.975586
6410 623 632 62.440575
6409 632 633 12.357659
6413 633 642 15.935066
6412 642 638 15.678115
6345 630 621 64.00824
5907 621 627 40.531635
5880 627 629 19.903366
5881 629 636 21.773565
5909 636 645 18.631716
5882 629 637 22.671515
6310 645 653 48.845562
6273 653 661 61.174541
6272 661 674 69.660042
6183 661 678 83.242859
6179 678 692 46.97155
6180 692 694 5.532634
6181 694 699 8.289092
6182 678 686 80.970261
6207 686 697 38.660957
6205 686 700 45.731277
6204 700 708 14.39306
6206 708 709 4.797566
5884 686 669 52.58432
6474 674 703 83.487686
5698 703 5858 63.902039
5697 5858 5859 46.503372
5696 5858 5857 53.345474
6276 5859 5860 90.92321
6284 5859 5861 102.773079
6275 5860 1534 106.754051
6453 1534 5908 89.708
6454 1534 1516 105.663391
6475 1516 1514 8.235494
6476 1514 1509 23.76503
5860 644 659 108.537109
5861 659 664 4.202058
5862 664 665 8.235494
6313 703 1132 131.559494
5513 3703 3714 133.508484
5843 1437 1442 134.320343
6199 1111 1131 134.438309
6198 1131 1135 8.880732
6200 1135 1137 11.248998
5708 1081 1096 134.505081
5707 1096 1101 24.996258
5709 1096 1105 55.086582
6086 1105 1110 35.361961
5324 3626 3643 134.546722
5289 3643 3645 13.509871
5288 3645 3642 5.964893
5294 3642 3637 27.15757
5258 3637 3631 42.739536
5260 3631 3634 13.700607
5241 3634 3636 11.178098
5243 3636 3648 66.411484
5242 3636 3649 67.407936
5325 3649 3658 107.583603
5326 3658 3664 80.322021
5295 3642 3657 108.522797
5296 3657 3659 25.407719
5297 3659 3661 25.435286
5214 3661 3662 14.75353
5213 3662 3663 16.772345
5319 3663 3666 32.78688
5318 3666 3669 46.255981
5317 3669 3674 34.269985
5316 3674 3678 44.502457
5315 3678 3681 11.454102
5314 3681 3684 16.542728
5313 3684 3686 15.724813
5312 3686 5777 24.14917
5311 5777 5776 27.49292
5310 5776 5775 10.03125
5309 5775 3685 14.159144
5215 3662 3668 89.391304
5298 3663 572 91.673126
5299 572 563 42.704372
5301 563 560 8.094236
5300 563 570 36.346924
5163 570 587 85.045235
5302 560 540 90.976639
5303 540 532 56.038059
5304 532 523 61.93502
5307 570 5773 95.061554
5354 3685 5778 98.863869
5355 5778 5779 90.214455
5356 5779 5781 108.14444
5357 5781 5780 94.641075
5308 3685 5774 110.602051
5327 3664 3676 114.914436
5244 3676 5741 111.732033
5259 3631 3611 123.366768
5257 3611 3627 105.630165
5256 3627 3635 41.614727
5255 3635 3652 94.365196
5254 3652 3654 23.131998
844 3151 3164 136.448242
824 3164 3167 16.256485
843 3164 3175 46.526489
1116 3175 3179 28.55405
6283 5861 5862 136.788757
6282 5862 5863 97.442238
5101 5681 5684 137.025818
5100 5684 5685 58.212616
5099 5685 5686 27.102278
4327 5686 4826 117.465889
4326 4826 5564 52.688637
5098 5564 5563 11.805819
4635 5563 5562 6.979158
4634 5562 5561 13.958316
5097 5561 5560 62.560501
4263 5560 5559 19.69549
4262 5559 4827 49.442211
5096 4827 4823 17.715437
5095 4823 4812 52.146461
5094 4812 4807 36.469299
4904 4807 4804 15.600438
4261 5559 5558 55.616707
4723 4823 5645 60.52906
4722 5645 5646 32.199306
4721 5646 5647 42.161247
4720 5647 5649 33.842735
4719 5649 5650 60.67931
4718 5650 5651 21.951408
4717 5651 5652 21.919922
4325 4826 4811 67.977646
4580 4811 4809 21.185602
4582 4809 4814 32.377529
4583 4814 4817 7.922775
4584 4817 4820 16.026232
4762 5649 4819 68.29834
4446 5645 5644 73.350075
4445 5644 5643 44.08799
4902 4804 4824 110.190117
1659 3495 3487 137.356964
1410 3487 3485 17.468573
1411 3485 3481 70.22744
1454 3481 2375 75.047836
1453 2375 2363 52.884697
1452 2363 2361 25.263672
1451 2361 2359 4.829834
1450 2359 2353 31.747204
1657 2353 2349 33.156612
1656 2349 2344 37.008167
1655 2344 2342 16.693947
1654 2342 2340 20.578077
1653 2340 2332 37.902664
1685 2342 2347 49.931431
1580 2347 2351 14.927713
1449 2347 2355 45.541203
1579 2351 2358 50.314762
1448 2355 2364 58.683903
1445 2364 2368 22.483398
1444 2368 2371 16.544434
1447 2371 2373 12.808681
1409 3485 2378 83.49292
1578 2351 2366 98.869232
1577 2366 2367 7.059082
1576 2367 2376 37.80611
1575 2376 2379 50.718311
1708 2379 2369 49.377148
1574 2369 2356 83.661736
1455 3481 3473 126.934967
1456 3473 3471 17.090332
1457 3471 3470 42.288692
1458 3470 3468 49.351398
1459 3468 3466 31.84594
1460 3466 3465 36.615425
1461 3465 3464 39.284332
1474 3465 3467 61.385654
1473 3467 3469 43.882408
1462 3464 3456 84.993385
1310 3456 3454 54.510704
1309 3454 3455 26.378174
1308 3455 3457 35.706841
1307 3457 3458 24.147957
1306 3458 3460 15.097742
1305 3460 3463 31.136415
1561 3456 3462 66.866325
1257 3454 3452 115.229889
1259 3452 3453 57.296635
1258 3452 227 66.841507
1336 227 194 135.98407
1413 3503 3494 137.967712
4154 779 746 139.125015
4823 5688 5687 139.217041
6662 2556 2571 139.220215
6254 1525 5894 139.550308
2366 4276 4284 139.809723
1552 3554 3946 139.917404
1551 3946 3949 73.375114
1553 3946 3942 83.213203
1554 3942 3940 65.443336
1555 3940 3937 60.150356
5047 5250 5290 140.109894
6301 655 676 141.696075
6495 676 702 71.080208
295 2639 805 141.791489
762 3308 3310 142.344849
6759 2550 2559 142.998352
6777 2559 2567 97.982422
1472 3469 3477 144.051666
1471 3477 3483 66.303055
1470 3483 3482 31.348579
1469 3482 3478 40.454113
1557 3478 3476 17.8939
1558 3476 3474 42.476219
1559 3474 3472 37.148129
1467 3482 3484 46.256344
1466 3484 3486 30.310015
1465 3486 3489 42.477669
1464 3489 3490 25.263916
1539 3472 3475 47.921658
1538 3475 3479 49.768387
1537 3479 3480 29.306585
1463 3490 3496 93.521042
1536 3480 3488 113.601723
1535 3488 3491 44.461452
1534 3491 3493 32.392242
1533 3493 3501 120.473587
1532 3501 3504 63.375061
1531 3504 3506 32.447754
1036 3127 3141 144.132187
5202 3953 3673 144.60318
5320 3673 3667 73.164085
1690 3673 3687 95.131493
4603 5427 5441 144.840286
1260 3453 3459 145.7164
1261 3459 3461 25.668591
34 2703 2702 145.897064
387 2702 2701 8.120736
386 2701 2700 51.666119
388 2702 810 102.188324
478 810 790 57.538025
477 810 2524 80.714867
455 2524 2515 131.66069
454 2515 2518 31.731159
4903 4804 4791 146.141327
5008 4791 4797 130.203827
5007 4797 4800 40.607674
5006 4800 4801 6.878286
5005 4801 4802 7.297243
4965 4797 4787 79.216568
4764 4787 4780 87.391098
4406 4780 4782 18.327742
4727 4780 4766 137.352676
4726 4766 4757 74.284973
4230 4757 4755 11.587171
4794 4757 4765 61.936172
4793 4765 4767 15.975586
4792 4767 4770 13.858509
4791 4770 4774 54.297474
4790 4774 4772 22.671473
4229 4755 4753 62.14426
4324 4753 4751 55.771965
4744 4751 4749 42.530079
4743 4749 4747 56.904976
4338 4747 4746 9.45305
4337 4746 4745 6.815568
4339 4745 4748 26.733242
4742 4745 4744 27.380003
4741 4744 4743 39.467003
4740 4743 4742 10.03125
4739 4742 4741 9.209105
4738 4741 4740 21.619869
4737 4740 4739 20.446602
4460 4751 4754 73.147621
4151 4754 4756 47.485237
4150 4756 4763 45.562668
4149 4763 4771 60.210583
4461 4754 4758 60.531109
4459 4758 4762 30.599882
4340 4748 4750 80.219627
4341 4750 4752 56.23951
4458 4762 4773 85.115593
4233 4773 4776 58.269264
4232 4776 4781 39.897217
5045 4781 4783 29.033484
5041 4783 4786 51.492256
5040 4786 4790 20.448559
5044 4790 4794 35.320141
5043 4794 4793 20.448626
4148 4771 4778 86.037651
4147 4778 4784 82.140953
5046 4781 4788 92.029243
5048 4788 4792 19.636284
5049 4792 4795 41.688606
4342 4752 4759 92.124733
4343 4759 4768 74.472511
4344 4768 4775 69.788185
4231 4776 4785 95.516342
4322 4753 4760 95.919014
4321 4760 4761 11.745378
4323 4761 4764 6.878208
4228 4755 4769 102.725471
4725 4766 4777 105.803932
4724 4777 4779 18.693331
4736 4739 4738 121.606758
4735 4738 4737 24.039017
4734 4737 4736 54.103741
5127 4736 4735 81.024902
4405 4782 4796 142.736877
5768 1492 1505 146.343704
815 3194 3192 147.060806
1040 3192 3193 82.31823
5240 3658 3670 147.409058
5927 663 313 147.523544
5928 313 304 26.319645
5929 304 294 27.080353
5239 3658 3671 148.052643
5238 3671 3683 92.559639
5218 3683 5764 124.63102
5217 5764 5763 80.712952
5237 5763 5762 136.478043
1573 2356 2336 148.305115
1572 2336 2328 69.587158
1571 2328 2325 36.732426
1570 2325 2324 10.199959
1568 2324 2326 12.856848
1567 2326 2327 27.020836
1566 2327 2331 50.454716
1565 2331 2341 64.080589
1564 2341 2354 99.861061
1563 2354 2374 111.896362
1562 2374 3625 123.668289
4475 5413 5434 148.89415
4476 5434 5432 90.193443
5428 4914 4913 149.256149
5427 4913 4912 74.324554
4466 5413 5389 149.514832
4467 5389 5388 10.578218
4468 5388 5405 112.999046
4469 5405 5426 138.926041
4470 5426 5438 130.891937
5058 5388 5373 143.088547
4682 5373 5369 88.495613
4683 5369 5371 44.996803
5059 5371 5377 107.183723
5060 5377 5392 97.775978
286 782 2684 150.082108
2866 4673 4672 150.378494
6666 2536 2540 151.767654
6665 2540 2543 98.588806
6664 2543 2545 27.5812
6514 674 5915 152.017319
6513 5915 5914 8.336003
1088 3079 3091 152.350113
874 3091 3110 123.076378
872 3110 3119 62.336418
871 3119 3128 55.902321
870 3128 3136 63.118317
873 3110 3124 92.052223
1087 3124 3140 145.477966
1086 3140 3143 33.27047
1085 3143 3153 117.090416
6421 650 672 152.957733
6419 672 5905 140.592621
6418 5905 5906 9.006809
6420 5906 5907 8.873988
1109 3146 3159 153.052689
4146 4784 4799 153.141068
5080 4799 4808 71.834007
103 949 948 153.156235
5729 1142 1155 153.339966
5728 1155 1126 116.126175
6464 1126 1148 87.755203
6465 1148 1153 17.196241
6466 1153 1159 18.283737
6467 1159 1162 11.063555
6468 1162 1168 32.16193
6463 1148 1174 112.528046
5720 1174 4327 95.930641
5719 4327 4330 51.904697
5718 4330 4331 30.624683
5721 4327 4317 77.2547
5724 1174 5867 127.906509
5722 5867 5866 50.569355
5723 5867 5868 67.331688
5726 5868 5869 15.25626
6460 5869 5870 16.724134
6462 5870 5871 14.726388
5725 5868 5872 44.667809
5727 1155 6081 147.364807
6942 6081 6080 52.086456
6988 6080 6079 64.96489
6850 6079 2259 70.07486
6851 2259 2256 44.743629
6989 2256 2243 51.280869
6990 2243 2232 35.970486
6991 2232 2225 27.864502
6992 2225 2222 23.777588
6993 2222 2218 18.501993
6994 2218 2211 27.115324
7017 2211 2203 35.317982
6848 2203 2200 4.242188
6847 2200 2198 13.619003
7016 2198 2185 49.097797
6846 2203 2217 56.464432
7015 2185 2173 64.825211
6922 2211 2224 65.374435
6923 2224 2235 35.959862
6924 2235 2246 45.815186
6925 2246 2253 56.90419
6926 2253 2234 71.092712
6927 2234 2237 5.401557
8 2234 2249 55.720882
6873 2249 2254 73.800171
6872 2254 2257 40.530285
6941 6081 6082 74.953102
7014 2173 2191 83.711517
7013 2173 2158 119.058281
6995 2158 2172 115.059845
6852 6079 6078 119.777931
6978 2249 6019 123.031059
6980 6019 6020 4.060199
6855 6019 6013 99.502495
6854 6013 6011 19.007486
6857 6011 6010 15.652452
6981 6010 6009 42.048939
6853 6013 6017 42.486511
6859 6009 6006 43.046673
6860 6006 6005 14.812955
6858 6006 6008 42.135738
6856 6011 6015 50.255188
6982 6005 6004 83.587715
6911 6004 6000 57.575695
6912 6000 6003 55.624332
6913 6000 5998 61.374321
6914 5998 5997 36.089935
6915 5997 5995 38.041698
6917 5995 5994 73.871582
6844 5994 5993 50.75153
7034 5994 5996 107.23526
7033 5996 5999 61.119064
7032 5999 6001 47.833389
6849 2259 6077 140.142914
6977 6020 6024 153.126144
6918 6024 6029 34.657001
6890 6029 6032 20.964224
6888 6032 6035 39.408424
6892 6024 6023 40.526363
6886 6035 6041 41.085327
6889 6032 6037 54.160408
6893 6023 6018 56.177853
6885 6041 6047 56.178013
6882 6047 6049 20.682463
6884 6041 6048 57.125748
6881 6049 6053 60.418766
6895 6018 6016 61.208706
6897 6016 6014 9.224978
6891 6023 6027 65.935783
6887 6035 6046 89.312073
6896 6016 6022 89.737923
6894 6018 6025 105.130142
6899 6014 6007 127.449097
6898 6007 6012 85.677353
6900 6007 6002 138.349121
6871 2254 2215 153.459961
6869 2215 2207 39.131271
6868 2207 2220 54.472836
6867 2207 2192 57.58075
6865 2192 2206 56.845543
6870 2215 2228 59.220139
6866 2192 2179 60.65332
6874 2179 2194 69.335785
6936 2179 2208 123.094254
6937 2208 2210 14.535516
6935 2179 2159 138.67334
9 2159 2162 37.383289
6903 2162 2165 22.412144
6862 2162 2182 117.583557
6863 2182 2188 27.391737
6861 2182 2193 47.258568
6864 2188 2205 69.933983
6970 2193 2209 70.997314
6965 2193 2219 108.281883
6964 2219 2227 41.591255
6963 2219 2230 57.622105
6969 2227 2233 65.370087
7018 2233 2247 53.54343
6968 2227 2255 97.602272
7026 2255 2262 64.238617
7027 2262 6104 77.312416
6967 2255 2264 90.468224
6944 2209 2238 110.190948
7030 2209 2239 115.045158
6952 2239 2250 48.45557
6951 2250 2260 70.712906
6986 2260 6071 61.488708
6985 6071 6074 56.368084
6984 6074 6075 39.809799
6983 6075 6076 22.592247
7019 2260 6103 72.173233
6987 6071 6069 92.793259
7000 6069 6067 82.733727
6953 6067 6061 32.145523
6954 6061 6064 23.366623
6955 6064 6060 22.057636
6957 6060 6059 5.564482
6929 6059 6057 22.996315
6930 6057 6056 7.800172
6931 6057 6058 13.27539
6956 6060 6065 25.127728
6975 6065 6066 6.449396
6932 6058 6063 28.600956
6958 6056 6054 30.564808
6959 6054 6052 41.115772
6921 6052 6050 19.007589
6920 6050 6045 50.052124
6939 6045 6036 69.887314
6906 6036 6030 65.432037
6907 6030 6028 11.153816
6905 6028 6026 7.813654
6960 6028 6031 16.526237
6908 6030 6034 45.687153
6909 6034 6040 46.057182
6910 6040 6042 48.301956
116 6042 6051 67.987526
115 6051 6055 70.900475
114 6055 6062 64.887192
6961 6031 6038 77.709732
6997 6038 6039 8.108509
6962 6039 6043 30.185076
7025 6039 6044 36.340542
117 6042 6033 82.117966
6933 6063 6068 87.794159
6949 2250 6101 114.251434
6950 6101 6102 25.435429
6948 6101 6100 32.421608
6947 6100 6099 47.392952
6946 6099 6098 33.600208
6945 6098 6097 17.01626
6943 2238 2261 125.975906
6879 2165 2189 126.454803
6880 2189 2202 55.010151
7022 2202 2212 37.746998
7021 2202 2214 54.454388
6878 2189 2199 107.04081
6901 2199 2190 45.384251
6999 6069 6072 134.285294
6934 6072 6073 6.154125
6998 6072 6070 79.390266
6966 2190 2163 134.300354
1907 2163 2160 52.412605
1906 2163 2180 89.182526
1905 2180 2187 32.943066
1904 2187 2195 32.855354
1903 2195 2201 28.420101
1902 2201 2216 60.138527
1924 2216 2223 34.204659
1901 2223 2244 84.277397
1900 2244 2251 19.881903
1899 2251 2263 79.155403
1802 2263 4055 51.660259
1803 4055 4049 35.935955
1898 4049 4045 30.269962
1897 4045 4043 35.917961
1896 4043 4041 27.857883
1808 4041 4034 71.709602
1807 4034 4030 43.476849
1895 4030 4027 31.140541
2040 4027 4028 12.769508
1947 4049 4061 74.191956
1948 4061 4069 21.67569
1804 4055 4067 85.080803
1844 4027 4021 85.641769
1845 4021 4018 62.064793
2041 4018 4017 26.893887
1846 4021 4025 75.479988
1889 4025 4032 65.027641
1843 4025 4026 67.423775
1842 4026 4023 29.357491
1884 4023 4029 57.114182
1885 4029 4031 34.330303
1886 4031 4035 27.766356
1887 4035 4037 23.502069
1764 4037 4040 35.058636
2042 4017 4011 75.82737
1824 4011 4016 55.102715
1823 4016 4019 60.4305
1839 4028 4036 88.252365
1837 4036 4039 40.033459
1774 4039 4047 80.05867
1772 4047 4053 49.723408
1773 4047 4054 54.253273
1771 4054 4058 21.940619
1770 4058 4062 19.354
1769 4058 4068 38.651447
1768 4068 4072 12.97352
1766 4062 4078 72.378876
1767 4078 4094 59.651489
1882 2163 2181 98.063568
1883 2181 2197 63.600952
1996 2263 4144 106.143394
1806 4034 4044 107.802361
1995 2223 2252 109.415878
2034 2252 4150 101.924149
1838 4036 4046 111.965576
1880 4046 4051 42.233608
1915 4046 4052 45.918549
1914 4052 4059 50.890965
1913 4059 4073 47.874874
1879 4051 4064 68.000534
1875 4064 4076 46.965282
1876 4076 4079 19.748672
1877 4079 4082 4.278103
1878 4082 4084 11.741227
1881 4051 4066 75.482864
1916 4066 4063 46.015587
1917 4063 4057 34.660076
1918 4057 4048 55.44453
1921 4048 4050 20.0846
1919 4048 4056 46.339649
1782 4056 4065 53.408264
1779 4065 4081 61.301849
1780 4081 4085 15.975647
1781 4085 4090 12.631836
1966 4066 4086 77.298279
1871 4086 4088 7.017389
1870 4088 4097 70.733589
1965 4097 4100 20.789043
1964 4100 4106 40.376728
2003 4106 4149 51.812706
2002 4149 4146 30.79311
2000 4146 4145 9.210923
1999 4145 4147 9.629313
2001 4147 4148 10.591574
2022 4097 4105 58.072578
2021 4105 4107 8.271351
1993 4106 4136 71.887184
1992 4136 4137 44.277122
1990 4137 4138 15.745601
1989 4138 4139 12.313166
1991 4139 4140 10.95434
1963 4136 4135 71.149857
1962 4135 4134 8.555973
1961 4134 4133 47.729637
1920 4048 4042 81.562172
2038 4056 4074 82.467957
2037 4074 4091 63.326046
2036 4091 4096 42.068348
7002 4096 4098 38.325924
7003 4098 4103 17.853432
7004 4103 6086 61.114498
7005 6086 6085 43.326912
6877 6085 6083 52.686684
6875 6083 6084 35.562515
2035 4096 4104 76.48671
7006 6085 6089 87.990593
7007 6089 6091 38.647942
7008 6091 6092 59.482044
7009 6092 6090 48.120186
7010 6090 6087 70.550102
7011 6087 6088 31.949713
1922 4050 4070 88.439537
7012 6088 6093 88.684624
6973 6093 6094 87.055511
1869 4086 4099 96.408028
1982 4073 4095 96.467133
1981 4095 4093 35.40543
1980 4093 4087 35.494179
1979 4087 4077 35.021954
6972 6094 6095 96.472374
1994 2252 2240 112.547905
1862 2240 2231 30.945662
1861 2231 2245 51.331207
7001 6095 6096 130.521759
1819 4016 4008 133.008011
1817 4008 4009 37.525253
1818 4008 4004 110.892601
2019 4004 4005 37.8069
1820 4004 3999 97.81134
1822 3999 3996 92.350777
1840 4019 4024 142.002335
2050 4024 4033 84.552444
1815 4024 4020 102.600433
1814 4020 4015 110.521057
1967 4015 4007 119.731354
1864 4007 4012 79.275162
748 2812 2775 153.536972
747 2775 2768 41.739468
701 2768 2762 41.360104
746 2775 2794 79.783096
1165 2794 2802 29.127333
749 2794 2806 45.404797
750 2806 2818 39.786327
691 2818 3058 45.385677
690 3058 3059 16.185316
696 2802 2813 46.513931
694 2813 3065 46.522808
689 3058 3057 47.846031
692 3059 3060 47.846031
693 3059 3061 59.91748
697 3061 3062 34.994766
688 2794 2810 61.461605
686 2810 3056 41.233292
687 2810 3045 56.587799
679 3045 3044 17.709011
677 3044 3043 20.422016
678 3044 3046 62.050018
682 3046 3047 8.001946
680 3046 3048 13.105618
681 3047 3049 23.76841
684 3049 3050 15.343898
683 3050 3051 33.444973
695 2813 3063 63.082539
698 3063 3064 50.245792
685 3049 3052 83.346176
752 3052 3053 36.684032
704 3053 3054 43.267441
703 3054 3055 32.225876
753 3052 463 57.498863
754 463 446 60.474026
1011 446 460 45.47065
1012 460 458 30.387451
1013 458 447 38.854332
1014 447 439 29.940184
1015 439 428 54.979851
849 428 432 26.004625
666 432 441 38.466682
755 428 418 53.852909
665 441 455 54.62114
663 455 462 12.733512
661 462 467 50.257351
664 441 457 59.23558
662 462 471 61.646534
674 471 2792 38.027107
672 2792 2801 36.230015
673 2792 2777 63.746834
675 2777 2786 41.279995
676 2777 2767 50.880081
1008 2767 2778 58.46698
543 2778 2781 18.798265
699 2762 2776 87.670494
700 2762 2749 90.691864
1239 2749 2743 36.038086
1238 2743 2739 45.524258
1010 2739 2736 23.49748
1009 2736 2735 4.604553
1237 2735 2729 50.350899
1236 2729 2724 60.676189
919 2736 2745 76.919617
917 2745 2748 28.059467
669 2748 2753 18.013752
668 2753 2758 49.632385
671 2758 2760 16.544153
667 2753 2759 50.077961
670 2758 2766 57.113098
606 2778 2809 119.668587
1235 2724 2716 124.328407
535 418 398 144.918106
536 398 392 65.66449
517 398 391 98.402451
516 391 387 65.521729
537 392 383 114.529015
618 383 374 88.63369
641 374 371 72.883095
640 371 376 84.742012
515 387 373 116.636787
539 373 381 51.243401
607 381 382 10.398476
538 373 369 103.910248
619 369 367 81.778076
625 367 365 38.903824
569 365 363 119.549004
568 363 362 11.525787
705 391 410 150.434387
706 410 417 70.033981
1778 4073 4102 153.720901
1777 4102 4108 40.781273
1912 4108 4121 54.970848
1776 4102 4111 61.829437
1775 4111 4110 18.665527
1911 4121 4109 143.504517
1910 4109 4101 46.6059
1835 4101 4118 73.567093
1836 4118 4119 13.781347
2047 4101 4080 116.231308
2048 4080 4075 26.562378
2049 4075 4071 23.037106
1868 4071 4060 27.330742
5134 4060 4083 80.632683
5133 4083 4089 23.261168
5132 4089 4092 28.580389
5131 4092 5724 139.406952
5130 5724 5722 41.165215
5129 5722 5721 62.13311
5128 5721 5723 85.28672
5328 3676 5746 153.889999
5192 5746 5745 6.442883
5191 5745 5744 56.069679
5342 5744 5743 22.131306
5329 5744 5747 74.017029
318 2516 2510 154.839935
317 2510 2507 62.975697
411 2507 2503 50.075153
213 2503 2501 75.273003
211 2501 2502 56.926311
352 2502 2504 25.087917
353 2504 2509 63.853825
212 2501 110 65.033707
316 2510 2514 88.806435
210 2501 2505 90.186623
463 2505 2506 22.083378
464 2506 2508 15.975586
496 110 89 99.709038
495 89 80 78.442017
329 80 74 91.42865
351 2504 2511 108.506798
393 2511 2512 53.236027
356 2511 2513 74.419701
5180 581 3907 155.092148
5179 3907 3910 63.851109
5374 3910 3918 61.829365
5373 3918 3920 8.458703
2297 3910 3921 70.492599
2298 3921 3991 31.356121
5372 3991 583 18.014097
2299 3921 4333 70.958107
2300 4333 4334 35.562714
5181 3907 3911 75.490089
5350 3911 5767 77.219803
5162 5767 5765 39.360939
5161 5765 5766 12.194708
5349 3911 3908 100.859314
5352 3908 3915 80.148911
2432 3908 3916 81.40419
2427 3916 3919 26.170391
2426 3919 3922 4.494953
2428 3922 3923 8.36266
2429 3923 4337 8.875147
2430 4337 4338 13.958316
5292 3908 3903 99.262253
5371 583 564 103.276596
1938 3991 3989 129.172943
1939 3989 3990 119.047142
1760 3989 3988 123.762955
1756 3988 3985 85.989021
1755 3985 3986 26.860176
1758 3986 3987 15.659405
1759 3988 577 87.194946
1937 577 588 59.853165
1925 577 553 112.782959
1926 553 546 16.484203
1927 546 543 24.24791
1928 543 537 18.665039
5375 564 5782 130.057831
1813 3990 566 153.307098
1811 566 589 110.239571
2008 494 501 155.513168
1930 501 506 46.057053
1872 501 507 55.827049
1783 507 508 5.564966
1784 508 511 8.330195
1785 507 510 11.085476
1786 510 517 55.315308
1787 517 525 54.977306
1788 525 529 30.387199
1873 511 521 63.725216
1874 521 524 43.097046
1789 529 542 87.494286
1790 542 544 14.183588
1791 544 552 25.93018
4447 5644 5648 155.561035
1021 2460 2490 156.159348
1020 2490 3327 104.487526
1019 3327 3326 82.112175
1255 3327 3328 103.197884
1491 3582 3585 157.704147
1703 3585 3587 29.647343
1704 3587 3588 19.74297
1705 3588 3591 41.021229
1706 3591 3595 20.163446
1490 3585 3589 75.827065
1489 3589 3592 18.545521
1488 3592 3597 84.95285
1487 3597 3603 113.332748
1486 3603 3606 58.714649
1485 3606 3621 124.496727
6279 1511 1538 158.323349
5810 650 673 158.755081
5808 673 683 22.082647
5807 683 696 46.804291
5806 696 707 21.951464
5804 707 5879 47.433914
5803 5879 5880 10.406304
5805 5880 5881 13.533658
5809 673 706 86.931351
6473 706 5912 61.325481
6472 5912 5911 56.763691
6471 5911 5910 108.703804
6470 5910 5909 28.999392
5168 5723 5725 159.046051
5170 5725 5726 133.830154
2511 4282 4272 159.290009
2512 4272 4271 30.395945
2513 4271 4270 16.956472
2510 4272 4275 48.778057
6392 4275 4277 23.79355
6107 4275 4279 75.639076
6106 4279 4280 29.34218
6108 4279 4281 32.847103
6343 4281 4285 55.50835
5992 4285 4288 54.850529
5991 4288 4293 37.917786
5989 4293 4296 74.783836
5988 4296 4297 11.070653
5990 4297 4299 4.108882
5853 4288 4295 101.890915
5855 4295 4298 25.93944
5856 4298 4301 34.263012
5857 4301 4303 37.759735
5858 4303 4306 25.939968
5859 4306 4309 26.26029
5705 4301 4304 43.583611
6391 4277 4283 121.463623
6390 4283 4287 64.749748
6105 4280 4290 129.097855
6104 4290 4291 7.923027
5939 4281 4292 147.002884
5924 4292 4300 98.317551
5779 4292 4302 134.772034
5778 4302 4305 45.872498
6122 4305 4308 32.246769
6088 4308 4312 28.381781
6529 4305 4310 47.04845
5777 4302 4307 60.695683
5776 4307 4311 35.831074
5775 4311 4313 21.068743
5774 4313 4314 19.236153
5773 4314 4315 13.338222
5772 4315 4318 30.97934
5771 4318 4323 44.194744
5770 4323 4326 17.45595
5706 4318 4324 58.136673
6528 4310 4316 69.949631
6527 4316 4321 56.987022
6526 4321 4328 27.982359
6087 4312 4319 98.290085
6123 4308 4320 129.318497
6124 4320 4322 14.339971
6125 4322 4325 17.700321
6126 4325 4329 22.392191
118 6033 6021 159.761383
1347 3479 2365 160.031494
1346 2365 2348 109.652946
1345 2348 2334 108.509132
1720 2334 2346 104.315765
1719 2346 2360 73.249825
1718 2360 2372 71.673096
1717 2372 2380 44.179691
1344 2334 2322 129.999954
1343 2322 2317 54.97131
1342 2317 2312 64.230003
1341 2312 2307 60.34676
1526 2307 2300 65.88253
1525 2300 2299 27.272949
1524 2299 2297 18.209766
1523 2297 2293 59.320335
1522 2293 2292 48.716118
1521 2292 2288 53.90403
1520 2288 2285 22.935638
1715 2293 2298 62.903316
1714 2298 2304 67.280609
1713 2304 2310 57.926735
1519 2285 2274 68.129066
1518 2274 2271 42.826378
1620 2271 2269 18.966705
1621 2269 2268 24.2558
1622 2268 2266 45.659721
197 2266 2265 23.482674
198 2265 2267 41.6964
1646 2274 2281 49.572914
1645 2281 2287 38.583282
1647 2271 2284 103.223495
1648 2284 2280 65.434174
1441 2280 2290 55.225784
1440 2290 2283 58.28474
1439 2283 2278 16.380413
1303 2278 2272 59.432167
1442 2290 2294 101.329529
195 2265 2270 105.097488
1749 2270 2276 76.713264
1748 2276 2279 12.850561
1747 2279 2282 12.302734
1623 2267 2273 109.68924
1435 2273 2275 13.079863
1436 2275 2277 26.877878
1624 2277 2289 56.003826
1625 2289 2291 18.179874
1437 2275 2286 76.343056
1626 2291 2296 138.854477
1627 2296 2302 54.387383
1628 2302 2303 12.441711
1629 2303 2305 22.788305
1649 2294 2306 156.505859
1650 2306 2311 44.966797
1651 2311 2314 29.084955
1644 2287 2295 157.738052
1643 2295 2301 53.914322
1642 2301 2308 75.292458
3440 1825 1809 160.062683
3035 1809 1814 78.988464
3034 1814 1817 32.337742
3075 1817 1821 30.70273
3076 1821 1824 10.624818
3542 1809 1802 145.288422
3196 1802 1798 38.186432
3242 1802 1805 42.852146
3197 1798 1795 43.902557
166 1795 1793 44.749348
167 1793 1794 33.592663
3191 1794 1796 31.825085
3192 1796 1800 36.90625
3193 1800 1799 7.923027
3198 1799 1797 20.960152
3194 1799 1803 27.080477
2682 1803 1806 55.865967
3241 1805 1808 90.8433
168 1793 1801 99.5867
3446 1801 1804 53.852798
3447 1804 1807 43.391796
3555 1807 1811 99.058502
2952 1811 1819 98.117195
2953 1819 1820 6.700917
3199 1820 1827 31.718433
2951 1819 1830 70.961479
2950 1830 1843 68.723145
3200 1827 1841 88.836449
3201 1841 1850 90.025925
2964 1850 1834 89.395447
2965 1834 1823 76.896118
2812 1823 1813 75.40197
2813 1813 1812 55.317123
3449 1812 1810 32.892178
3455 1823 1838 95.992241
3454 1838 1844 24.082735
3458 1838 1845 32.895298
3457 1845 1848 27.864258
3456 1848 1853 20.598063
2949 1843 1864 111.873314
2948 1864 1872 41.244648
3282 1872 1893 68.601471
2740 1893 1904 33.569118
2739 1904 4631 52.761066
2737 1904 1945 66.479256
2738 1945 1941 35.13092
3281 1941 1932 46.735985
2736 1945 1951 57.312386
3379 1932 1927 74.394203
2884 1927 1924 20.766165
2883 1924 1921 35.734295
3378 1927 1931 36.40918
2971 1921 1918 37.194668
2968 1921 1926 53.565819
3086 1941 1899 77.678558
2888 1872 1897 83.628471
2886 1897 1940 53.62228
3087 1899 1873 85.235603
3088 1873 1857 75.029793
3091 1857 1846 63.609608
3090 1846 1852 40.675667
3556 1852 1861 36.071877
3557 1861 1868 29.035364
3558 1868 1878 49.158638
3092 1846 1855 52.178711
3559 1878 1894 58.991673
3560 1894 1902 17.18119
3561 1902 4859 26.216463
2900 1894 1906 27.693092
2899 1906 4690 22.934797
2962 4859 2004 75.11982
2963 2004 1981 70.4674
3039 1981 2009 78.060516
2961 2009 2025 49.192204
2960 2025 4505 26.099915
3244 4690 4691 84.350815
3243 4691 4692 17.671762
2942 1926 1934 86.445976
2944 1934 1930 54.566349
3424 1930 1938 63.962734
3423 1938 1946 65.759903
2945 1934 1944 67.872223
2946 1944 1947 15.372393
2992 1930 1922 76.733574
2990 1922 1925 43.676422
2991 1922 1915 59.853027
3171 1915 1916 6.406531
2815 1915 1914 9.869398
3172 1916 1919 27.132147
3202 1919 1923 48.360352
3010 1944 1952 78.129562
2969 1926 1935 86.488159
2970 1935 1943 47.927734
3093 1855 1875 93.652191
170 1914 1911 94.128944
172 1911 1912 55.591011
171 1911 1913 79.586685
3371 1913 1917 32.290077
2972 1912 1920 92.898987
2973 1920 1929 76.189964
2974 1929 1936 74.889435
2975 1936 1948 85.63237
2976 1948 1956 91.616753
2977 1956 1957 5.202148
2978 1957 1960 34.643761
3036 1960 1964 78.418304
2850 1964 1971 40.296371
2852 1971 1978 50.379791
2842 1978 1984 23.158943
2853 1984 1987 16.397104
3120 1987 2000 32.340752
3306 2000 2015 30.597609
2691 2000 2012 44.671917
2692 2012 1995 34.642529
2844 1995 2014 40.393009
2845 2014 1993 58.707417
3305 2015 4845 59.985474
2846 2014 4654 66.535431
2847 4654 4655 21.564974
2855 4655 4656 11.603244
2854 4656 4658 39.661007
3143 4658 4659 21.322462
3144 4659 4660 11.063348
3145 4660 4662 27.702581
3146 4662 4664 27.793026
2848 4654 4657 60.450954
2856 4657 2028 10.71393
2694 2028 4477 44.618305
2695 4477 4478 19.389332
2696 4478 4479 21.573048
3019 4479 4480 11.603244
2693 4477 4476 36.648983
2697 4478 4481 45.278034
2857 4657 4661 55.125523
3037 4661 4663 34.807739
3119 1987 2017 73.423019
3118 2017 2005 52.013672
3300 2015 4841 91.657494
3301 4841 4842 29.666805
3302 4842 4843 54.665222
3303 4843 4844 18.615829
3246 4690 4688 94.340546
2898 4688 4687 64.143364
2894 4687 4683 72.547798
2893 4683 4684 11.918921
2897 4684 4686 16.120117
2896 4686 4685 11.888672
3420 4688 4689 91.2771
2989 1925 1937 96.28788
3040 2009 4665 98.468063
3130 4665 4666 28.252232
3125 4666 4667 36.100452
3124 4667 4670 34.433582
3129 4666 4668 36.71014
3126 4666 4669 43.733799
3127 4669 4671 34.497738
3462 1932 1949 100.745689
3203 1923 1933 108.603065
3204 1933 1939 11.063555
3452 1812 1826 118.015717
2690 1826 1829 25.771955
3132 1808 1816 118.370537
3085 1816 1818 22.919262
3084 1818 1828 49.221611
3398 1828 1839 72.555756
3503 1839 1851 70.250778
3502 1851 1858 41.72723
3288 1858 1865 31.48584
3287 1865 1881 60.952435
3431 1881 1903 73.386703
3442 1903 4852 27.401403
3501 4852 3448 62.960182
3407 3448 3438 49.299873
3406 3438 3432 48.380211
3500 3432 3428 54.810539
3499 3428 3422 62.944324
3430 1881 1905 79.061455
3429 1905 1907 4.25843
3428 1907 1910 11.603322
3286 1865 1888 84.051559
3285 1888 1900 39.307781
3399 1828 1842 90.165024
3400 1842 1833 70.471245
3401 1833 1832 61.142479
2903 1864 1847 121.604973
2901 1847 1840 38.179199
2902 1847 1859 64.060463
3188 1840 1856 93.327888
3082 1856 1869 45.816933
3187 1856 1884 109.089272
2999 1869 1895 111.570831
3096 1895 1973 67.35276
3098 1973 1970 30.470444
3097 1973 1997 95.197853
3223 1997 4832 78.143547
3099 1970 1988 98.064056
3100 1988 1996 19.092972
3079 1996 2002 18.425657
3078 2002 2019 43.875484
2809 1988 2007 44.95459
2811 2007 2020 46.700527
2805 2007 2023 49.987511
2804 2023 4638 15.805322
2808 4638 4637 14.118164
2807 4637 4636 15.805322
2810 2007 2024 50.527344
3080 2002 2022 55.64624
2890 2022 4650 37.646313
2889 4650 4646 26.727127
3101 4646 4645 42.766232
3102 4645 4644 16.387775
2891 4650 4652 51.270061
2892 4652 4653 42.065369
3422 4646 4651 53.719215
3332 4644 4647 66.697777
3331 4647 4648 6.844804
3333 4648 4649 4.604553
3077 2019 4830 72.554878
3103 4644 4643 97.003136
3105 4643 4642 38.503098
3104 4643 3441 58.50473
3003 3441 3434 49.949108
3005 3434 3440 47.193336
3006 3440 3447 43.72813
3136 3441 4640 77.097839
2824 4640 4639 64.792244
3134 4642 4641 78.276527
3007 3447 4634 95.513695
2775 4634 4635 5.869728
2774 4634 4632 36.838238
2773 4632 4633 10.173742
2817 1970 1961 99.380074
2816 1961 1953 87.696579
3392 1953 1955 35.195953
3391 1955 1959 27.636219
3390 1959 1962 61.776409
3531 1962 1963 16.923903
3530 1963 1966 14.741734
3529 1966 1968 14.27661
3389 1962 1965 30.217823
3388 1965 1969 28.20767
3021 1969 1972 12.430403
3020 1972 1976 47.774357
3107 1976 1985 30.716141
3046 1985 1999 41.442657
3047 1999 2011 21.692297
3212 2011 2016 18.913012
3211 2016 2027 30.177198
2750 1976 1991 47.059193
2749 1991 2006 37.219612
2752 2006 2013 11.657498
2751 1991 2010 44.260319
2753 2006 2021 49.626736
3022 1972 1979 50.710758
3048 1979 1990 43.881638
3049 1990 2003 33.718552
3052 2016 4563 61.195477
3051 4563 4556 35.9515
3210 4556 4549 21.565514
3209 4549 4543 22.946774
3208 4543 4541 15.975586
3207 4541 4529 61.513229
3030 4529 4526 63.754768
3032 4526 4525 34.016975
3323 4525 4522 51.215031
3324 4525 4528 62.444656
3291 4528 4530 40.365246
3290 4530 4534 34.269341
2732 4530 4538 44.005241
2731 4538 4547 50.189121
2734 4547 4553 17.761892
3289 4553 4560 21.674795
2733 4538 4548 50.404095
2735 4547 4561 55.902332
3394 4528 4533 58.870472
3395 4533 4535 18.376953
3396 4535 4540 15.665058
3397 4540 4537 14.483533
3370 4534 4550 62.744995
2996 4550 4552 9.262002
2997 4552 4562 45.773121
2994 4552 4565 67.224197
2993 4565 4568 18.501764
2995 4568 4570 6.644878
3533 4534 4551 67.62442
3534 4551 4555 13.574707
3535 4555 4559 12.354662
3536 4559 4558 12.904711
3366 4550 4564 67.950851
3367 4564 4566 18.693438
3368 4566 4569 12.771718
3369 4569 4567 12.161386
3031 4526 4531 69.952019
2726 4531 4536 46.552971
2727 4536 4532 24.977116
2728 4536 4544 33.486042
2730 4544 4546 15.898282
2729 4544 4539 23.934736
2820 4539 3446 49.949108
2819 3446 4557 39.383869
2821 4557 4545 30.664499
2822 4545 4542 22.038656
2823 4545 4554 27.171818
3042 1999 2026 70.381126
3043 2026 4705 16.471405
3044 4705 4706 7.064791
3045 4706 4707 4.604553
3028 4532 4527 72.7276
2723 4527 4524 51.452656
2724 4524 4523 17.761034
2725 4524 3442 56.061298
3364 4527 3437 64.518692
3363 3437 3435 36.660057
3470 3435 3429 61.96339
2875 3429 3430 26.630733
3325 4562 4571 72.733238
3326 4571 4572 34.574551
3409 4572 4573 11.205364
3410 4573 4574 10.624639
3328 4572 4575 53.482956
3327 4575 4577 31.053083
2746 4577 4578 17.161539
2741 4578 2018 48.446133
2742 2018 2008 32.994179
2743 2018 4580 34.495346
2744 4580 4579 40.395443
3411 4574 4576 59.061008
3373 2027 3439 77.506416
3387 3439 3431 73.905632
3545 3431 3433 26.202065
3149 4522 4520 80.120941
3339 4520 4516 62.145069
3338 4516 4521 62.008183
3337 4521 4474 17.527851
3336 4474 4471 26.323099
3335 4471 4463 50.793633
3334 4463 4462 6.644878
3344 4462 4455 51.014153
2722 4516 4513 62.444599
2721 4513 4514 52.405376
2720 4513 4515 56.60091
3381 4515 4517 12.963338
3382 4517 4519 14.22345
3383 4519 4518 12.160926
3343 4455 4467 71.857521
3342 4467 4469 15.225348
3341 4469 4468 28.149294
3340 4468 4475 61.243774
2858 4468 4453 90.014328
2859 4453 4448 86.358406
2861 4448 4443 65.141876
2877 3442 4682 91.374039
2878 4682 3443 71.804588
3526 1968 1983 96.180138
3525 1983 1986 11.600468
3527 1986 1989 8.551238
3528 1989 1992 5.342219
3372 2027 4851 98.509819
3419 2008 1974 106.84008
3418 1974 1980 28.546154
3329 1974 1967 55.532383
3206 1974 1994 78.13855
2998 1895 4700 108.58567
3359 3437 4847 109.957504
3358 4847 4848 16.256062
3362 4848 4850 23.080063
3361 4850 4849 11.063348
3008 4635 1889 111.478188
2907 1889 3425 89.092422
2908 3425 3424 42.423016
2906 3425 3436 82.898285
2905 3436 3444 52.635323
2904 3444 3445 16.508694
3205 1994 4831 120.764725
3443 1903 1882 124.508202
3444 1882 1871 36.529701
2959 4505 4497 130.371689
2957 4497 4499 27.403591
2924 4497 4491 71.174896
2922 4491 4496 42.391937
2921 4496 4500 61.911129
2923 4491 4487 66.176537
3461 4487 4484 17.357731
2702 4484 4483 13.454472
2700 4483 4482 42.204124
2701 4483 4485 50.912586
3451 4485 4486 5.938965
3450 4486 4489 41.960415
3460 4489 4492 33.941006
2698 4482 4488 90.793907
3496 4488 4490 40.205654
3495 4490 4493 21.951508
3494 4493 4495 27.913561
3493 4495 4498 39.141418
3492 4498 4503 74.171005
3491 4503 4506 52.105698
3490 4506 4509 38.743511
2705 4509 4510 39.957512
3483 4488 4494 78.059204
2703 4510 4511 82.898392
2956 4494 4501 83.292381
2704 4510 4512 94.898842
3489 4512 4466 93.973412
3488 4466 4460 24.19981
3487 4460 4452 84.941147
3486 4452 4450 25.982018
3485 4450 4447 40.721664
3484 4447 4444 39.466095
2840 4444 4426 94.92157
2839 4426 4439 58.701626
2837 4426 4412 76.349632
2836 4412 4411 34.182213
3108 4411 4416 55.585133
3109 4416 4425 40.908112
3110 4425 4432 42.204441
2835 4411 4404 65.417328
2879 4416 4418 67.246529
2834 4404 4398 73.336327
3179 4398 4396 6.878607
2833 4396 4394 14.594485
2832 4394 4390 38.860184
3541 4390 4392 24.241411
3180 4396 4395 69.306534
3178 4395 4399 24.389364
3177 4399 4391 46.203671
3176 4391 4386 39.473259
3175 4386 4380 53.250473
3174 4380 4374 38.040176
3316 4395 4387 59.394726
3315 4387 4381 50.530655
3314 4381 4373 56.786724
3540 4392 4403 80.531532
3313 4373 4367 82.590225
2676 4374 4385 90.221077
2677 4385 4388 13.299283
2678 4388 4401 105.053185
2882 4401 4405 37.121563
2881 4401 4407 60.07716
2958 4499 4502 109.285667
3001 4502 4504 47.291191
3000 4504 4507 30.168407
3539 4398 4408 109.851013
3538 4408 4419 99.856949
3537 4419 4433 74.678047
2707 4419 4435 90.852219
2706 4408 4421 102.953819
2828 4367 4364 110.728889
2829 4364 4365 56.000126
2830 4365 4366 32.758984
3512 4411 4428 112.87027
3513 4428 4441 66.86438
3514 4441 4449 88.459557
3515 4449 4457 105.811852
2675 4364 4362 117.588943
2674 4362 4361 25.788883
2673 4361 4360 136.803314
2672 4360 4359 62.359375
2671 4359 4358 42.232086
3417 1980 4614 139.853226
3416 4614 4612 33.834167
3415 4612 4609 13.689851
3414 4609 4607 21.283642
3413 4607 4610 24.674015
2865 4610 4617 83.744217
2864 4617 4621 58.473988
2862 4621 4622 21.573048
2863 4621 4623 71.575447
3271 4623 4625 123.636124
3163 4625 4626 58.575722
2825 4625 4627 72.406273
2826 4627 4628 54.068409
2827 4628 4629 28.736107
3312 4627 4630 88.721626
3311 4630 4846 76.812599
3310 4846 4465 118.614021
3268 4465 4619 117.266716
2872 4619 4608 105.539764
2871 4608 4604 60.46249
3309 4604 4596 91.931091
3518 4596 4592 49.413086
2919 4592 4589 49.555313
2918 4589 4584 88.670296
2917 4584 4583 25.021818
3263 4583 4585 25.991995
3264 4585 4586 54.600361
3261 4586 4590 64.775795
3260 4590 4594 38.343067
3259 4594 4597 29.906502
3229 4597 4602 34.994766
3228 4602 4603 4.495033
3517 4594 4598 44.456532
3408 4586 4591 66.321671
3258 4603 4605 67.186073
3257 4605 4611 57.257847
3256 4611 4472 26.37793
2849 4584 4587 74.073296
3262 4585 4588 77.033707
2916 4588 4593 78.624405
3478 4472 4461 82.962402
3477 4461 4458 20.768396
3225 4458 4454 33.052475
3057 4458 4470 76.235329
3016 4470 4473 34.467731
3017 4473 4858 21.183249
3551 4858 4854 72.415611
3552 4854 4855 15.848435
3553 4855 4857 7.922104
3554 4857 4856 13.690456
3054 4470 4708 75.891907
3053 4708 4709 16.491549
3055 4709 4710 7.826339
3056 4710 4711 7.557208
3012 4473 4701 81.842972
3013 4701 4702 13.858857
3014 4702 4704 12.16502
3015 4704 4703 9.411257
3227 4603 4606 83.92971
3308 4604 4613 98.082031
3265 4613 4615 26.570793
3266 4615 4616 14.074089
3307 4613 4618 60.906742
3270 4618 4620 27.753702
3509 4583 4582 107.394615
3510 4582 4581 37.739285
3318 4588 4595 108.747902
3319 4595 4599 17.452244
3320 4599 4601 10.188225
3321 4601 4600 14.014181
3293 4465 4451 117.299004
3292 4451 4446 68.859169
2719 4446 4440 57.2104
2718 4440 4445 45.650906
2712 4440 4429 58.680344
2710 4429 4436 44.282131
2711 4429 4420 45.235443
2714 4420 4415 21.394001
2713 4415 4424 44.729153
3466 4420 4430 49.996143
3465 4430 4434 34.191185
3464 4434 4442 30.120661
2715 4415 4410 53.345692
2716 4410 4413 43.647823
2717 4410 4406 44.37553
3294 4406 4409 36.259384
3356 4409 4414 58.950478
2709 4414 4422 38.856888
3355 4414 4427 63.1003
3354 4427 4431 23.080502
2708 4422 4437 74.656158
3026 4406 4393 127.068756
3027 4393 4384 51.983639
3025 4393 4397 64.613449
3024 4397 4400 36.400677
3218 4384 4377 68.449013
3221 4377 4376 5.134118
3220 4376 4371 36.791565
3140 4371 4369 34.341694
3141 4369 4368 13.689851
3139 4369 4370 27.358501
3138 4370 4372 15.575678
3219 4376 4379 40.308693
3564 4371 4378 55.314819
3563 4378 4383 52.761066
3283 4383 4389 30.155476
3295 4383 4382 46.843243
3296 4382 4375 45.814941
3217 4384 4402 130.969147
2680 1834 1862 141.812119
2679 1862 1880 76.625755
3482 4494 2001 145.201294
3481 2001 1982 63.962261
2980 1982 1977 15.096575
2979 1977 1998 69.194389
3480 1998 4624 102.182411
3469 3429 3418 151.007599
3468 3418 3413 133.243942
3520 3413 3398 104.196739
3521 3398 3395 28.607422
3543 3395 3410 100.962891
3385 3395 3388 140.437012
3386 3388 3389 36.105911
2759 3389 3391 29.721134
2760 3391 3393 52.578785
2758 3391 3394 54.05455
2755 3394 3399 53.675922
2756 3399 3403 29.340172
2757 3394 3401 55.750362
2754 3399 3406 59.000725
3467 3418 3427 146.762711
3216 4402 4417 158.231934
3215 4417 4423 28.235352
3214 4423 4438 73.412682
1468 3482 3492 160.0672
4671 5166 5133 160.387283
10 2159 2154 160.897079
7029 2154 2152 15.884207
7028 2152 2150 35.559025
11 2150 2148 15.142239
187 2148 2147 31.116545
185 2147 2149 36.900784
188 2147 2151 50.711266
2033 2151 2153 39.008636
2006 2153 2156 53.483009
186 2147 2155 97.822769
3474 999 1040 161.103287
3473 1040 1047 48.077938
3374 3424 3417 161.222153
3115 3417 3411 89.521606
3114 3411 3415 43.543213
3116 3411 3397 84.014687
2765 3397 3396 9.757324
2764 3396 3404 54.242676
3122 3397 3408 72.839104
3121 3408 3412 15.981219
2766 3396 3390 94.193604
2768 3390 3392 54.243164
2769 3392 3400 57.515179
2770 3400 3402 9.515079
2772 3402 3405 45.850742
2771 3402 3407 51.168583
2762 3400 3409 65.700195
2761 3409 3414 52.240383
3421 3409 3416 86.446487
3375 3417 3419 99.730888
3376 3419 3421 42.354004
3112 3416 3420 141.523895
2941 3420 3423 24.044561
2940 3423 3426 53.675701
4345 4775 4789 161.276825
6689 5985 87 161.782028
6686 87 103 64.677238
6535 103 111 50.503323
6825 87 79 71.080322
6824 79 75 59.455437
6826 75 73 35.790092
6827 73 71 41.148804
6828 71 70 32.013359
6829 70 69 28.25495
6537 79 86 68.789963
6536 86 95 37.755005
6788 69 65 111.144104
6790 65 62 41.861759
6791 62 58 50.20322
6792 58 56 67.198586
6793 56 54 58.920319
6794 54 50 55.403172
6795 50 37 103.368668
6789 65 68 108.472771
6787 68 72 85.662285
6786 72 76 76.897911
6785 76 81 51.715446
6784 81 84 43.921867
6783 84 93 43.71801
6671 93 101 26.010296
6672 101 116 80.998672
6673 116 5448 15.007422
6685 103 5988 136.180832
6577 101 5430 158.297867
6576 5430 5406 148.239258
6575 5406 5390 99.350441
6755 5390 5396 31.761261
6754 5396 5398 24.31946
6567 5396 5394 31.63591
6566 5394 5386 35.358597
6565 5386 5383 8.068619
6564 5386 5391 25.943686
6763 5391 5395 12.739589
6764 5383 5379 39.514851
6753 5398 5408 44.54248
6752 5408 5404 20.469742
6751 5404 5399 37.49691
6675 5404 5412 39.748753
6604 5412 5414 12.111735
6606 5414 5420 60.075764
6607 5420 5425 28.861559
6610 5391 5401 66.81588
6609 5401 5411 50.481506
6573 5379 5374 70.34301
6637 5412 5421 72.656769
6636 5421 5423 17.608934
6635 5421 5424 73.391953
6572 5374 5370 76.683083
6705 5424 5436 77.336517
6633 5436 5446 109.574997
6571 5370 5363 110.830666
6634 5446 5959 117.244255
6643 5959 5958 45.018162
6644 5959 5969 110.79113
6645 5969 5449 88.796638
6586 5449 5450 19.447788
6585 5450 5919 46.700546
6580 5919 5921 54.006706
6581 5921 5920 20.024366
6582 5920 5918 99.4077
6583 5918 5917 41.875
6563 5917 5916 28.649813
6646 5449 5437 104.175865
6831 5437 5440 41.875
6704 5437 5433 67.135513
4279 5433 5418 69.950943
4202 5418 5417 21.181494
4201 5417 5415 35.248409
4576 5415 5429 92.814781
4575 5429 5435 59.056973
6703 5433 5444 136.656403
6714 5444 5451 58.583942
6715 5451 5989 15.934917
5491 5833 5834 162.050034
1159 3192 3195 162.498749
1158 3195 3196 90.518684
1157 3196 3199 16.347168
1156 3199 3200 7.367849
3213 1912 1928 163.757126
608 382 396 164.018814
950 396 397 4.275813
949 397 401 51.430252
1063 401 405 35.965824
1064 405 416 39.594334
1208 401 413 58.529716
1207 413 421 89.713783
1121 421 425 15.462481
1065 416 429 103.547127
604 396 412 109.874077
603 412 419 70.721802
523 419 424 28.149294
522 424 426 11.896368
521 424 433 54.698975
602 426 442 80.275635
520 442 445 13.338525
519 442 453 46.67593
601 445 470 108.374634
600 470 2923 64.396751
1120 425 451 122.391808
826 451 466 72.319077
1119 425 452 125.606079
1118 452 461 17.632599
1117 461 3330 69.224312
1114 3330 468 9.54045
708 468 464 35.322205
709 464 3329 100.507751
912 3076 3087 164.150543
913 3087 435 148.900986
1174 435 454 69.721695
1175 454 459 9.208672
1176 459 456 22.663086
1177 456 420 151.027878
1178 420 440 93.684265
1179 420 408 95.47438
3280 1857 1901 166.300797
3279 1901 1909 19.657177
3278 1909 1942 32.754986
3276 1942 1950 54.47583
3275 1950 1954 71.108864
3274 1954 1958 30.09375
810 3069 3075 166.334152
922 3075 3080 62.905666
808 3080 3083 74.560913
807 3083 3092 79.034843
806 3092 3100 51.56562
805 3100 3102 11.217485
804 3100 3094 36.988003
1126 3094 3112 130.230698
1865 4012 4022 167.306137
5245 5741 5739 168.041687
5164 5739 5737 88.835617
5166 5737 5740 107.047371
6692 5934 5943 168.144775
6693 5943 5944 34.924747
4380 944 5640 168.516586
2687 1876 1044 168.899323
5135 4092 5758 170.187271
6267 1125 1167 170.402664
5938 566 4332 170.58432
4874 5443 5422 171.281845
4873 5422 5419 13.70133
5284 3903 3914 171.629547
5167 5740 5742 171.769363
1503 2307 2321 172.0
1502 2321 2330 79.734398
1501 2330 2339 92.534615
1500 2339 2362 161.706711
1499 2362 2381 107.409515
1498 2381 2382 22.238569
1497 2382 3965 21.748972
1496 3965 3964 17.597977
1495 3964 3963 17.750193
3476 4443 4456 172.467621
3475 4456 4464 52.109905
1976 497 512 172.778671
1932 512 516 43.402416
1952 512 528 127.355782
1853 528 533 34.327049
1854 533 534 4.724808
1852 533 547 85.440437
1954 534 558 125.213097
1953 558 561 11.50448
1970 561 568 32.405895
1969 568 574 26.749878
1968 574 579 20.0625
1960 561 571 46.460644
1955 571 2221 84.136696
1959 571 4126 121.172119
1946 4126 4127 83.410248
1945 4127 4128 25.358286
1940 4127 4129 68.205826
1941 4129 4130 19.031675
1942 4130 4131 8.195913
1944 4131 4132 10.981093
1933 4126 4122 120.304344
1934 4122 4123 14.805857
1935 4123 4124 8.875147
1936 4124 4125 4.63105
2052 534 559 125.947388
2051 559 562 14.118042
2043 4011 4003 173.146866
1988 4003 4006 68.90638
1984 4006 4010 99.942436
1985 4010 4013 20.422478
1986 4013 4014 14.183619
1716 2379 3590 173.925873
1601 3590 3586 56.696644
1602 3586 3567 106.899841
6394 1492 1512 174.234604
6393 1512 1519 38.74342
5248 5726 5727 174.415146
5249 5727 5728 16.0998
5250 5728 5729 7.26878
5251 5729 5730 4.386161
1641 2308 2323 174.441574
1640 2323 2329 63.740208
3189 3388 3379 174.617188
3190 3379 3364 163.47168
2910 3364 3362 31.219543
2909 3362 3361 53.515129
3150 3361 3363 81.449219
3151 3363 3365 13.118767
3152 3365 3366 21.94099
2795 3363 3368 51.565666
2794 3368 3370 15.357872
2801 3370 3371 28.077797
2800 3371 3373 44.590755
3159 3373 3376 18.291706
2911 3362 3369 88.357849
3153 3366 3375 117.253723
3154 3375 3384 112.573555
3155 3384 3386 15.225348
3156 3386 3385 18.327742
2799 3385 3382 40.674805
2798 3382 3381 35.057568
2778 3385 3383 40.684322
2803 3381 3374 50.051582
3157 3374 3377 14.81917
2780 3374 3372 40.977879
2779 3372 3367 69.130577
2777 3383 3387 81.902252
2797 3382 3380 115.226372
2783 3367 3378 125.525108
1190 3192 3190 175.744736
736 3190 3189 133.084442
1191 3190 3191 165.559357
921 3080 3098 176.023209
920 3098 3107 46.398567
6766 5926 5942 176.287643
1956 2221 2178 176.468903
1894 2178 2167 59.039848
1892 2167 2171 25.524551
1891 2171 2174 15.193797
1890 2174 2183 51.363682
1867 4060 4038 177.792114
98 833 830 178.176117
3298 4368 4363 178.844894
189 4363 2815 60.006618
2563 2815 2807 25.786951
2660 2807 2798 36.452404
2564 2807 2894 75.223694
2613 2798 2771 126.177338
2612 2771 2756 95.526619
2648 2756 2742 88.829941
2649 2742 2754 67.573898
2647 2756 2769 89.036629
2611 2771 2790 100.870781
2650 2742 2727 125.026436
2592 2727 2738 77.713776
2590 2738 2741 46.326298
2589 2741 2744 14.345789
2588 2744 2746 14.868464
2587 2746 2755 40.215553
2586 2755 2764 72.842743
2591 2738 2747 82.597717
2655 2747 2751 11.063555
2607 2747 2761 94.114815
2605 2761 2763 5.357137
2604 2763 2772 52.938618
2626 2772 2779 52.835396
2539 2779 2787 33.902489
2538 2787 2795 21.312937
2637 2795 2808 53.938648
2540 2808 2811 17.893682
2541 2811 2882 41.008862
2569 2882 2885 65.021561
2568 2885 2887 24.581675
2571 2887 2888 13.689851
2603 2763 2773 72.729897
2656 2772 2784 76.126564
2542 2882 2877 79.80748
2625 2779 2800 80.49839
2624 2800 2804 13.999023
2623 2804 2805 13.118594
2636 2808 4352 87.939484
2635 2795 2820 88.022652
2669 2795 4356 92.647675
2668 4356 4357 7.037151
2667 4357 4355 10.188169
2666 4355 4354 13.689608
2614 2779 2803 93.320412
2577 2882 2889 94.229095
2578 2889 2890 15.93105
2579 2890 2892 12.904711
2580 2892 2891 14.013945
2575 2808 4350 97.797119
2573 4350 4348 10.341126
2572 4348 4349 6.202787
2574 4349 4351 5.964589
2585 2764 2782 112.597176
2584 2782 2783 4.814767
2583 2783 2788 22.067217
2582 2788 2789 13.575195
2536 2761 2780 115.109085
2535 2780 2785 21.01549
2537 2780 2791 41.816833
2606 2785 2799 54.397827
2627 2727 2717 166.772995
2629 2717 2723 91.148979
2630 2723 2725 50.528503
2631 2725 2728 67.173706
2632 2728 2722 87.661217
2633 2722 2720 27.388586
2634 2720 2718 53.73909
2609 2718 2715 70.060165
2555 2715 2712 74.549667
2556 2712 2713 24.20895
2661 2713 2714 20.174314
2557 2712 2711 50.243118
2662 2711 2710 21.951508
2608 2715 2719 80.65744
2621 2718 2721 80.77961
2619 2721 2726 78.341347
2615 2726 2731 41.846294
2616 2731 2732 8.207271
2617 2732 2733 7.556906
2618 2733 2734 5.051944
2620 2721 2730 93.460289
2645 2730 2737 65.784576
2644 2737 2740 33.027267
2643 2740 2750 63.953995
2642 2750 2752 10.253049
2641 2752 2757 36.935398
2640 2757 2770 88.340492
2602 2770 2774 33.261185
2600 2774 2793 75.801041
2599 2793 2814 82.29081
2597 2814 2819 10.111633
2598 2819 2821 4.174092
2601 2774 2797 93.914055
2547 2797 2816 67.096436
2546 2816 2817 5.418625
2550 2817 2878 22.710224
2549 2878 2871 40.330311
2552 2871 2870 10.266782
2553 2870 2869 22.038891
2567 2869 2864 36.119942
2566 2864 2863 51.833626
2639 2863 2862 33.747105
2638 2862 2860 51.049328
2658 2863 2866 64.888557
2657 2866 2867 9.225445
2659 2867 2868 12.606766
2545 2817 4347 75.949524
2559 2864 2872 79.264236
2560 2872 2874 15.357647
2561 2874 2876 7.922608
2562 2876 2875 11.063348
2551 2870 2879 84.341492
2548 2878 2883 85.127487
2565 2864 2873 88.02562
2610 2871 2880 90.988716
2593 2793 2823 97.589211
2595 2860 2857 103.148254
2594 2857 2859 81.307167
4930 4981 4997 178.91597
4929 4997 5012 90.974838
4928 5012 5027 61.044918
4927 5027 5031 28.207432
4926 5031 5048 71.385124
2325 257 298 180.032578
2324 298 310 30.599882
336 1510 2694 180.734055
4280 5418 5442 181.398163
1484 3621 3653 184.44783
1735 2296 2313 184.466705
1512 2313 2315 46.115112
1513 2315 2318 18.228165
1514 2318 2333 174.679474
1515 2333 2338 29.752874
1299 2333 2343 60.301075
1300 2343 2345 33.525997
1301 2345 2352 39.566463
1302 2352 2350 33.140476
1039 3193 3198 185.390656
785 3198 3201 88.275131
784 3201 3202 33.531231
23 3202 3203 5.514648
2099 3203 3204 110.445801
2098 3204 3208 90.407234
2097 3208 3211 68.020302
2096 3211 3212 102.461815
2095 3212 3213 153.277695
2094 3213 3214 12.445436
2136 3213 3215 43.402004
2135 3215 3216 42.019531
2134 3216 3218 66.990067
2133 3218 3220 97.504936
2132 3220 3221 26.870785
2131 3221 3222 30.539082
2130 3222 3225 63.485645
2129 3225 3228 61.52602
2194 3220 3224 79.94381
2193 3224 3226 56.414799
2192 3226 3229 55.283672
2191 3229 3231 31.491177
2190 3231 3234 39.449921
2189 3234 3238 66.536324
2188 3238 3242 88.543221
2187 3242 3245 20.535078
2186 3245 3247 27.203911
2185 3247 3248 17.392561
2184 3248 3249 16.11578
2183 3249 3250 19.258394
2182 3250 3252 51.739624
2181 3252 3253 20.748304
2180 3253 3254 37.933964
2179 3254 3255 10.773926
2178 3255 3258 15.217104
2177 3258 3260 30.860296
2176 3260 3265 57.388935
2175 3265 3267 38.447304
2174 3267 3269 31.491177
2173 3269 3270 41.020687
2093 3214 3217 98.136772
2207 3228 3236 126.958015
2206 3236 3240 69.503036
2205 3240 3244 51.722404
2204 3244 3251 90.053543
2092 3217 3219 135.188217
2091 3219 3223 68.638504
2090 3223 3227 87.100052
2089 3227 3230 48.366062
2082 3230 3232 48.396515
2081 3232 3233 11.054306
2080 3232 3235 22.865314
2088 3233 3237 52.163639
2087 3237 3241 99.104279
2203 3251 3259 148.371841
2202 3259 3263 28.607422
2201 3263 3266 64.465271
2172 3270 3277 152.823578
2171 3277 3278 39.661095
2170 3278 3281 48.285061
2169 3281 3283 29.944172
2168 3283 3286 19.249422
2215 3283 3285 76.416763
2216 3285 3284 5.639135
2217 3284 3282 8.87559
2218 3282 3280 39.170322
2219 3280 3276 78.445511
2220 3276 3275 51.853199
2221 3275 3271 97.367409
2222 3271 3268 69.795166
2223 3268 3261 100.884476
2224 3261 3257 38.132214
2167 3286 3290 128.503128
2166 3290 3291 23.158487
2165 3291 3293 22.619293
2164 3293 3294 12.749037
2163 3294 3297 35.257969
2162 3297 3298 18.335583
2161 3298 3299 14.184072
2160 3299 3300 15.19333
2159 3300 3301 12.513166
2158 3301 4216 134.251373
2157 4216 4208 114.827843
2156 4208 4204 128.074814
2108 4204 4202 30.976677
2107 4202 4203 19.104303
2153 4203 4205 39.660614
2109 4202 4200 71.319405
2110 4200 4199 22.1675
2106 4199 4201 69.670967
2152 4205 4209 121.466812
2151 4209 4212 69.193779
2150 4212 4218 36.340134
2149 4218 4219 31.304256
2148 4219 4220 24.159985
2105 4201 4206 129.398117
2104 4206 4210 92.219521
2103 4210 4213 51.992828
2102 4213 4215 18.757278
2111 4199 4193 145.504547
783 3201 3205 165.271759
782 3205 3206 24.168964
781 3206 3207 37.325512
780 3207 3209 46.160351
779 3209 3210 30.199272
2199 3228 3239 165.95311
2079 3235 3246 168.769516
2112 4193 4191 183.741501
2113 4191 4188 181.348221
2062 4188 4189 71.96994
2114 4188 4187 71.986382
2115 4187 4186 52.401463
2116 4186 4185 77.215416
2061 4188 4190 133.260101
2060 4190 4192 133.684082
2059 4192 4194 114.996353
2058 4194 4197 66.923569
1827 2149 2157 186.111877
1829 2157 2161 67.023369
1825 2161 2164 27.957916
1826 2164 2168 19.081308
1831 2161 2170 70.231613
1832 2170 2175 21.319376
1833 2175 2177 9.951435
1834 2177 2176 13.713559
1998 2168 2184 95.859863
1828 2157 2166 109.625412
1848 2166 2186 102.887398
1997 2184 2213 115.173096
192 2213 2226 69.506363
190 2226 2241 49.768589
191 2226 2248 80.579025
2004 2213 2236 91.791603
193 2226 2196 136.178833
1958 2196 2204 28.920368
5922 2204 2229 114.305824
1801 2204 2242 159.545883
1800 2242 2258 92.398422
1809 2258 4114 68.830826
1850 2258 4120 96.359474
1799 2242 4117 140.015106
2841 4444 4459 186.815155
928 2967 2991 188.114731
929 2991 2994 8.235284
737 2994 3003 47.754211
738 3003 3008 15.384569
739 3008 3009 12.513166
740 3009 3012 7.368271
930 2994 3014 81.727974
931 3014 3018 27.387949
2747 4575 1975 188.364182
330 74 92 191.286179
331 92 104 41.572998
332 104 2685 71.080208
333 2685 2686 163.085587
472 2686 2687 96.993027
471 2687 2688 22.936136
470 2688 2690 57.383404
467 2690 2691 87.384552
466 2691 2692 18.793173
469 2692 2693 16.87895
334 2686 2689 123.411057
3240 1805 1815 191.679626
6750 50 59 193.031677
6749 59 61 28.195171
6748 61 64 34.873329
6538 59 63 44.679455
6747 64 67 52.789452
328 74 66 193.469788
3160 3361 3349 193.974106
3522 3349 3348 8.695968
3523 3348 3344 127.495415
3351 3344 3343 31.872869
3350 3344 3345 32.919231
3349 3345 3346 51.789989
3345 3346 3347 36.489662
3346 3347 3350 23.037174
3348 3350 3352 15.853525
2790 3346 3351 61.839569
2785 3351 3353 43.505577
2786 3353 3355 12.354662
2784 3353 3356 17.528069
2788 3356 3357 12.111873
2789 3351 3354 52.737328
3433 3354 3358 59.730408
3432 3358 3359 9.736115
3434 3359 3360 9.20888
3524 3343 3342 104.815224
3504 3342 3341 127.697769
3505 3341 3340 21.634766
3506 3340 3339 21.184486
3507 3339 3337 161.239288
3405 3337 3338 58.739834
5398 4912 4908 194.746918
4477 5432 5402 196.196167
4478 5402 5393 64.823921
4479 5393 5385 40.9333
4484 5385 5410 192.046326
1792 552 4112 196.256516
1794 4112 4113 18.903242
2018 514 545 196.74852
2023 545 548 12.932707
2025 548 550 3.927352
2026 548 551 19.038284
4651 1542 1551 198.197067
4652 1551 1554 75.419922
5190 5745 5748 198.450546
5189 5748 5750 66.35704
937 408 388 201.829071
938 388 384 49.591801
936 388 406 191.213928
935 406 409 10.714252
644 409 399 71.791374
6109 1107 1140 201.982773
532 383 368 203.499496
533 368 378 151.78833
5110 4718 4719 203.751968
5111 4719 4720 69.363457
5112 4720 4721 94.050789
5113 4721 4722 111.487442
365 74 96 204.476593
364 96 105 28.83717
256 105 108 32.141499
255 108 112 15.193726
254 112 115 10.907202
253 115 2648 11.430612
252 2648 2645 9.78295
251 2645 2643 14.542446
250 2643 2642 19.864456
248 2642 2641 5.031873
249 2642 2644 25.161377
412 2644 2646 11.468258
413 2644 2647 14.282674
414 2647 2649 14.00763
5405 4926 4927 204.595947
5643 4927 4928 51.40266
5642 4928 4929 17.784979
5126 4735 4734 208.40686
5125 4734 4733 24.900122
5124 4733 4732 8.271547
5123 4732 4731 58.375023
5122 4731 4730 157.19603
5121 4730 4729 98.360123
5120 4729 4728 61.173527
5119 4728 4727 116.894714
5118 4727 4726 21.564142
5117 4726 4725 24.697382
5116 4725 4724 20.340307
5115 4724 4723 43.058483
4672 5133 5195 208.80986
3459 4492 4508 210.861923
462 2512 2522 211.897018
456 2522 2525 12.019871
457 2525 2528 10.150872
458 2528 2529 13.505586
459 2529 2530 11.579472
461 2522 2527 16.22468
643 406 443 212.059067
2005 2156 2169 212.224594
76 479 491 214.543396
2226 3230 3243 219.248749
4198 5407 5387 220.060593
4196 5387 5384 18.301626
4197 5387 5400 81.216354
4577 5384 5409 142.284088
4291 5409 5428 130.873474
4293 5400 5431 192.678665
4294 5431 5445 157.274429
5330 5747 5749 224.117813
5331 5749 5751 184.574036
120 5751 5752 168.709763
5336 5752 5753 59.890812
5335 5753 5754 49.201313
5334 5754 5755 48.365429
5333 5755 5756 33.902733
5332 5756 5757 59.963219
429 2704 2705 224.630753
2117 4185 4183 225.879288
2118 4183 4182 72.549393
2119 4182 4181 44.530804
2120 4181 4175 43.096149
2227 4175 4171 131.119034
2228 4171 4170 29.968918
2229 4170 4167 10.906644
2128 4170 4172 76.342995
2122 4172 4174 75.501221
2123 4174 4176 12.442158
2124 4176 4178 10.837418
2125 4178 4179 9.503426
2126 4179 4180 12.019544
2127 4180 4177 14.542931
2213 4167 4165 87.611855
2212 4165 4166 40.438286
2209 4166 4168 48.906261
2210 4168 4169 16.786968
2214 4165 4163 62.651787
2230 4163 4161 32.599949
28 37 11 227.213562
1762 3996 3993 228.64978
1763 3993 3994 23.821316
1761 3993 3992 83.115746
1798 3994 582 95.868774
1796 582 4116 155.422592
1795 4116 4115 125.905243
1860 3994 3995 190.193054
1859 3995 3997 73.485626
1858 3997 3998 17.294582
1857 3998 4000 23.379309
1856 4000 4001 21.210449
1855 4001 4002 21.686232
119 4002 575 132.88739
5159 575 5761 83.150475
5158 5761 5760 58.489189
5157 5760 5759 36.064007
5171 575 5732 117.654564
5172 575 539 155.210114
5173 539 518 162.758698
5174 518 515 4.173973
5358 518 527 79.218941
4480 5385 5367 229.234711
4481 5367 5358 189.085403
4454 5358 5356 158.291443
4143 5356 5357 136.655319
4144 5357 5365 165.236664
4142 5356 5353 174.156387
4482 5358 5368 197.174362
4455 5368 5376 145.88826
4456 5376 5382 59.823887
934 409 450 230.457794
1084 3153 3183 231.708344
3597 4869 4868 233.741699
645 452 2924 236.822815
2154 4204 4214 237.351959
2155 4214 4217 12.631836
2596 2857 2852 238.414459
545 2852 2853 35.296791
546 2853 2854 64.451279
578 2852 2850 93.139679
547 2854 2856 112.525528
548 2856 2861 161.166306
549 2861 2865 114.02906
576 2850 2845 193.081024
575 2845 2847 87.2939
574 2847 2849 89.647644
4361 854 941 238.79425
4360 941 5636 63.669994
4359 5636 5635 25.393147
4358 5635 5634 28.252232
4357 5634 5633 23.87225
4356 5633 5632 30.126436
4355 5632 5631 18.501764
4354 5631 5630 25.473072
4353 5630 5629 38.856457
4352 5629 5628 55.11866
4351 5628 5627 108.790794
4350 5627 5626 37.455029
4349 5626 5625 42.057678
4348 5625 5624 88.991692
4347 5624 4821 73.981003
5343 5743 5738 240.327667
5344 5738 5736 122.34726
5345 5736 5735 101.329018
5346 5735 5734 90.983231
5347 5734 5733 57.769871
2663 2710 2709 242.206772
2664 2709 2708 211.109985
497 2708 2706 97.046936
498 2706 2707 4.458496
102 948 947 245.855301
2084 4175 4173 250.145844
4602 5441 5670 251.043915
4601 5670 5669 44.006264
589 362 358 251.391022
588 358 359 133.637085
570 359 360 108.947556
500 360 364 100.009163
571 359 361 116.475151
205 364 372 215.077209
208 372 377 71.371422
2231 4161 4156 252.340775
2232 4156 4152 153.179123
2233 4152 4154 107.028816
2100 4154 4157 111.020996
2147 4152 4155 134.581482
2146 4155 3306 49.266846
2101 4155 4158 122.442474
2234 4154 4159 154.564499
2235 4159 4162 155.226196
2236 4162 4164 32.599949
2145 3306 3296 178.330551
2144 3296 3295 29.539989
2143 3295 3289 93.702835
2142 3289 3288 32.257744
2141 3288 3279 125.240601
2140 3279 3274 169.312759
2139 3274 3272 49.840496
2138 3272 3256 221.593216
2078 3246 3262 253.52272
2077 3262 3264 12.592053
2076 3264 3273 172.947708
4281 5442 5566 257.44809
48 126 125 259.437286
49 125 123 228.396591
577 2850 2855 261.924316
624 362 370 262.253723
591 370 386 181.08287
583 386 390 74.581482
584 390 395 62.237629
559 390 404 133.55986
554 404 431 185.452133
555 431 434 21.262463
556 434 438 10.150872
557 438 436 16.674934
623 395 422 205.203339
622 422 465 185.619003
590 386 403 206.877579
97 830 829 262.954437
558 404 449 265.551636
630 449 2907 125.974098
617 2907 2906 11.139454
615 2906 2904 155.404282
614 2904 2902 60.148369
613 2902 2900 44.725391
612 2900 2899 65.576538
513 2899 2898 29.946518
611 2899 2901 96.040756
610 2901 2903 63.538662
609 2903 2905 120.739006
512 2898 2897 135.39946
582 449 2848 241.922821
2075 3273 3287 271.268738
2074 3287 3292 162.11409
2073 3292 3302 140.942184
2072 3302 3303 36.498501
2071 3303 3304 17.480736
2070 3304 3305 31.047924
2069 3305 4223 19.468645
2068 4223 4222 54.777481
2646 2730 2765 274.966095
2554 2765 2796 147.388031
509 2796 2838 104.271935
510 2838 2839 205.508255
579 2839 2840 221.732803
580 2840 2843 100.470375
2652 2765 2822 229.664963
524 2839 2841 239.701309
525 2841 2842 29.697954
526 2842 2844 112.808273
527 2844 2846 162.739395
528 2846 2851 193.430054
4872 5419 5380 274.983032
4871 5380 5375 53.178143
4870 5375 5359 254.290833
2057 4197 4207 276.056061
2056 4207 4221 257.870483
616 2906 2908 276.23407
629 2908 2909 21.011473
628 2909 2910 196.368011
627 2910 2911 37.762959
626 2911 2912 64.841042
2651 2822 4353 279.756409
87 66 78 279.768494
4141 5353 5348 280.612457
2054 4152 4151 286.874512
631 449 2918 289.85733
566 2918 2917 36.776485
561 2917 2913 119.900436
562 2913 2914 19.393705
563 2914 2916 8.458864
564 2916 2915 13.533979
565 2917 2919 260.728668
639 2919 2920 24.408297
638 2920 2921 78.246712
567 2919 2922 115.814812
2067 4222 4211 292.424042
75 479 478 294.833679
529 2851 2858 300.142181
4561 5360 5355 300.387909
4562 5355 5352 114.455414
4563 5352 5351 78.058952
4564 5351 5350 78.439392
4565 5350 5347 131.169174
4566 5347 5343 204.346222
4567 5343 5341 249.769501
4568 5341 5340 272.612457
541 378 407 303.342529
540 407 430 131.755722
88 66 82 303.438507
4578 5384 5362 304.077606
4860 5362 5361 18.073784
4861 5361 5364 37.287357
4862 5364 5378 230.291061
4863 5378 5403 179.283386
4864 5403 5439 290.243164
4865 5439 5447 47.7118
2083 4173 4184 307.754791
550 2865 2893 307.830414
551 2893 2886 297.626678
93 714 731 308.564819
94 731 803 279.804779
5348 5733 5731 319.537231
1746 2282 2309 324.153778
1745 2309 2316 110.768166
1744 2316 2319 15.097742
1743 2319 2320 18.330875
1722 2320 2335 156.739212
1721 2335 2337 14.002854
1742 2337 2357 153.147614
1741 2357 2370 70.063103
1740 2370 3984 108.833565
1739 3984 3983 34.110802
1738 3983 3982 66.392441
1737 3982 3981 119.063828
92 714 712 325.999878
285 782 2683 326.601288
5264 3594 3579 327.810516
1674 3579 3584 151.695419
1673 3584 3593 165.128082
1672 3593 3598 112.142769
1671 3598 3600 30.725941
1670 3600 3602 35.667522
1669 3602 3605 70.718575
1668 3605 3609 36.203136
206 372 400 329.297852
2195 400 402 11.579018
2196 402 411 41.750027
2197 411 414 10.714252
2085 4175 448 330.405273
53 448 469 95.11084
4869 5359 5354 335.223145
2063 4189 4195 338.713257
2064 4195 4196 12.019181
2065 4196 4198 56.843262
4694 5340 5338 344.902008
2055 4221 4224 345.385834
2053 4151 4153 347.011841
2208 4153 4160 245.618561
41 239 270 349.654602
80 270 309 128.987625
81 309 592 277.716217
50 123 121 352.85083
745 3155 3307 353.980255
6174 1415 5892 357.154388
43 238 237 358.990173
44 237 236 208.662888
45 236 184 332.353607
51 121 118 364.763855
52 118 119 247.535339
63 119 120 107.460258
531 2858 2881 366.353058
585 2881 2884 20.745878
621 2881 2895 185.388657
587 2884 2896 194.391159
4868 5354 5346 372.260284
4867 5346 5344 44.035011
4471 5438 5653 390.654053
507 361 380 396.783234
508 380 385 47.545601
506 380 389 94.564217
573 385 394 123.581467
572 385 415 258.713623
592 415 423 84.661247
593 423 427 20.506098
594 427 437 61.072422
595 437 444 24.883423
504 444 2826 188.254837
505 2826 2828 66.49276
596 2828 2829 27.387579
597 2829 2830 20.849407
598 2830 2831 194.126831
599 2831 2832 66.214668
503 2826 2824 269.766602
502 2824 2825 116.260132
501 2824 2827 294.227264
637 2827 2833 355.405457
636 2833 2834 66.91967
635 2834 2835 31.951172
634 2835 2836 60.597538
633 2836 2837 179.116272
326 1465 1507 405.789917
269 1507 1517 49.198792
268 1517 1523 29.697838
258 1523 1527 36.122276
217 1507 1526 114.978554
216 1526 2661 81.332474
270 2661 2662 32.449696
272 2662 2663 10.713529
273 2663 2664 4.503442
218 1526 2651 89.666374
259 1527 2653 145.565475
260 2653 2654 68.858368
261 2654 2655 46.331409
262 2655 2656 18.757473
263 2656 2657 77.397415
264 2657 2658 13.325143
267 1523 2660 150.682297
266 2660 2659 23.206768
215 1526 2665 153.293732
327 2651 2652 168.64978
257 2651 2650 190.214645
4923 5351 5349 416.916779
184 5349 5345 117.591881
91 712 711 418.507599
85 711 710 205.051132
84 710 631 372.671448
107 358 366 419.818176
108 366 393 387.196228
494 66 33 421.827362
493 33 27 42.497147
492 27 21 35.265373
1723 2335 3971 430.891235
1724 3971 3972 13.455089
1725 3972 3973 23.413385
1726 3973 3974 24.83066
1727 3974 3975 20.635021
1728 3975 3976 85.472977
1729 3976 3977 12.749037
1730 3977 3978 20.084835
1731 3978 3979 19.569914
1732 3979 3980 127.206726
1733 3980 2377 78.126274
64 119 122 431.172485
77 491 535 431.2435
4140 5348 5342 433.77655
4139 5342 5339 376.632874
1639 2329 3968 438.486877
1638 3968 3967 337.805237
27 11 7 487.541748
26 7 5 314.741272
25 5 2 137.580414
24 2 0 359.674072
29 0 1 95.952362
30 1 3 334.927582
31 3 4 63.649429
32 4 6 56.746574
122 6 8 305.473419
142 6 9 377.394012
127 8 10 421.793671
132 10 12 52.11665
121 12 14 14.769893
373 14 15 30.774279
372 15 19 33.156506
370 19 22 28.929461
368 22 29 29.937433
367 29 34 38.595222
480 34 35 20.848642
292 34 39 35.911732
293 39 46 32.547367
422 46 41 36.939686
423 41 36 35.526089
424 36 30 38.818142
425 30 26 26.444441
426 26 23 13.35655
347 26 31 33.160835
346 31 38 34.547844
350 38 44 34.016487
315 35 28 42.54887
314 28 24 13.291942
297 23 18 44.415546
298 18 16 9.119387
155 16 20 35.133064
160 20 25 30.313585
169 25 32 38.611893
433 24 17 53.434036
291 39 48 53.883923
290 48 49 45.848114
384 49 51 31.954647
383 51 53 14.207393
308 51 52 18.40349
385 49 47 32.997025
434 17 13 54.944244
382 53 55 55.603062
381 55 57 81.431885
380 57 60 26.004272
432 24 40 92.252983
310 40 42 7.769544
312 40 43 12.604389
311 42 45 20.084784
4693 5338 5336 488.23877
4692 5336 5335 55.721603
4136 5335 5334 212.557587
4472 5653 5654 494.914551
4473 5654 5655 286.423584
4474 5655 5656 193.894745
109 393 1066 497.35321
110 1066 1065 411.823364
78 535 591 499.357788
89 82 713 499.889496
4137 5334 5337 504.164093
4633 5562 5565 506.239655
59 469 590 515.778748
60 590 138 501.586426
54 448 379 518.661987
65 122 127 526.950012
62 120 124 532.781677
4290 5409 5569 539.658447
4289 5569 5568 346.273651
4288 5568 5567 7.268622
74 478 476 545.719849
73 476 474 485.11377
72 474 473 245.160431
70 473 472 286.377411
66 127 201 559.049622
67 201 480 417.526489
22 472 475 562.864563
69 475 477 532.81958
5061 5392 5714 579.150696
58 379 357 714.758667
57 357 356 436.354279
56 356 355 495.473114
55 355 354 558.999756
1667 3609 3970 760.194275
1666 3970 3969 160.046021
86 78 828 1426.648071
71 355 375 1619.545898
