1 0 5744 1.069441
0 0 7388 1.410871
9458 5744 5290 13.948853
8894 5290 4925 11.262535
3 0 3647 14.796446
10141 5744 5836 15.484107
8892 4925 4924 33.507324
8893 4924 4972 13.77831
8961 4972 5080 2.789734
9126 5080 5079 10.661621
8123 4972 4433 16.009668
9128 5080 5835 27.389887
10274 5835 5973 5.175918
4390 5973 2264 12.909235
4391 2264 9261 16.310381
11776 9261 6854 0.799549
10485 5973 5972 22.845947
10484 5972 6256 8.906434
10486 5972 6025 22.888493
9558 6025 5357 25.730194
9195 5357 5126 8.369324
9123 5126 5078 22.888737
8218 5078 4487 16.807726
10487 5973 9879 34.767567
15926 9879 15181 12.868071
11994 9879 7002 27.449205
9124 5078 5125 36.58007
9194 5125 11064 16.506811
2815 11064 1375 6.97061
15327 11064 9414 11.866726
13828 9414 8293 8.880065
15328 9414 11852 11.164062
4284 11852 2201 11.533196
526 1375 206 12.681264
1092 11852 468 14.408203
1094 468 6104 8.035808
6070 11852 3215 26.615023
11993 7002 8271 37.784912
13797 8271 8464 5.579529
13796 8271 15576 39.835396
21926 15576 15609 10.752241
21945 15609 15608 7.615479
4567 4433 2363 62.788315
4498 2363 2327 16.81163
4497 2327 2364 54.848064
837 2364 339 28.266304
836 339 9244 26.216448
838 339 4842 45.678276
8765 4842 13656 56.50515
6071 3215 5675 63.718861
4654 5675 2409 8.318315
4564 4487 2362 64.164734
703 2364 282 64.182808
702 282 13930 1.277663
21944 15608 16016 72.676468
22319 16016 16100 6.700664
18641 16016 12137 7.779034
18640 12137 15737 5.774959
21496 15737 15068 36.955135
6838 16100 3653 63.930374
4262 3653 2185 69.191269
4260 2185 2184 6.092285
4180 2184 2140 7.742174
4179 2140 4106 62.294086
14054 8464 10699 73.09211
21828 15737 15467 73.584671
4181 2140 2966 78.979301
7586 4106 15162 99.195084
3717 2185 1886 99.479378
17430 15162 11089 108.229706
17431 11089 17906 14.46039
11621 17906 6753 14.408203
11622 6753 6860 16.037842
8314 6860 4556 18.58886
18349 17906 11880 25.229214
11785 6860 14647 27.15377
17496 11880 11148 35.307808
17495 11148 12302 40.706181
4232 4556 2171 45.732533
4233 2171 13785 89.972939
10352 14647 5892 91.261681
10353 5892 13663 21.38644
3778 5892 1922 82.315468
10354 5892 7391 114.42659
4393 7391 2266 8.860214
4394 2266 3749 6.854663
6992 3749 12965 142.920044
17429 11089 11090 144.691162
1093 468 5412 187.05336
10679 6104 16153 195.074478
4566 2362 13963 209.041168
12634 13963 7449 36.645428
12633 7449 14570 39.099731
20465 13963 13962 92.906738
20466 13962 14163 9.440692
18285 13962 11819 72.550018
17569 11819 11207 18.197344
17567 11207 11206 27.415283
17058 11206 10785 19.737709
17568 11206 17854 30.211651
17690 14163 11308 97.614571
17689 11308 14207 30.337234
16725 11308 10515 126.740402
17428 11089 17353 240.868118
23412 17353 17354 126.414307
10960 17354 6301 147.759018
8819 6301 4879 43.268272
10959 6301 6436 144.751663
11148 6436 9878 101.872208
14434 9878 8743 91.626251
15925 9878 13082 100.443192
19629 13082 13115 46.698719
19628 13082 13119 71.597816
19664 13119 13120 35.030518
18926 13120 12384 25.154072
3642 13115 1841 144.59584
407 17353 157 150.494751
408 157 5665 49.066898
10025 5665 18165 13.252611
17766 18165 11369 18.363464
406 157 13374 67.668747
10026 5665 6292 80.651657
10947 6292 14203 47.902817
10946 6292 16875 81.504379
20849 16875 14377 34.819733
20848 14377 15336 21.872536
19521 15336 12993 23.350136
19520 12993 12994 4.569336
9465 14377 5294 35.067715
11116 15336 6415 40.711807
7214 16875 3887 43.422741
15876 12994 9835 101.637833
3195 11369 1581 114.299919
10024 5665 9526 114.380493
11633 9526 6761 20.672291
11240 6761 6499 18.828342
11239 6499 12522 52.615734
4175 12522 2139 8.98852
4177 2139 12565 51.950058
19105 12565 14175 56.583012
10362 12522 5897 65.770729
10361 5897 16063 45.865982
1678 16063 780 20.378706
1679 780 17406 11.849365
1680 780 859 78.119057
1830 859 16734 71.613403
2887 6436 1410 151.818497
2886 1410 17969 52.025604
2885 1410 1558 100.447029
2960 13115 1449 155.597275
2957 1449 1448 53.307373
19665 13120 13164 173.63475
337 13164 126 61.641628
336 126 11866 52.191082
335 126 11138 52.263226
18334 11866 18010 67.197685
18335 11866 13523 86.94799
20040 13523 15883 91.093971
15672 13523 9681 122.374886
15673 9681 18002 84.421555
23811 18002 18059 103.577751
21266 18002 14818 151.054291
21265 14818 18116 69.798744
21264 14818 15646 72.274437
14433 13164 8742 156.197327
3117 8742 1533 46.098671
14432 8742 16725 72.54409
21033 17406 14572 196.705704
20140 14572 13631 22.806112
21032 14572 16094 116.804794
22395 16094 16093 7.615234
22394 16093 16092 10.661621
19372 16093 12840 148.53418
18049 17969 11619 200.955826
5304 11619 2787 1.294509
1938 11619 913 1.326589
1936 913 3091 1.219785
1937 913 1076 47.164558
2262 1076 13862 15.69918
1939 913 9118 72.665108
21274 17406 14827 211.99173
3116 1533 8505 213.439087
14096 8505 15075 202.250122
7378 15075 3984 70.090057
7379 3984 5540 9.610596
7380 3984 7819 31.205889
4751 7819 2462 16.244827
2798 7819 1367 27.628679
9831 5540 11991 51.251221
9804 11991 5523 42.757057
21474 15075 15041 83.780167
2594 15041 1254 21.435997
2592 1254 16912 70.023293
9737 5540 5470 88.544235
2593 1254 1934 100.719963
3774 1934 1921 0.530029
3776 1921 14846 71.339531
3777 1921 14289 91.714149
350 15075 132 101.838051
346 132 131 21.322998
349 132 1446 37.661865
347 131 15902 44.385082
16124 15902 10035 33.640671
2954 1446 10792 62.788624
17067 10792 10836 38.101963
17068 10792 12426 51.61084
348 132 7322 67.030029
171 15902 65 75.945023
170 65 933 25.108154
14427 14846 8739 119.960213
14428 8739 16678 8.677107
18723 16678 12209 34.870075
13913 16678 8357 70.84053
13912 8357 8408 71.597572
13714 8357 8213 86.915497
12309 8213 7227 29.292603
1978 933 5064 125.54879
1607 14846 741 126.93457
1608 741 3993 77.63134
7394 3993 12778 54.774784
7395 3993 11437 77.661667
3569 11437 1792 37.65218
1605 741 4955 128.365494
7383 11991 3985 149.321045
3920 3985 1997 62.788494
3921 1997 18179 62.100098
23831 18179 18072 3.445557
21519 18179 15095 57.240578
22056 18072 15729 72.533936
7382 3985 7373 101.837807
12523 7373 13300 34.011265
17132 13300 10837 66.432167
2721 10837 1322 61.032967
2720 1322 17309 64.380981
19649 13300 13103 88.430786
12451 7373 7323 89.871666
7381 3985 3986 105.091553
7385 3986 15050 108.666008
16306 15050 10168 16.331738
15077 15050 9225 24.971411
15076 9225 15770 71.133812
4677 10837 2423 112.950684
4675 2423 8190 48.281006
13685 8190 10838 50.474365
17133 10838 10902 67.029404
17214 10902 10903 79.199219
17216 10903 11392 15.419146
17794 11392 12306 29.332043
17215 10903 10904 35.030762
17217 10904 10905 27.415039
15835 10905 9806 32.082275
15834 9806 9807 10.661621
15838 9807 10235 12.553955
15836 9806 11452 17.203888
15837 9807 16825 24.384277
16392 10235 17274 24.424135
18858 12306 13740 47.802734
17865 11452 11554 49.043583
17967 11554 15238 1.004607
13776 15238 8256 53.257568
9645 8256 5417 9.250508
9089 5417 5055 12.16333
7450 5055 4028 28.28833
1625 4028 751 1.312065
7449 4028 18212 2.924449
9644 5417 5418 33.507812
1624 751 2413 48.926857
1381 2413 624 2.619629
3678 2413 1866 18.259033
3679 1866 16113 11.499023
4435 16113 2292 15.128047
4434 2292 18041 2.779762
1781 18041 835 7.67824
4436 2292 10297 9.082118
1779 835 18062 23.169125
18476 18062 11997 15.769225
18375 11997 11904 16.037598
15387 11904 9460 11.16449
18377 11904 14741 12.810843
21193 14741 17600 13.479358
19627 14741 13081 17.911839
19626 13081 13218 4.895996
19751 13218 13388 5.998047
15388 9460 12995 18.436005
19523 12995 14992 11.255024
21423 14992 17995 18.421202
23801 17995 17984 0.362549
23807 17995 18013 0.78125
2233 17995 1061 2.087656
23501 17984 17493 15.594971
2234 1061 6947 19.259554
11135 6947 6428 16.807665
11068 6428 6381 16.811377
10739 6381 6145 6.974609
11067 6381 6382 7.615234
11069 6382 6383 12.18457
10594 6383 6047 9.764404
10534 6047 6004 13.776896
10533 6004 6048 13.777382
10046 6048 5679 11.14502
10531 6048 6001 13.778297
10530 6001 6002 13.70752
10532 6002 6384 11.15918
11072 6384 15134 7.307402
9779 15134 5504 8.731031
9778 5504 13123 8.925782
21083 15134 14625 14.771973
19668 13123 17172 15.154246
11903 6947 16198 17.165039
11904 16198 6948 1.111816
21208 15134 14756 17.663509
21207 14756 14890 14.423671
1196 14890 522 16.728739
13054 17172 7760 18.052217
1195 522 15481 19.754395
1201 15481 524 16.799408
11965 15481 6989 20.127583
11967 6989 7130 4.453089
12212 9460 7155 20.211662
12213 7155 16411 10.215497
10457 16411 5952 7.687667
22357 16411 16051 11.172852
22356 16051 17156 7.32277
5343 17156 2810 1.783053
9864 16051 5560 7.67627
9867 7155 5562 18.611816
9689 5562 5443 3.612793
9868 5562 13070 11.626601
9866 5562 7164 11.849647
12225 7164 14287 2.338955
12000 7164 7006 4.365967
12773 14287 7562 9.92853
12226 7164 15076 14.437274
13437 15076 8015 2.22643
13436 8015 11038 6.320801
13438 11038 8016 1.294434
7423 11038 4012 9.103905
12956 8016 7684 9.76416
7422 4012 8735 11.666578
14422 8735 8736 13.70752
6093 8016 3227 13.906014
1202 524 6464 20.320179
11007 6464 6341 12.883104
10742 6341 6146 5.783701
10242 6146 5811 9.76416
10177 5811 5767 12.264141
9915 5767 5591 5.565674
11190 6464 7131 20.92334
12180 7131 7132 13.70752
12181 7132 7440 9.76416
12622 7440 7716 8.369385
21424 14992 18007 21.186199
19515 18007 12986 6.966469
17371 18007 11040 7.630423
16384 11040 10230 18.110025
12262 10230 7190 8.323755
10741 6146 6147 21.323242
14421 8735 9547 23.713135
15491 9547 9706 4.18457
15490 9547 9548 13.70752
15488 9548 9545 13.70752
15487 9545 9546 12.18457
15489 9546 9549 13.70752
14983 9549 9159 11.15918
14918 9159 9109 12.264141
14917 9109 9550 12.645994
13906 9159 8354 22.318115
13441 8354 8018 9.76416
13439 8018 8017 10.661621
12957 8017 7685 9.882216
12825 7685 7596 5.353671
12826 7596 17450 12.145691
13902 8354 8352 12.18457
13904 8352 8353 13.70752
16709 18041 10500 25.953968
16708 10500 10880 11.591553
15391 10880 9463 20.043476
16383 10230 18012 26.045275
23469 18012 17443 18.133545
23225 17443 17104 9.750244
23097 17104 16945 5.57959
22854 16945 16634 9.76416
22855 16634 16635 13.70752
940 18012 391 18.197386
941 391 16467 9.972151
1558 16467 716 3.260353
1557 716 818 2.650391
1382 624 2412 26.318359
3493 2412 1745 22.318115
12179 7131 8020 26.50293
13444 8020 8403 11.158936
13973 8403 8830 11.262623
14562 8830 8871 13.778784
14612 8871 9270 11.15918
14561 8830 9667 23.713135
15652 9667 9668 13.708008
15654 9668 10008 11.262381
15496 9667 9552 13.988533
15497 9552 9620 13.778297
15494 9620 9551 9.244014
14984 9551 9160 11.15918
15653 9668 9669 15.230469
15656 9669 9670 12.18457
15657 9670 10009 11.158936
16088 10009 10365 9.76416
16548 10365 10580 6.974609
16794 10580 10730 4.18457
16985 10730 11105 11.158936
15136 9670 9271 11.15918
16793 10580 10579 12.18457
14564 9271 8831 12.553955
14563 8831 8832 9.138184
13975 8831 8404 11.15918
13447 8404 8021 11.158936
12998 8021 7717 8.50682
12552 7717 7394 9.882216
17446 11105 11509 12.554199
13446 8021 8022 16.753418
13448 8022 8068 13.778784
11628 7394 6756 19.52832
11192 6756 6465 9.764404
10743 6465 6148 9.76416
10178 6148 5768 11.158936
9705 5768 5453 9.750366
9706 5453 5454 10.661133
10179 5768 5770 10.661133
11191 6465 6466 13.70752
10672 6466 6099 11.262446
10181 6099 5769 9.882292
9773 5769 5500 8.493217
11194 6466 6900 13.948975
11193 6466 6467 15.230957
11195 6467 6901 14.031866
11138 6467 6429 16.811377
10744 6429 6149 8.369385
11137 6429 6520 12.499868
1247 6520 547 13.87422
1245 547 7133 5.873958
11196 6520 6468 18.330017
11139 6468 6430 15.294687
11075 6430 6385 19.848871
11074 6385 6386 19.799805
11078 6386 6612 6.974365
10243 6520 5812 20.92334
9769 5812 5497 9.76416
9323 5497 5203 9.868542
8598 5203 4731 14.031797
9322 5203 5204 15.230469
8601 5204 4732 14.031745
8600 4731 17489 17.921646
23073 17489 16898 18.127806
7519 4731 4069 18.133545
6982 4069 3741 9.76416
5995 3741 3171 16.738647
5101 3171 2667 16.807665
4201 2667 2152 16.738647
3350 2152 1664 16.738647
2291 1664 1093 16.738647
8488 4732 4661 18.330008
8487 4661 5150 13.948853
2289 1093 1092 19.799805
2290 1092 1354 6.974487
2775 1354 1663 9.76416
1337 1092 600 13.948853
1007 600 425 5.579468
786 425 316 2.789795
181 316 69 6.974487
182 69 18234 3.178309
23787 18234 17960 8.50682
1159 600 504 12.499842
23519 17960 17517 13.948853
23453 17517 17423 3.178309
23241 17423 17122 8.906407
23026 17122 16834 9.882216
22732 16834 16493 11.159058
22472 16493 16180 9.764282
22137 16180 15809 11.159058
21801 15809 15432 11.262502
3348 1663 2151 16.738647
4199 2151 2666 16.738647
5098 2666 3170 16.807665
3345 1663 1662 19.799805
3346 1662 2150 16.738647
4197 2150 2665 16.738647
5097 2665 3169 16.738525
3341 1662 1660 19.799805
2774 1660 1353 9.76416
2082 1353 983 9.76416
1335 983 599 11.15918
541 599 213 11.159058
3342 1660 2149 16.738647
4195 2149 2664 16.738647
5094 2664 3168 16.738525
4192 2149 2148 16.753906
4193 2148 2663 16.738647
5092 2663 3167 16.738525
5090 2663 2662 16.753418
5089 2662 2661 15.230957
5007 2661 2617 13.77831
3344 2148 1661 16.807787
3340 1661 1659 15.230469
2772 1659 1351 9.882292
2080 1351 982 9.76416
1981 982 935 15.294212
1979 935 934 3.045898
1157 934 503 12.553955
1155 503 502 13.708008
3260 1659 1619 15.294699
3261 1619 2018 13.948853
3965 2018 2103 13.988533
3878 2018 1975 15.294212
5008 2617 2660 16.811388
5087 2660 2943 9.882292
5598 2943 3209 8.506786
5597 2943 2942 13.70752
5596 2942 2941 13.70752
6057 3209 3210 15.230469
6060 3210 3211 15.230469
6061 3211 3212 15.230957
3793 1975 1933 16.811874
3338 1933 1658 9.882292
2081 983 1036 18.329998
6981 3741 3793 19.848879
6064 3793 3213 17.013607
5155 3213 2700 16.738525
4203 2700 2153 18.197386
3352 2153 1665 16.807787
6065 3213 3214 18.276855
5158 3214 2701 16.807665
6067 3214 3794 16.807831
7072 3794 3840 18.330008
6144 3840 3257 17.013607
5208 3257 2731 16.807787
4277 2731 2196 18.197264
3413 2196 1698 16.807787
2471 1698 1185 15.678467
2397 1185 1149 1.060181
2396 1149 1150 3.046387
1518 1150 692 12.553955
787 692 318 11.262502
788 318 18238 9.76416
23766 18238 17914 9.764282
23387 17914 17326 18.133423
22990 17326 16788 16.738647
22654 16788 16392 12.646053
22143 16392 15812 18.133545
5248 15812 2750 6.616117
5247 2750 13092 8.509984
985 13092 415 2.270916
2398 1150 1190 18.330008
2477 1190 1226 0.864868
1612 1190 743 12.645994
2538 1226 1735 15.873779
3478 1735 2245 16.807787
4363 2245 2769 18.387537
5279 2769 3258 15.34375
6146 3258 3883 18.197386
1610 743 742 19.799805
1609 742 1242 13.948853
2575 1242 1243 12.18457
2480 1243 1191 10.752483
2479 1191 1355 4.184692
2183 1191 1037 4.453204
2478 1191 1192 9.138184
2399 1192 1151 12.264155
2400 1151 1176 0.795166
2776 1355 1766 14.031797
3530 1766 1767 10.661133
3526 1767 1765 12.18457
3529 1766 2279 16.738647
4420 2279 2280 12.184082
4416 2280 2278 12.18457
4417 2278 2770 16.807709
5280 2770 2771 12.18457
5282 2771 2812 12.264155
5281 2770 3304 16.738647
6229 3304 3305 12.18457
6231 3305 3366 10.752483
6340 3366 3927 16.807787
7282 3927 3926 12.18457
7280 3926 3925 12.18457
7281 3925 4564 18.197264
8325 4564 4566 13.70752
8329 4566 4565 10.661133
8328 4565 16847 2.474458
8326 4564 5071 14.031797
8258 16847 4517 19.251511
8257 4517 4998 13.948853
8999 4998 5452 14.01779
9703 5452 5910 13.948853
10382 5910 6389 13.948975
11081 6389 6799 13.94873
11684 6799 7134 9.76416
12184 7134 7550 12.553955
12753 7550 9011 8.922937
12754 7550 7958 12.553955
13341 7958 8355 11.15918
13908 8355 8872 13.94873
7346 4517 3964 15.419146
6342 3964 3367 18.197386
5350 3367 2813 16.807787
4470 2813 2315 16.807831
3591 2315 1803 16.807665
9704 5452 5498 18.330008
13340 7958 10401 18.595755
13267 10401 7907 16.462275
12620 7907 7439 13.948975
12123 7439 7090 11.262381
11626 7090 6755 9.882216
11497 6755 6669 3.166504
11008 6669 6342 10.782471
10311 6342 5864 13.948853
9606 5864 5389 13.948853
8941 5389 4956 13.934814
8186 4956 4467 13.948853
8184 4467 4466 12.18457
7347 4466 3965 14.031745
6436 3965 3423 16.807831
5429 3423 2854 16.738647
4538 2854 2349 17.013519
3647 2349 1844 16.807665
2395 1149 1148 19.799805
1703 1148 795 9.882216
1515 795 691 13.988533
1161 691 505 5.579468
1516 691 1968 9.947255
1076 1968 461 11.044983
1075 461 18235 14.031745
23762 18235 17912 9.764282
653 795 258 15.34375
655 258 18237 8.369263
23764 18237 17913 9.882337
23869 18237 18236 15.230469
465 18236 180 5.579468
464 180 317 6.196005
23426 17913 17373 16.738525
2394 1148 1697 16.738647
23424 17912 17372 16.807665
3410 1697 2195 16.807787
22988 17373 16787 18.133545
22651 16787 16391 12.645994
22380 16391 16075 9.76416
22141 16075 15811 8.369385
22985 17372 16786 18.197386
22692 16786 16442 11.262502
22418 16442 16124 9.764282
22139 16124 15810 9.882216
9111 5071 5070 19.799805
8390 5070 4603 12.553955
8389 4661 4602 19.848879
8388 4602 5113 13.948853
7613 16898 4122 20.178068
7612 4122 4782 18.197386
8593 4782 4728 19.848879
8594 4728 4781 16.811874
8671 4781 4784 12.18457
8669 4784 4780 4.568848
8670 4780 4783 10.661621
8591 4783 4727 4.777507
8592 4727 4779 15.294212
8589 4779 4726 15.294212
7517 4728 4068 18.133545
7516 4068 4067 16.753906
7514 4067 4066 16.753418
7512 4066 4065 13.70752
7510 4065 4064 16.753906
7508 4064 4063 16.753906
7506 4063 4062 12.18457
7144 4062 3839 6.974365
7505 4062 4061 15.230469
7504 4061 4725 18.133545
2481 1844 1193 20.92334
2293 1193 1094 2.789795
4468 2942 2314 20.978693
11077 6386 6387 21.322754
11080 6387 6682 9.76416
11079 6387 6388 12.18457
6588 6388 3513 15.192354
22989 16788 16790 21.322754
22993 16790 17327 16.738647
23389 17327 17915 18.197264
23767 17915 18239 9.882337
23768 17915 17916 19.799805
23354 17916 17279 19.587652
22991 17279 16789 15.419146
1917 1658 901 22.37005
537 901 212 19.528442
1915 901 900 21.322754
1255 900 553 9.764282
1254 553 552 6.092285
2773 1351 1352 22.846191
1246 547 1424 23.013184
21475 15810 15042 23.713013
1158 503 17958 23.907953
23724 17958 17823 14.332017
23620 17823 17664 19.10956
23452 17664 17422 6.974365
23352 17422 17278 4.184692
23136 17278 17000 8.50682
23056 17000 16878 4.18457
22836 16878 16615 8.369385
22577 16615 16293 9.882216
23551 17664 17563 11.020577
23353 17278 17325 12.264155
23450 17563 17421 12.882643
23451 17421 17607 7.211747
23581 17607 17957 11.159058
180 17957 68 11.159058
178 68 257 5.57959
22201 16293 15872 13.948853
21852 15872 15489 11.159058
21851 15489 15488 15.230957
21445 15488 15011 18.683962
21444 15011 15115 6.196005
21158 15011 14700 12.391928
20987 14700 14529 11.453463
20799 14529 14317 12.740237
20798 14317 14457 7.390646
20449 14317 13948 16.521997
20448 13948 14530 19.129595
20989 14530 16908 2.542665
21296 16908 14848 6.992477
20988 14530 14531 13.70752
20990 14531 14532 13.708008
20992 14532 14904 9.76416
20991 14532 14533 12.184082
20758 14533 14278 8.506786
21344 14904 14905 12.184082
20759 14278 14279 12.18457
20993 14533 14534 12.18457
20686 14279 14191 13.988533
20685 14191 14406 9.260546
20875 14406 14585 13.401327
12361 14585 7261 12.385592
20260 14279 13747 16.738647
21042 14585 15116 18.683962
21446 15116 15012 4.184692
21345 14905 15546 19.587776
21901 15546 15873 9.882292
21853 15546 15490 12.264155
21800 15490 15431 13.77831
22202 15873 15874 19.800293
22203 15874 16179 9.76416
22470 16179 16492 9.882412
22729 16492 16832 11.159058
23020 16832 16879 13.77831
23025 16879 16833 18.330008
22771 16833 16538 9.882216
22511 16538 16220 9.882337
23024 16833 17176 11.159058
23282 17176 17516 9.76416
22134 16220 15808 12.645994
23518 17516 17959 13.948853
23760 17959 17911 18.330008
23710 17911 17790 14.332017
23621 17790 17665 17.268141
20095 14191 13584 20.055782
20096 13584 13667 8.110622
1242 13584 545 21.24814
1243 545 13530 11.390041
10015 13530 5659 14.331251
20293 14532 13781 23.761898
20002 13948 13485 23.863657
8471 13485 4650 1.728792
8470 4650 17645 15.112012
7189 17645 3868 5.873365
12253 8022 7183 25.10791
12252 7183 7182 13.708008
466 1037 181 25.154055
185 181 70 21.504482
183 70 71 19.799805
14613 8872 9752 25.154055
15662 9752 9672 21.504452
15660 9672 9671 12.18457
15064 9671 9213 12.553955
15063 9213 16050 10.775662
14569 9213 8834 11.15918
14568 8834 12085 2.377983
13833 8834 8297 13.948975
13832 8297 18177 8.093772
15659 9671 10152 15.343506
16282 10152 10534 11.262623
16747 10534 10869 9.882216
17174 10869 11292 12.553955
16748 10534 10581 15.294223
16795 10581 10626 19.848871
16845 10626 10966 9.76416
17282 10966 11339 11.15918
17731 11339 11793 13.94873
15658 9671 11734 20.210373
15598 11734 9619 16.369949
14981 9619 9158 12.553955
14501 9158 8787 11.262689
13771 8787 8254 13.94873
13127 8254 7813 12.553955
12554 7813 7395 12.553955
11964 7395 6988 12.646053
11413 6988 6613 12.553955
10878 6613 6242 11.262689
10182 6242 5771 13.94873
9495 5771 5316 13.948853
8809 5316 4873 13.934937
7996 4873 4351 14.031745
7997 4351 4414 2.065215
7286 4414 3928 13.948853
15597 9619 10092 15.34375
16195 10092 15230 4.847146
16196 10092 10351 6.444336
16528 10351 10502 4.714844
6437 3928 3424 15.419146
5487 3424 2889 15.419146
4636 2889 2399 16.807787
3742 2399 1901 16.738647
2888 1901 1411 16.738525
14425 8787 8737 18.329998
14424 8737 8738 16.753906
14426 8738 9110 11.15918
14919 9110 9553 12.645994
13066 7813 7766 18.330017
13064 7766 7767 16.753906
12419 7767 7300 13.94873
11906 7300 6949 11.262623
11415 6949 6614 11.262381
11274 6614 6521 2.789795
10745 6521 6150 11.15918
10121 6150 5729 12.553833
9431 5729 5274 13.948853
8745 5274 4830 13.934937
7925 4830 4307 13.948853
7923 4307 4306 9.138672
7288 4306 3929 11.262568
6343 3929 3368 16.807831
5430 3368 2855 15.34375
4540 2855 2350 16.738647
3649 2350 1845 16.807665
2777 1845 1356 16.738647
18257 11793 12412 20.978693
18864 12412 12313 3.762207
17769 12412 11371 22.010736
17770 11371 13347 10.135921
11574 13347 6722 0.091309
11576 6722 15401 1.036486
19878 13347 13390 1.366943
14063 13347 8473 4.861284
19916 13390 15943 14.689533
16710 10502 11248 22.318115
17625 11248 18155 19.863987
17534 18155 11176 4.553711
1374 11176 620 6.889449
1373 620 11658 7.142471
17535 11176 11177 24.369141
17417 11177 11075 20.937925
17416 11075 12126 8.357147
18629 12126 12202 2.789795
9914 12126 5590 6.274902
17418 11075 17942 14.408373
17450 11177 11107 23.015896
9913 5590 12127 24.186523
147 12127 56 12.002633
149 56 8691 5.009448
14356 8691 16036 0.840616
14486 16036 8775 1.25768
7707 8775 4183 7.20024
7708 4183 14825 9.884775
5608 4183 2949 12.363181
21273 14825 15307 14.367432
18053 15307 11622 10.794462
17783 15307 11384 15.112292
14816 11384 9031 6.397215
11959 9031 6986 6.381593
3213 6986 1591 4.237381
3214 1591 1782 1.627761
11960 6986 15971 4.279137
9765 15971 5492 6.032139
22282 15971 16224 9.98784
18596 16224 12100 5.357592
18597 12100 14322 9.834743
20348 14322 13834 7.783983
13775 16224 8255 12.339191
148 56 16623 17.136406
19316 16623 12787 1.353377
3581 12787 1799 6.59797
13568 11622 8110 19.810204
13567 8110 16413 14.185861
2864 16413 1401 10.018522
2863 1401 8825 9.81703
14555 8825 15697 1.633697
22029 15697 15894 5.635498
9388 8825 5244 6.122539
2862 1401 5668 14.417949
10031 5668 11750 8.614259
10032 5668 9843 9.215939
515 9843 203 12.504402
516 203 6315 3.487793
15214 9843 9326 15.385742
14944 9326 9128 5.258545
8542 9128 4694 3.261186
11451 9128 6642 4.066406
8755 6642 4836 8.711914
8754 4836 13483 2.567621
22060 16413 15732 20.421143
17449 11107 11139 25.929644
17486 11139 11174 12.264141
17531 11174 11175 7.615234
17530 11175 11173 15.230469
21159 14700 15487 25.999361
16229 15943 10117 26.257812
11966 6989 17053 26.505861
22099 16634 15771 26.54653
6984 15771 3743 2.056152
6983 3743 15773 2.513184
8205 15771 4479 12.291016
8204 4479 17433 12.590207
8203 4479 15769 15.124023
1340 15769 601 12.321777
1339 601 1978 3.629598
1338 601 15775 5.955078
3883 1978 14991 11.167718
22103 15775 15774 16.753906
22102 15774 15776 7.615234
22104 15776 15778 6.092285
21749 15776 15369 12.553955
21483 15369 15055 9.882216
21176 15055 14716 9.764282
22106 15778 15777 13.70752
22107 15777 15780 15.230469
22109 15780 15779 6.092285
22108 15779 15781 7.615234
8583 15781 4722 6.10791
21778 15779 15408 11.159058
21522 15408 15099 9.76416
21210 15099 14762 9.764282
20898 14762 14431 10.780429
20668 14431 14169 8.369263
20606 14169 14113 12.264155
20389 14113 13882 6.974487
5594 14113 2940 12.279194
5593 2940 3303 11.262502
6228 3303 3645 9.76416
6826 3645 3791 4.184692
7066 3791 3924 4.184692
7278 3924 4349 12.553955
7994 4349 4721 9.882216
8581 4721 5065 9.882216
7067 3791 3792 13.70752
7068 3792 4060 8.5067
8580 4721 4723 13.70752
8584 4723 5066 13.373302
9104 5066 5067 12.18457
9106 5067 5391 11.262689
7995 15408 4350 13.793855
20605 14113 14564 13.948853
9105 5067 5068 15.230957
8586 5068 4724 12.382674
8578 4724 4720 6.092285
8585 4724 4729 6.092285
8596 4729 4730 6.092285
8096 4729 4413 8.369263
8597 4730 5069 9.76416
9108 5069 5236 8.261221
9375 5236 13956 9.809719
4792 2940 2490 15.34375
4273 2490 2194 9.76416
3733 2194 1896 9.764282
3734 1896 12725 9.764172
18941 12725 12399 11.159058
18563 12399 12067 11.159058
18077 12067 11642 14.031797
17909 11642 11494 4.184692
17759 11494 11362 4.184692
17312 11362 10991 11.159058
16967 10991 10712 8.369263
16637 10712 10435 8.5067
17807 11494 11400 13.988533
17808 11400 11688 8.369385
17806 11400 11399 12.18457
17804 11399 11398 13.70752
17805 11398 11687 8.369385
9488 11687 5310 9.681352
6774 5310 3615 11.866974
17802 11398 11397 13.70752
9467 5310 5296 13.717768
17803 11397 11441 13.77831
17801 11441 11396 12.264155
17800 11396 11395 12.18457
17362 11395 11028 12.058333
17642 11395 11266 12.883104
20856 14716 14388 15.614179
20667 14388 14168 7.610471
20472 14168 13971 6.356833
20345 13971 13831 10.050774
20115 13831 13603 8.5067
19855 13603 13324 8.369263
19561 13324 13020 11.15918
19559 13020 13019 12.18457
19560 13019 13323 11.15918
19854 13323 13555 6.974365
17141 11028 10846 16.220284
17140 10846 10845 13.708008
17311 10991 17955 16.769043
17508 11266 11158 16.98411
16636 10435 10436 18.276855
17509 11158 11823 19.52832
20855 14388 14430 19.848879
13274 11158 7912 19.938108
13275 7912 12530 5.290337
19072 12530 16998 2.004408
15351 16998 9429 2.988605
15350 9429 16118 3.144804
13276 7912 12874 6.865655
15920 12874 9874 3.183105
7845 12874 4259 11.291614
7844 4259 14778 2.988123
7843 4259 11276 12.500479
17654 11276 18033 1.726846
22205 18033 15878 5.463095
1749 15878 819 2.26622
1746 819 10767 9.588222
17028 10767 13240 2.452783
772 13240 310 5.01082
17030 10767 12861 8.485882
19396 12861 15956 1.80454
5937 13240 3135 8.579966
5938 3135 13770 1.911863
20165 13770 13657 2.861076
771 310 13018 13.100751
10499 9429 5981 15.277003
14560 16998 8829 16.655142
14559 8829 15600 2.749986
16019 15600 9947 9.79882
16018 9947 9948 4.568848
15581 9947 9604 11.15918
6939 9604 3715 5.702748
16020 9948 10402 12.645994
16021 9948 9992 15.294687
15900 9992 9856 12.883104
15691 9856 9694 12.032937
15582 9694 9605 5.353671
12746 9694 7542 6.176549
12747 7542 9342 4.603673
15237 9342 9445 11.020577
15310 9948 9399 16.807787
14477 9342 8769 16.807831
6940 3715 8768 18.05912
14475 8768 10372 2.191183
3118 8768 1534 3.061523
3120 1534 18093 4.233887
23838 18093 18209 8.422852
7766 5981 4214 18.657227
7767 4214 4507 7.853149
22 4507 7 6.154667
10498 5981 10177 19.013357
5251 10177 2751 0.711587
5250 2751 6255 19.038574
10898 6255 13392 5.761857
10899 6255 8590 16.449219
13738 8590 8234 9.387573
14217 8590 16019 9.722425
14764 16019 8994 1.562334
13737 8234 10044 13.32669
16134 10044 10408 9.554932
16135 10044 12037 12.504425
13131 12037 7815 5.147185
1029 7815 436 5.844624
1028 436 11513 5.440085
14765 8994 13296 15.720366
14499 13296 8785 2.435207
14498 8785 11383 7.190032
8253 11383 4514 8.830354
2606 4514 1262 10.707031
2607 1262 15804 6.388621
20203 15804 13691 11.886311
17782 11383 13807 14.302093
11971 13807 6991 6.626365
19492 13807 12958 11.214957
14199 12958 8574 8.859756
8238 8574 4500 6.610603
13909 12958 8356 11.30029
13911 8356 8556 1.216931
13514 8556 8072 7.198211
13081 8072 7777 8.034546
500 4500 197 11.718592
501 197 14020 7.716286
20518 14020 14093 2.287598
1643 14093 762 6.572929
1642 762 8055 2.496874
13910 8356 14952 16.662693
16956 14952 10701 8.28801
16955 10701 10998 8.87146
17319 10998 15615 3.576408
4301 15615 2208 5.290205
20721 14952 14229 11.301407
20720 14229 16881 13.182355
22967 16881 16767 3.333862
2631 14229 1273 14.937023
2632 1273 11365 15.136783
17763 11365 16053 9.156879
18304 16053 11837 8.720266
18305 11837 13758 1.490223
12344 13758 7250 7.284064
12343 7250 14251 8.441287
2630 1273 11267 16.054506
17519 11267 11165 2.622437
10269 11365 5832 17.374058
10270 5832 13466 3.864248
13736 8234 11368 19.221237
17328 11368 11004 11.089355
15398 11004 9468 16.281738
5303 8769 2786 19.546114
5302 2786 13351 0.450564
12019 13351 7019 6.753979
14479 13351 8770 7.813477
14478 8770 15031 1.130689
140 2786 53 10.526006
139 53 7990 8.442825
13395 7990 9525 5.756131
9938 15031 5608 16.36875
3629 5608 1831 3.822856
3627 1831 3895 18.619823
7230 3895 12096 9.290538
18593 12096 14269 2.307799
9937 5608 15459 19.19569
21329 15459 14891 14.444906
11740 14891 6830 5.398753
11739 6830 9723 7.939371
12535 9723 7380 3.611718
11117 7380 6416 3.127106
11118 6416 7935 5.149291
10348 7935 5889 11.359696
10098 5889 5712 5.783583
9580 5712 5372 9.882337
9581 5372 8111 8.631742
8838 8111 4889 7.377812
7001 4889 3753 1.446194
7000 3753 7067 8.265339
7889 7067 4286 7.301986
5460 7067 2873 12.308435
11044 6416 6365 13.77831
11042 6365 6364 6.092285
10644 6364 6079 8.5067
10216 6079 5791 8.5067
9877 5791 5568 7.138827
9477 5568 5302 8.506786
14436 9723 8744 16.207968
14435 8744 13440 2.041205
6999 3753 5251 17.18609
8653 5302 4768 17.350986
879 4768 358 8.447366
878 358 4195 7.195879
7731 4195 15306 6.120805
13729 15306 8230 3.876793
6098 8230 3230 7.342857
6099 3230 13512 8.249424
7249 4195 3908 8.5067
7657 8230 4152 11.370736
7656 4152 6685 6.243639
11525 6685 7738 1.350227
8538 7738 4691 8.049386
8536 4691 11258 6.413689
8728 11258 4820 7.082376
9359 11258 5226 9.229462
3617 11258 1822 13.296979
8367 4691 4587 13.988533
8295 4587 4541 9.244515
7655 4152 13572 15.243617
1096 13572 470 6.722508
1097 470 15660 6.601735
21974 15660 15642 13.728196
6706 15642 3572 8.670529
3436 3572 1712 5.864779
16621 15642 10426 9.110034
6707 3572 3942 11.529155
7390 13572 3990 14.064258
7315 3990 3946 15.294201
7314 3946 4448 14.277638
6727 3946 3584 14.423682
6728 3584 4977 10.029788
6107 4977 3233 9.36134
5655 3233 2979 9.128383
129 2979 48 0.952653
130 48 3618 13.770131
5905 3618 3119 2.274703
5906 3119 6944 9.973201
7375 15660 3981 15.763571
5724 6944 3017 16.152908
5631 3017 2964 12.264155
5035 2964 2634 11.262535
5036 2634 14824 13.743185
21272 14824 17756 13.164142
12688 17756 7495 8.986776
20822 17756 14352 15.301909
11313 14352 6546 8.490808
9358 5226 5711 16.508986
10097 5711 5751 1.394897
497 5751 196 1.805843
498 196 6271 13.837403
10919 6271 16624 2.408979
10918 6271 7473 10.213756
12661 7473 17837 14.37217
596 17837 231 9.924668
595 231 8432 4.637462
8294 4541 5135 17.350986
9208 5135 5619 15.643246
9953 5619 5888 8.906293
8150 4448 5043 17.350996
9070 5043 18260 15.145821
8912 18260 4937 1.838276
8913 4937 15311 6.74707
8911 4937 5225 8.5067
9069 5043 5567 17.013519
2317 5567 1108 6.210774
9876 5567 7042 7.14308
12054 7042 11650 9.374452
2318 1108 6169 12.067416
10776 6169 6236 1.729614
6524 6236 3472 1.761802
5772 3472 3045 8.440726
5770 3045 4084 14.971784
7543 4084 11066 13.432748
5771 3045 6013 15.388546
10548 6013 8849 14.386218
18088 11650 16605 16.308943
7605 16605 4119 9.729166
956 4119 401 10.50425
8151 4448 16275 18.5121
21236 16275 14790 9.610352
22560 16275 16612 10.322144
21235 14790 15182 11.717041
13569 8111 9053 18.667765
1402 9429 635 19.69639
1401 635 13481 9.464941
5825 13481 3074 11.433825
8320 8055 4559 19.877449
1829 4559 858 4.505597
8319 4559 12652 6.244629
9101 5065 5640 20.305956
9984 5640 5639 13.70752
9985 5639 16721 15.309772
22891 16721 16683 13.77831
22890 16683 16682 13.70752
22889 16682 16681 13.70752
22442 16682 16150 16.738647
22856 16681 16636 16.811874
22857 16636 16680 15.294212
22441 16636 16149 15.34375
22391 16721 16089 19.587736
770 310 12682 20.330393
19213 12682 13064 12.646053
19606 13064 13462 15.221054
19983 13462 13602 7.390646
20114 13602 13830 8.5067
19212 12682 12836 16.220327
19174 12836 12642 8.338003
18969 12642 12432 14.039428
19173 12642 12681 15.294212
11490 12681 6665 10.655419
11489 6665 11385 12.808846
17784 11385 11640 7.337036
13310 7935 9660 20.384001
12871 11276 7625 20.485601
5723 3017 3721 20.923218
6950 3721 3940 6.848877
7307 3940 4387 12.679565
8060 4387 15931 15.122375
6912 15931 3696 10.298505
6880 3721 3679 15.294455
6879 3679 3722 12.264155
6108 3679 3234 12.553955
6192 3722 3285 12.553955
6882 3722 3680 13.77831
6290 3680 3335 9.76416
6881 3680 3723 15.294212
6729 3723 3585 4.184692
6951 3723 3947 6.974487
3950 15931 2011 18.683136
3951 2011 4330 11.117855
7729 4330 4194 4.184692
7179 4194 3861 9.882216
7654 4194 4151 12.264155
3952 2011 13419 13.098396
3504 13419 1752 11.912709
6910 3696 4936 20.282171
5592 2940 15441 21.073734
2288 15441 1091 10.572407
5680 15441 2991 15.623046
5005 2991 2616 12.553955
5679 2991 3077 15.483867
20342 13830 13829 21.322754
5462 2964 2874 21.504482
4915 2874 2557 12.045456
4917 2557 4260 18.534779
4916 2557 12907 20.790892
11526 6685 10918 21.511135
1098 470 14871 22.378496
1748 819 15172 22.817135
13309 13419 7934 24.003435
2077 7934 980 6.779191
862 7934 352 11.786753
865 352 17888 0.639893
863 352 15916 13.26888
14466 18209 8762 25.404297
2686 12399 1300 25.944752
20343 13829 14715 26.502808
18865 12313 12491 26.844576
15423 12907 9491 27.048801
15424 9491 17247 22.810818
21191 15943 14736 27.223532
21190 14736 14786 2.065298
21232 14786 14850 1.54834
21298 14850 15021 4.589111
21157 14736 14699 18.329998
18052 11622 13950 27.231758
3761 13950 1912 5.821629
3762 1912 11548 1.203858
16504 13950 10331 11.851181
16503 10331 10463 4.254395
16666 10463 17817 18.934454
15471 17817 9523 10.159821
4641 9523 2402 12.079484
11322 9523 6553 13.937606
277 6553 104 7.79865
278 104 4071 8.45406
11323 6553 9683 14.843086
9829 9683 5537 0.837891
12166 9683 7123 1.020887
12165 7123 15581 5.51369
19744 15581 13212 1.02002
19743 13212 13436 7.602051
11066 13436 6380 6.79248
11065 6380 12200 5.635742
18717 12200 12332 4.282471
12465 17817 7333 17.70348
12202 7333 7148 6.179443
9830 5537 8826 20.652514
14556 8826 9934 8.315164
14557 8826 17117 17.33362
6622 17117 3531 1.331124
6621 3531 4657 8.34299
8482 4657 6971 11.865113
715 6971 286 1.90856
714 286 3329 11.316111
6283 3329 3607 8.145996
6762 3607 3714 3.068848
6284 3329 9490 11.027344
15422 9490 9761 7.936768
2596 9490 1256 11.464445
872 9761 355 13.296453
870 355 18252 10.37793
6761 3607 9767 14.864753
15777 9767 12161 5.071796
11163 12161 6447 0.350586
13235 17117 7888 15.3433
713 286 9086 16.266598
7408 13436 4002 23.973145
7407 4002 4166 4.282471
871 355 1962 25.556778
3856 1962 12973 3.654572
17128 12973 10834 17.214497
9453 10834 5287 0.897352
9454 5287 8198 5.870962
13697 8198 15963 6.195233
12870 10834 7624 6.271578
22276 15963 16478 8.34299
12869 7624 11965 9.206348
6811 16478 3638 14.865167
6809 3638 15040 1.190559
6810 3638 14646 10.397541
20866 14646 14400 9.260546
20357 14400 13845 16.807665
20091 13845 13578 10.228445
20028 13578 13508 2.008545
19765 13508 13230 9.150391
20356 13845 14274 17.49473
21473 15040 15635 18.552002
20755 14274 15074 23.761745
21499 15074 15621 20.703867
23470 17493 17444 27.450497
23226 17444 17105 9.750244
3741 1933 1900 27.450502
3259 1900 1618 9.76416
2687 1618 1301 9.882216
2574 1301 1241 27.450502
2573 1241 1574 9.76416
1914 1241 899 9.882292
1154 899 500 11.159058
3183 1574 1899 11.159058
351 500 133 11.15918
352 133 17956 12.553955
23580 17956 17606 11.159058
23205 17606 17081 15.419146
23115 17081 16968 15.794867
1815 899 852 16.811388
23550 17606 17562 16.811388
23548 17562 17561 15.230957
23549 17561 17605 15.294212
23578 17605 17707 2.789795
22982 16968 16785 17.658573
22835 16785 16614 16.220327
22650 16614 16390 6.974365
22338 16390 16033 11.262502
22235 16033 15913 17.268141
22234 15913 16289 12.553955
22570 16289 16491 5.57959
22569 16289 16290 13.70752
22572 16290 16440 4.184692
15375 16614 9446 17.28327
22571 16290 16291 18.276855
22574 16291 16537 7.138827
22769 16537 16576 6.249907
22573 16291 16292 13.70752
22576 16292 16441 4.453371
22770 16537 16746 15.380223
22946 16746 16744 4.568848
22132 16291 15807 15.419146
22129 15807 15806 3.046387
15103 9446 9243 19.10956
14640 9243 8897 9.882216
174 17707 66 19.52832
173 66 424 9.764282
1005 424 898 13.948853
1911 898 1240 10.228357
2572 1240 14493 2.767115
3181 14493 1573 7.115177
3179 1573 1897 11.159058
3736 1897 1898 15.230957
172 66 67 16.753906
176 67 256 5.57959
177 67 18092 6.974365
1153 500 501 25.89209
12178 7130 8067 27.897705
13442 8067 8019 12.264141
12890 8019 7641 11.262689
13492 8055 15244 27.950914
21646 15244 16323 6.38169
21528 15244 15102 24.603621
13498 15102 8062 3.668488
21527 15102 17475 4.066789
6106 3233 13356 28.739435
19888 13356 17144 7.896078
23059 17144 16883 8.78772
19887 13356 14528 13.936916
8357 16883 4581 23.511368
8356 4581 8456 8.885494
4356 16605 2242 28.968872
4357 2242 6706 10.685512
11553 6706 12611 10.161351
4358 2242 12097 10.882854
18594 12097 14978 9.184251
12092 14978 7070 0.976213
11552 6706 15047 15.09375
10337 12097 5880 17.197353
49 69 18 28.971582
2926 8897 1433 29.963093
21293 15806 14847 30.266413
13507 8068 8168 30.588425
13655 8168 8501 9.76416
14091 8501 8833 8.369385
14566 8833 9272 12.646053
15137 9272 9621 9.882292
15600 9621 9966 11.15918
16041 9966 10366 11.158936
16549 10366 10731 11.15918
16986 10731 11106 11.158936
17447 11106 11510 12.646296
17880 11510 11465 15.294223
17879 11465 11466 12.18457
15138 9272 9273 16.753418
15139 9273 9274 15.230957
15140 9273 9827 16.738525
15862 9827 9828 13.70752
15141 9274 9275 16.753418
15144 9275 9276 16.753906
14351 9276 8687 16.738525
13977 8687 8405 7.138946
13512 8405 8070 9.882216
17821 11466 11412 16.811377
17820 11412 11413 16.753906
17822 11413 11703 8.369141
18150 11703 11704 13.70752
18097 11704 11657 6.249907
14277 8687 8636 16.811884
14275 8636 8635 15.230469
13585 8635 8122 14.031624
13582 8122 8121 15.230957
13583 8121 8634 14.031624
13509 8636 8069 15.34375
15864 9828 9871 16.811884
15916 9871 9872 16.753418
16924 10731 10677 16.811884
16922 10677 10678 12.18457
16925 10678 10727 16.811398
16980 10727 10728 18.276855
13511 8070 8071 19.799805
13513 8071 8406 9.882216
13449 8071 8023 13.778297
15145 9276 9277 19.799805
16981 10728 10729 19.799805
16983 10729 11172 13.94873
17771 11413 11372 21.36834
17772 11372 11373 10.661621
16977 11510 10725 25.026411
16978 10725 17355 13.656983
23413 17355 17484 3.612793
14856 17355 9068 14.534984
8214 9068 4485 14.854245
8215 4485 5549 12.982869
10870 17484 6237 15.337713
10869 6237 14758 13.479358
1584 14758 730 12.778694
1585 730 12621 6.274678
4855 12621 2522 1.41531
4854 2522 14189 10.272449
19152 12621 12620 13.708008
19151 12620 12656 13.778323
19186 12656 12657 4.568848
5561 14189 2926 14.408203
14857 9068 16923 15.683105
9739 16923 5471 13.958183
9740 5471 16035 10.261275
11687 16035 6801 11.353577
11686 6801 7116 9.261963
12154 7116 14581 9.622982
21038 14581 14735 4.453089
5563 2926 3060 16.043056
5803 3060 9540 5.119669
9845 5549 13985 17.474213
2517 13985 1214 8.213115
461 6801 179 18.040956
462 179 11096 12.331753
21189 14735 15270 18.886372
4732 15270 2451 10.775991
23083 16923 17388 19.857471
21568 17388 15143 10.474889
21569 15143 15428 9.248047
21796 15428 18023 12.782347
10853 15143 6225 14.154429
18813 12620 12275 20.444597
6096 12275 3228 15.927857
6095 3228 17329 12.77832
19959 17329 13434 8.372516
6094 3228 14479 14.409931
23390 17329 17872 16.613037
21156 17872 14697 14.275006
21155 14697 14895 5.783701
21335 14895 14894 7.615234
21334 14894 15264 11.158936
21659 15264 15744 15.419146
22066 15744 16030 8.906407
22337 16030 16283 10.351737
22565 16283 16609 12.383166
22831 16609 16740 10.051167
12902 16740 7649 11.257064
12901 7649 15010 8.02333
21443 15010 15257 8.076416
21990 15744 15662 12.499868
22941 16740 16826 15.483867
23019 16826 16876 10.752468
23055 16876 16920 12.264169
16093 16826 10012 16.667065
16092 10012 10091 2.552734
5112 10091 2673 12.716372
5110 2673 7663 1.045063
16194 10091 10253 16.046843
16165 10253 10064 4.895996
16411 10253 14456 5.505013
22647 16920 16384 16.73877
12924 7663 17870 18.135376
18765 17870 12237 6.74642
22830 16609 16610 18.276367
22567 16610 16284 9.882458
22293 16284 15983 9.882216
21991 15983 15663 9.76416
22568 16284 16285 10.661133
21696 15663 15309 11.158936
22294 15983 15984 16.753418
12900 7649 10264 19.299562
16425 10264 13863 8.395182
19960 13434 13435 19.799805
23218 17872 17092 23.042286
22648 16384 16533 24.725851
22541 16533 16250 9.535249
17661 16250 11282 1.728767
21358 16533 14921 13.289124
21357 14921 16332 16.771324
8318 16332 4558 17.660723
16914 16332 10669 20.022875
16916 10669 14382 0.739877
13798 14382 8272 24.643066
13757 8272 8247 0.501953
13377 8247 7977 8.006836
13374 7977 9703 11.86097
13375 7977 13471 12.566683
3154 13471 1554 5.102985
14354 13471 8689 12.56248
13376 7977 8540 18.821575
8735 8540 4823 13.987712
21331 14894 14893 28.938477
21154 14697 14698 30.461426
20985 14698 14527 4.453319
22145 16789 15813 30.6875
22144 15813 15814 16.753418
22146 15814 15815 30.461426
19466 15815 12929 10.159733
19465 12929 13414 8.324044
19939 13414 15950 16.323677
6641 13414 3542 16.632309
6642 3542 10971 16.779638
7017 10971 3764 14.758052
1115 3764 481 12.953283
1114 481 708 6.709473
10713 15815 6125 18.049896
10712 6125 6269 4.254395
10916 6269 7089 9.393722
12122 7089 16109 11.258565
9176 12929 5110 22.81526
8201 5110 4478 17.882446
8202 4478 5813 8.709267
1906 6269 894 23.927246
1905 894 16761 11.800546
22948 16761 16745 13.58134
22947 16745 17280 19.070625
23314 17280 17224 6.249934
23356 17280 17564 8.369263
23313 17224 17889 14.365979
23283 17889 17177 13.085012
17235 17177 10920 12.809513
17234 10920 13983 7.679446
20484 13983 17121 8.529268
22909 17177 16704 15.34375
22838 16704 16616 2.789795
2806 16616 1370 8.13193
2807 1370 3631 11.16449
5978 3631 3162 13.628052
22910 16704 16706 13.708008
22913 16706 16880 5.57959
22911 16706 16705 12.184082
23552 17564 18136 18.387657
23854 18136 18137 13.70752
22655 17121 16393 24.14924
22298 16393 15989 12.918177
22068 15989 15747 6.974487
22067 15747 15748 4.569336
22070 15748 15749 6.092285
22299 15989 16252 13.55414
22297 16252 15988 16.06053
22149 15988 15816 7.211841
22150 15988 15817 7.211841
19380 15748 12846 17.786137
19381 12846 14906 8.76042
20833 14906 14363 15.34375
20540 14363 14042 9.882216
20364 14042 13852 5.783583
22073 15749 15750 19.799805
22076 15750 15818 15.294212
11786 15818 6861 6.183164
22151 15818 15953 15.794899
22077 15750 16294 16.807787
22579 16294 16338 12.264155
6653 6861 3546 19.782816
6652 3546 10619 3.963231
19832 13852 13303 21.846951
19698 13303 13160 5.57959
19190 13160 12661 20.70377
19119 13160 12581 20.960608
22614 16338 17120 25.292048
23239 17120 17791 24.765745
4458 3764 2307 26.227352
22147 15815 16703 27.939243
22578 16294 17223 29.332165
15411 17223 9480 28.623251
10604 9480 6053 6.046875
10603 6053 10412 12.794424
16606 10412 14522 14.417949
10314 9480 5865 20.114288
1405 5865 637 15.131122
1404 637 985 9.882412
2083 985 984 12.18457
2084 984 1195 5.783583
2483 1195 1357 4.453204
2780 1357 1620 8.90646
3263 1620 1736 7.391048
3479 1736 1804 6.70022
3266 1804 1621 7.138931
2782 1621 1358 8.506786
2781 1357 1412 16.811874
2890 1412 1447 10.752
2956 1447 1494 21.36833
2688 1494 1302 5.57959
2482 1302 1194 2.789795
1983 1194 936 7.138812
3045 1494 1846 12.645994
3651 1846 2316 15.343628
4471 2316 2814 16.738647
5352 2814 3306 15.419146
6233 3306 3841 15.34375
7147 3841 4213 11.242798
7764 4213 18152 1.310354
7765 4213 4264 1.311157
7850 4264 4733 12.553955
8602 4733 5201 14.017911
9318 5201 5637 13.948853
9981 5637 6100 13.948853
10673 6100 6522 12.553955
11276 6522 6717 6.974365
11567 6717 6844 4.184814
440 6844 170 12.225175
442 170 7718 14.321233
11566 6717 6757 18.330017
11629 6757 6800 19.848871
11685 6800 7135 9.882216
12185 7135 7181 1.39502
12249 7181 7442 8.369141
12624 7442 7665 6.2771
12926 7665 7860 6.081787
13194 7860 7863 1.535391
12250 7181 14826 8.392508
13199 7863 7908 15.294709
12623 7442 7441 16.753906
3265 1620 2104 22.631048
4105 2104 2618 22.631048
5009 2618 2856 8.369263
5432 2856 2857 7.615234
5354 2856 2815 12.264155
8065 14522 4390 24.311081
8066 4390 13786 9.555752
16481 13786 10312 7.67627
14242 10312 8605 11.866974
13866 8605 8325 6.904663
13553 8325 8098 6.820923
13217 8098 7875 6.067749
12994 7875 7712 4.896118
12774 7712 7563 4.993652
12333 7563 7245 9.150513
12334 7245 12695 4.314948
16454 12695 10288 3.269748
2220 4390 1056 12.478168
2221 1056 11095 5.431493
17263 11095 10946 4.896118
12673 10946 7485 5.816884
8964 7563 4973 12.794905
6232 3306 17237 26.136307
4820 4213 2502 27.043539
4818 2502 4208 23.235531
7754 4208 4415 5.783701
7753 4208 4209 7.615234
7756 4209 4416 5.783701
5434 2857 2858 28.937988
7755 4209 4265 28.971588
13268 7908 8966 29.332069
14734 8966 9426 12.645994
14730 8966 8964 15.230469
14729 8964 8967 6.092285
14731 8964 9371 11.15918
14732 8966 8965 19.800293
14733 8965 9500 15.34375
6051 6861 3204 30.2006
1985 936 18138 30.6875
21956 15621 16611 30.838291
8831 16611 4885 13.956836
22833 16611 17187 18.523926
23294 17187 17661 13.55835
23614 17661 17660 3.046387
23616 17661 17662 6.092285
23618 17662 18087 15.892101
23821 18087 18044 6.249907
23619 18044 17663 13.359664
23280 17660 17175 19.556839
23281 17175 17700 17.858809
779 18087 314 19.556839
11484 17663 6662 25.944744
11483 6662 6663 27.415039
10338 6663 5881 23.712891
5463 2874 9832 31.291323
15871 9832 15571 5.388561
15870 9832 14294 12.699671
9049 14294 5029 9.633657
19776 14294 13239 15.012746
19775 13239 13366 4.365967
7866 13239 4273 18.947018
3916 9832 1994 19.308634
3914 1994 13872 11.823484
7389 13872 3989 9.818156
20382 13872 14030 12.457633
14430 14030 8740 11.323405
14429 8740 13166 11.122419
6210 13166 3294 3.113706
4935 13166 2568 4.771421
1174 8740 514 15.663756
1176 514 8978 9.281672
5041 8978 2637 6.932886
20442 14756 13940 31.426277
17375 13940 11043 15.103053
11333 11043 6563 16.966797
3885 1978 3616 31.603542
5249 2750 14458 32.0821
17532 11174 12203 32.974037
6651 3546 6060 33.038616
12358 14030 7260 33.29903
12359 7260 14214 19.906494
2184 1094 1038 33.536346
9844 5549 17356 33.69854
23095 17356 16938 13.083984
12893 16938 7644 32.640419
4230 7644 2170 11.229823
12894 7644 10773 13.827038
10935 10773 6283 14.408203
10936 6283 6321 8.044825
10937 6283 15707 11.887754
21760 15707 15379 9.680664
3020 2170 1478 23.308594
17874 15379 11461 27.738327
16768 13092 10554 34.131191
2930 11461 1436 34.893555
2929 1436 11464 1.659668
17173 11464 10868 18.133545
17172 10868 10867 15.230469
17171 10867 10866 12.18457
6825 3645 3646 35.030762
6141 3646 3256 11.159058
17875 11461 11463 35.030762
17876 11463 11462 6.092285
22731 16492 16536 35.058033
22510 16536 16219 9.764282
7922 4349 4305 35.058521
7344 4305 3963 9.882216
4679 10500 2425 37.422646
4681 2425 4631 11.773843
8443 4631 6020 7.170342
8444 4631 16813 9.580444
22713 16813 16466 11.3125
23012 16813 17201 12.344727
4680 2425 17745 13.858352
18226 16466 11767 13.99707
18997 17201 12456 13.99707
18998 12456 12704 8.299561
8668 4779 6003 37.678741
5357 2858 2816 39.624168
5355 2816 2817 18.276855
5358 2817 10240 15.246094
3653 2816 1847 32.118404
2691 1847 1303 18.197386
2484 1303 1196 3.178416
2296 1196 1095 2.789795
2690 1303 1304 16.753906
2693 1304 8474 16.769043
3652 1847 1848 18.276855
2297 1095 14478 25.371572
14065 8474 8475 33.507324
13937 8475 8381 2.789795
13864 8381 8324 1.394897
9908 8324 5587 24.16116
2298 8324 1096 33.551472
16398 10240 13734 33.568359
7852 4265 4352 39.698246
7998 4352 4468 3.178416
14567 8833 8963 39.820091
11485 6662 9215 40.514194
15066 9215 15985 12.699897
8734 4823 10307 40.68787
8127 10307 4434 6.190257
8126 4434 16532 1.326361
22540 16532 16249 9.535482
22335 16249 16029 7.610666
22336 16029 16174 10.050723
22040 16029 15712 13.373302
21794 15712 15426 9.535482
22466 16249 16175 13.988533
16476 10307 13377 18.533318
19906 13377 13576 6.179443
19905 13377 15412 9.53418
17925 13576 11507 11.628493
14970 11507 9150 7.310547
17786 15712 11387 23.285629
17788 11387 14235 1.151999
15035 11387 9196 8.182055
17787 11387 15802 20.169275
22126 15802 15982 5.57959
20980 15426 14524 26.89386
14579 14524 8840 11.096958
10080 14524 5700 19.408026
10078 5700 14525 23.245218
20982 14525 14526 10.661621
17924 11507 17907 27.325783
2821 8840 1378 36.481392
2822 1378 13102 9.028337
5713 13102 3010 15.663886
5712 3010 6733 7.101386
5294 13102 2781 18.589518
4033 2781 2062 9.306821
5295 2781 18163 16.062515
23669 18163 17730 14.144043
5175 17730 2709 7.70981
10701 17730 6118 14.175531
10295 6118 5853 7.881104
10500 6118 5982 16.046843
10501 5982 8426 6.2486
8783 5982 4853 9.305634
3256 18163 1615 25.560785
22100 15773 15772 41.122559
17877 11462 11953 43.441452
9051 11953 5030 4.802965
9050 5030 11460 9.671875
13331 11460 7950 1.186416
8349 7950 4577 1.479472
18429 11953 15263 26.518969
19994 15263 13475 4.847404
9392 15263 5246 12.956861
9390 5246 7536 18.366297
12738 7536 17896 6.800505
23754 17896 18227 10.001465
23847 18227 18111 16.037985
903 18111 370 14.688232
902 370 12879 10.92041
10809 12879 6195 12.893808
10808 6195 14162 9.312655
20662 14162 14332 5.537598
20661 14162 14954 9.379616
15171 14954 9293 12.827976
4577 18111 2369 16.967285
10203 15263 5784 18.59668
19624 17896 13080 19.51338
16409 13080 10251 9.835935
17250 18227 10933 20.439453
17249 10933 15052 13.935042
19625 13080 13900 25.34375
19929 13900 13404 16.487549
13793 13900 8269 24.877522
11500 8269 6671 11.873537
11501 6671 8262 5.97995
9720 8262 5462 5.079368
9721 5462 6285 6.032362
7522 6285 4070 4.687309
7523 4070 15579 6.373347
6771 15579 3612 7.52599
6769 3612 11418 11.628888
11647 15579 6774 11.865271
11516 6774 6680 12.901146
1450 8269 661 16.058495
1449 661 4682 15.87114
8522 4682 5438 7.207461
8521 4682 12221 12.991259
18744 12221 12266 2.036621
18800 12266 12410 4.491455
9629 12410 5406 9.387708
9630 5406 5740 9.778076
10137 5740 6039 9.122559
10584 6039 12420 13.174805
13881 12420 8337 13.021973
10755 8337 6155 6.503418
13882 8337 8624 6.904785
18959 12420 12820 13.683838
10585 6039 17547 14.464851
9680 5438 16512 19.816687
12374 16512 7271 11.204016
12375 7271 12925 7.966017
4305 5406 2210 26.5625
4304 2210 8320 9.389471
4303 2210 9030 9.779781
14815 9030 17794 14.103516
23495 17794 17476 9.638672
23243 17476 17123 9.91748
22452 17123 16160 23.10498
11232 16160 6492 1.294434
11010 6492 6344 4.575439
11011 6344 16002 1.294511
11231 6492 6784 9.91748
9635 6784 5410 1.279297
11665 6784 7106 9.638672
12139 7106 12974 1.26416
12140 7106 7256 4.826416
12349 7256 7708 13.809326
20834 16002 14364 14.904447
12991 7708 9559 21.703613
5690 9559 2996 8.798599
15506 9559 13361 16.229109
3253 13361 1614 5.632669
8095 13361 4412 14.843936
10807 6195 14357 28.69632
20042 14357 13526 26.50293
11012 6344 14580 30.937227
17873 11460 12246 33.68203
11518 6680 16021 38.315079
22277 16021 15966 1.855225
21488 15966 15058 4.020996
8350 4577 9918 43.390568
21459 15021 16488 45.473145
22728 16488 17150 21.760254
23264 17150 17788 18.691406
160 17788 60 39.534817
6193 4286 3286 45.664108
6194 3286 17699 1.819925
6029 17699 3190 3.533329
19556 17870 13016 47.388386
19555 13016 17774 23.407055
19557 13016 15194 47.569977
6221 15194 3299 19.41848
4829 15194 2508 23.196997
6220 3299 3361 38.1022
2685 17788 1299 51.61084
4656 2412 4737 53.007092
15344 11175 9425 53.027489
14738 9425 8971 12.428467
5109 2673 17820 53.180428
20597 18212 14102 53.187698
16607 14102 10413 27.386187
12211 10413 7154 3.183471
4579 4737 2371 55.139599
14094 13092 8504 56.503399
3929 3190 2001 57.818897
3930 2001 2051 15.294212
4013 2051 17974 16.235046
5038 17974 2635 9.712896
4011 2051 2050 19.799805
4012 2050 2176 4.44013
4009 2050 2049 18.276855
4010 2049 10051 11.529785
4007 10051 2048 2.177734
4006 2048 2223 7.20108
3931 2001 4161 33.904114
11051 10051 6370 34.212147
7673 4161 9764 46.887997
15065 9215 10760 58.348572
3162 2048 1560 58.786911
1375 1560 621 32.193825
1376 621 10123 17.150694
16240 10123 14734 30.320032
7948 14734 4320 10.006348
5069 14734 2652 27.901985
12044 10123 7037 39.963898
23 1560 8 44.662205
14489 11173 8778 61.448101
14490 8778 18261 40.65057
113 18261 41 27.45051
3766 18261 1914 57.19043
11631 8971 6758 64.290039
3928 2001 9312 65.506836
15193 9312 9796 34.925205
13345 9796 7961 3.086952
16801 12661 10586 65.63031
16430 10586 10266 19.391129
16197 10266 10094 6.196005
15608 10094 9626 23.863657
15154 9626 9281 9.76416
14736 9281 8969 8.5067
15151 9281 9280 24.369141
15153 9281 9314 25.929636
15197 9314 10726 24.999405
13835 10726 8300 3.329659
14652 10726 8905 4.349292
14653 8905 17368 3.614171
13660 8300 8171 5.175823
14651 8905 14974 11.415999
19923 14974 13398 5.766015
19798 13398 13268 4.268311
1697 8905 792 17.583845
1698 792 12567 12.115836
19107 12567 15349 8.129638
1100 12567 471 8.607524
829 471 336 4.254395
1099 471 3709 7.687952
830 336 18250 9.903687
6116 18250 3240 6.046387
5801 3240 3059 5.635376
5489 3059 2890 4.895996
5225 2890 2738 5.523804
6117 3240 13896 8.362387
299 13896 113 1.642773
301 113 10917 10.640616
5736 13896 3025 12.785353
6934 3709 12314 15.470976
13270 8171 7910 19.557384
6933 3709 11190 20.213497
17352 11190 11021 5.635254
17165 11021 10861 4.770508
16992 10861 10736 3.626709
15195 9314 15461 25.358887
15196 9314 10454 38.894238
16655 10454 10455 22.845703
16429 10266 11705 44.92535
8099 4416 6759 71.19043
11632 6759 12514 64.333862
19055 12514 13964 1.188314
2783 12514 1359 1.241547
17054 12514 10782 22.068171
16130 10782 10040 67.65686
14278 10040 8637 31.695881
14066 8475 8477 71.583984
9394 8477 5248 29.608398
9393 5248 8476 40.452637
13862 8476 8323 4.184692
13863 8323 15248 42.715744
10147 15248 5747 35.457161
9646 5747 5419 9.76416
10146 5747 5787 16.811874
533 15248 210 56.420174
15439 15953 9501 73.026436
15438 9501 14520 8.919021
14504 9501 8789 20.683105
16399 13734 10241 73.045898
16397 10241 10239 70.061035
16396 10239 11943 51.619274
18415 11943 13459 51.61084
16395 10239 10238 57.876465
19982 13459 13458 70.060547
18416 11943 11983 70.074432
112 41 90 73.120728
237 90 91 68.537598
4637 13740 2400 79.093636
4676 2423 7693 79.918243
13684 8190 14271 83.04084
10785 8762 6175 87.028076
10786 6175 8767 2.833008
14472 8767 15523 9.747559
14471 15523 8766 7.006104
7201 15523 3877 40.27055
6219 3299 6337 89.272705
10941 6337 6288 48.757755
10939 6288 6287 4.569336
10875 6287 6240 85.30291
5154 18044 2699 90.086601
5152 2699 4410 51.610596
8094 4410 14044 5.143254
8093 4410 7640 13.037598
11286 7640 6528 10.20459
5062 6528 2648 4.394223
5061 2648 6356 0.755886
5060 2648 7483 10.144025
19365 14044 12832 31.490641
19363 12832 12908 4.13043
19364 12832 12909 8.110164
19442 12909 13130 8.337901
19642 13130 13094 4.777471
10305 13094 5862 3.061035
9975 5862 5634 8.337901
19440 12908 13210 11.508899
9699 5634 5449 12.03337
9700 5449 5677 8.337634
10044 5677 5999 10.228357
9426 13094 5272 18.133551
19674 13130 13727 20.056013
19742 13210 15223 24.648403
20701 15223 14202 2.834973
20894 15223 14423 22.036297
11287 6528 15972 38.396484
18287 15972 11820 0.822266
18286 11820 15073 7.701069
21498 15073 16267 1.694606
2980 15073 1457 19.192562
5059 2648 8224 39.244038
15857 14423 9822 45.176468
3051 9822 1499 26.760481
6580 5449 3509 58.473766
20893 14423 16675 68.349365
22887 16675 18248 3.29647
23259 18248 17142 12.264336
23260 17142 17178 0.93457
22528 18248 16237 14.996946
22527 16237 17239 0.836218
23330 17239 18115 27.465933
231 18115 87 6.866575
229 87 386 28.664034
22886 16675 16674 45.691895
230 87 2587 76.73362
4970 2587 3437 26.546679
6460 3437 15754 71.216492
7880 15754 4281 6.194033
22079 15754 15977 6.744269
7879 4281 6859 25.808231
11783 6859 8587 57.957191
14214 8587 8754 5.176012
14301 8754 8656 8.110164
10372 8656 5902 3.972276
10371 5902 13031 0.824164
6526 5902 3474 5.789093
6528 3474 8776 4.189059
19056 13031 12516 6.179935
1236 12516 540 3.235775
1063 12516 456 3.989654
1487 8776 679 9.291573
1485 679 15039 8.989315
6527 3474 4777 12.71462
8665 4777 10315 3.543824
16484 10315 13086 8.143518
15461 13086 9513 14.980152
15091 9513 9234 10.351933
14704 9234 8942 20.101992
14299 8942 8655 8.369385
14705 8942 9385 12.646053
15295 9385 9579 5.78383
14300 8655 8990 16.829727
14761 8990 9235 8.337901
14523 8990 8804 12.03337
14142 8804 8534 7.138708
14143 8534 8588 12.264141
12573 8534 7411 35.514366
12209 7411 7152 8.506579
1064 456 9141 36.327145
8293 9141 4540 39.331028
11995 8655 7003 47.523735
9481 9579 5304 75.784843
2869 8588 1403 76.168457
2868 1403 1404 31.984375
2870 1404 1405 65.491699
2668 1405 1290 5.353253
2669 1290 1291 54.830566
2670 1291 1292 6.092285
2671 1292 4262 76.01944
2558 4262 1235 73.24733
15460 9513 12054 77.680069
18552 12054 12749 23.76199
19247 12749 12711 32.014782
18962 12711 12422 9.76416
19246 12711 12792 12.499868
19321 12792 13127 11.15918
18550 12422 12053 12.553955
19672 13127 13500 12.553955
20021 13500 13914 13.94873
20419 13914 14156 7.138946
20418 13914 13913 15.230469
1967 14156 928 16.473732
1768 928 830 14.025784
1769 830 16006 10.607867
1770 830 17180 30.04221
21516 17180 15089 25.574905
21515 15089 15287 5.783465
10689 15287 6109 22.528286
10687 6109 12780 16.352625
10688 6109 6749 20.435059
11616 6749 14266 6.744927
18481 14266 12002 5.093289
18483 12002 12117 3.724121
18615 12117 18198 5.102051
23216 18198 17091 5.150301
23217 17091 17339 8.337634
23402 17339 17528 8.261221
23534 17528 17724 5.783701
23535 17528 17725 12.032937
23662 17725 17726 7.615723
23664 17726 17727 7.615234
6183 17727 3280 1.565454
11474 17727 6657 1.617659
6184 3280 17770 9.186552
23562 17770 17574 5.57959
23435 17574 17390 7.211532
18117 17390 11673 5.14361
18116 11673 17340 8.634691
15819 17390 9795 9.25366
23663 17726 18195 15.34375
18614 12117 14466 16.978933
222 17770 84 19.667671
91 17724 33 21.035122
90 33 359 19.186817
880 359 668 9.680664
23659 17724 17722 25.89209
23658 17722 17721 15.230957
23325 17721 17234 13.948975
23657 17721 17723 18.276855
18721 17723 12206 10.609034
18719 12206 17720 12.780925
18720 12206 12866 22.875977
23326 17234 17297 22.888742
23636 17720 17676 22.888742
223 84 12849 31.473251
1465 668 11747 32.749626
9564 11747 5361 30.781162
9563 5361 10735 22.40531
16991 10735 13791 22.900118
9794 13791 5515 28.869303
9792 5515 6441 28.555172
11154 6441 6652 8.337901
11465 6652 6848 7.138708
11704 6848 6812 9.244014
11706 6812 6849 9.244497
11769 6849 7049 5.57959
12063 7049 7235 5.57959
11707 6849 6813 6.249907
12318 7235 7269 9.244014
12064 7269 7050 9.260546
11770 7050 6850 5.783701
11355 6849 6575 9.76416
11221 6575 6486 3.178416
10833 6850 6211 21.416361
7338 6211 3959 17.299629
9858 6486 5557 27.897705
11710 6850 6814 30.493341
2167 6814 1030 10.920419
11711 6814 13269 11.461254
10138 6814 5741 33.477295
22846 17720 16629 33.511917
22847 16629 16631 18.276855
22848 16631 16630 4.569336
22850 16630 16668 9.244014
22808 16668 16586 5.353671
22168 16586 15835 23.761745
21816 15835 15449 11.15918
21638 15449 15232 6.974365
22169 15835 15926 13.988533
22050 15926 15723 7.211841
21637 15232 15286 19.848871
8223 15286 4490 8.399766
8224 4490 15397 8.760205
19485 15397 12947 3.259277
19115 12947 12577 12.972412
21815 15449 15448 24.369141
20824 15397 14354 24.628672
20654 14354 14155 16.761101
20380 14155 13870 8.369385
20019 13870 13499 12.553955
19670 13499 13126 12.645994
19319 13126 12791 11.262623
18960 12791 12421 12.645994
18548 12421 12052 12.553955
2198 14354 1044 19.222277
19318 12791 12790 19.799805
20379 13870 13869 22.845703
16038 13870 9962 25.77685
21680 15286 15285 31.984375
21636 15285 15231 28.972069
21635 15231 16143 27.897705
4206 9795 2155 33.589119
4207 2155 15177 27.293175
21679 15285 16410 34.872314
1637 17722 759 39.056641
8908 10735 4935 42.32222
2487 4935 1197 8.362072
2485 1197 3760 13.172401
7012 3760 3803 12.264169
7011 3803 3759 6.249961
8909 4935 11361 14.554908
7010 3759 3757 15.230469
7008 3757 5344 10.477021
9539 5344 13473 13.727488
7009 3757 4222 13.948975
7783 4222 4626 11.158936
8435 4626 4625 16.753906
8434 4625 5017 11.262623
9034 5017 5016 13.70752
5706 3760 3005 22.370016
5612 3005 2952 16.811863
8432 4625 4624 22.845703
8433 4624 12916 10.816224
7704 4624 4181 12.553955
7006 4181 3756 12.553955
7005 3756 3758 6.092285
9731 12916 5466 14.337831
7004 3758 3755 15.230469
7003 3755 4180 12.553955
7702 4180 4179 19.799805
7635 4179 4136 18.329998
9634 5466 5409 21.368811
9633 5409 5408 19.799805
6931 3755 3707 24.409023
5520 3707 2906 23.713135
8436 4626 5514 26.54665
9791 5514 5556 21.368322
9557 5408 5356 32.014782
9556 5356 16774 36.750336
10193 16774 5777 1.394858
10075 5777 5698 6.700562
10076 5698 9085 33.742832
19325 15231 12796 43.955566
19326 12796 14122 26.480888
20615 14122 17595 12.477811
11572 14122 6720 44.798595
9857 17676 5555 45.994785
9856 5555 17621 11.913009
23589 17621 17619 6.092285
5118 17621 2678 6.47497
5119 2678 16849 17.688089
22920 16849 16714 6.195923
13588 16714 8124 18.145281
13587 8124 17620 29.554918
23591 17620 17622 13.70752
23592 17622 17623 7.615234
23593 17623 17624 6.092285
23594 17624 17625 9.138672
20584 17625 14088 15.288486
9374 14088 5235 4.17418
20583 14088 14683 4.646046
17455 17625 11111 23.561672
821 17622 332 29.29248
815 332 330 13.70752
377 330 143 5.783701
820 332 907 16.807907
1929 907 1104 5.783594
1930 907 908 12.184082
2511 17622 1211 39.726555
2512 1211 15233 34.202911
21640 15233 15288 4.777471
21682 15288 15505 40.209133
2160 15505 1027 6.87056
2159 1027 15724 32.008099
18440 15724 11962 16.170782
18441 11962 15875 4.46365
11883 11962 6928 33.045044
20656 15505 14158 40.480316
20655 14158 14157 30.461426
10120 11747 5728 46.963768
10119 5728 6641 5.117264
11450 6641 8031 13.464047
6584 8031 3511 13.533707
7053 8031 3785 15.391228
7054 3785 17768 3.099821
7055 3785 18118 8.781235
35 18118 13 4.365967
11940 18118 6972 14.408635
4648 3511 2405 25.879787
18345 15875 11876 47.365562
6366 11876 3382 38.97916
6368 3382 7583 10.353625
6367 3382 17742 44.87196
22608 17742 16329 36.836674
19941 16329 13416 12.786121
4278 13869 2197 48.962627
4130 8031 2117 51.457088
4131 2117 8303 4.854831
4066 8303 2080 14.994062
4065 2080 2116 6.249961
4064 2116 2079 13.778323
4129 2117 2674 18.133301
11469 8303 6654 22.266033
4063 2079 2078 24.369141
2120 2079 1004 33.498016
2121 1004 1005 19.799805
4062 2078 2115 33.53635
4127 2115 2549 14.031624
4126 2115 2214 27.556595
4313 2214 2258 4.777543
4314 2258 2215 4.777543
2020 2078 952 34.891426
816 952 331 18.197386
818 331 380 10.752015
819 331 17835 22.52507
2019 952 951 30.461426
2018 951 1209 7.610471
921 951 379 16.807665
4312 2214 3321 36.26709
4898 2549 2548 36.553711
3212 2215 1590 50.254604
3211 1590 3580 6.412928
6720 3580 6561 7.299231
11331 6561 8722 16.884954
9250 8722 5160 17.3393
582 5160 226 3.63265
580 226 18102 14.423184
23637 18102 17677 19.556839
2588 1590 1250 22.070332
581 226 18196 33.061195
3095 5160 1522 36.906445
23405 17677 17341 40.785633
10619 8722 6063 47.905548
1464 668 7999 52.515228
23717 18102 17803 52.696682
2168 1030 6038 52.880867
14877 9085 11119 52.907028
10583 6038 13865 58.744644
22590 17677 16305 61.958641
190 17340 73 63.910217
191 73 15178 3.11362
22524 18195 16235 64.201012
14671 16235 8920 35.333988
12695 16305 7500 64.360992
1616 12849 745 64.509918
1617 745 3164 6.591031
19250 15177 12714 78.350746
19249 12714 12713 42.645996
18595 12713 12098 20.978449
19248 12713 12712 21.322754
22058 15772 15730 92.917458
10874 6240 9458 94.962044
9263 16305 5168 97.429184
9264 5168 13501 36.333889
20023 13501 14223 36.494083
20022 13501 16170 40.582264
9972 16170 5632 29.47357
9974 5632 9684 51.915222
14216 9684 8589 30.838291
1036 8589 439 38.016815
9973 5632 6325 76.291801
5274 10905 2766 97.64209
7649 5587 4146 101.387756
7648 4146 4147 60.922363
8277 9085 4529 101.823387
8278 4529 7202 11.956393
7013 7202 3761 43.578568
7014 3761 13277 59.337528
16839 13277 10622 6.799574
15324 10622 9412 36.775234
304 9412 114 16.321444
303 114 15405 28.358284
16838 10622 12154 52.641964
9996 12154 5644 4.481601
9994 5644 12480 8.232064
1273 12480 562 13.525808
9995 5644 11195 33.747585
18577 12480 12078 46.319214
1272 562 4411 47.02137
1271 562 14989 73.982727
13280 14989 7915 59.04504
2073 7915 978 24.916044
2714 3761 1318 80.583839
8276 4529 7051 87.045227
19807 13277 18146 89.093254
18372 11943 11901 105.101051
18371 11901 13415 51.610718
19902 13415 13375 70.074921
18796 13375 12262 37.661987
14008 11901 8430 101.82402
115 91 42 106.623871
114 42 44 35.030273
118 44 43 33.507812
8004 16674 4356 106.982346
6169 4356 3270 40.807007
8003 4356 16719 103.204895
22925 16719 16718 4.569336
21747 16718 15366 41.874138
20935 15366 14477 26.54665
20936 14477 14509 4.777543
19937 14477 13412 33.511673
19936 13412 13411 4.569336
19899 13412 13371 63.983959
18411 13371 11938 48.844791
16388 11938 10232 51.63306
16389 10232 10286 24.409023
16385 10232 10231 65.491699
16387 10231 10285 3.350503
16391 10286 10233 99.00885
16390 10233 10287 16.811863
16453 10287 11939 50.238911
18412 11939 14560 86.48291
21022 14560 16676 64.182869
11664 10286 6783 101.823898
11590 6783 6730 18.329531
11589 6730 6729 76.15332
11588 6729 6728 71.583984
11592 10233 6731 101.824135
11591 6731 6732 16.753906
10940 6288 9913 107.67588
3383 7915 1681 109.075226
3381 1681 2881 62.174145
5473 2881 3199 36.366096
6042 3199 11902 3.28234
14491 11902 8779 24.115425
14492 8779 9373 57.156658
5269 3199 2761 61.015278
3382 1681 16405 79.866478
22666 16405 16416 31.216784
15499 16405 9555 39.290882
15500 9555 12112 27.638786
15501 9555 16202 57.308914
6350 16202 3373 18.904297
6352 3373 14100 25.879528
12486 16202 7348 78.453339
3511 7348 1756 49.005081
3510 1756 7537 41.281551
12739 7537 17371 24.347956
1846 1756 868 59.536705
1848 868 7927 33.56208
13299 7927 16574 2.114897
22793 16574 16689 15.444312
13298 7927 16690 29.21159
1313 16689 587 38.329544
1314 587 3441 7.269973
5467 3441 2878 36.888515
19285 16689 12750 47.242275
6947 7348 3719 59.98563
840 3441 340 65.114388
839 340 341 4.569336
5 341 1 40.785633
6 1 16544 34.005203
6281 16544 3328 69.043953
6251 3328 3316 15.233025
6249 3316 12650 25.757317
6282 3328 5903 28.654013
6250 3316 6006 32.919292
10538 6006 9300 23.702936
4050 9300 2070 41.830536
10537 6006 11490 61.881493
4049 2070 17535 63.858437
107 17535 39 62.219707
105 39 495 44.421001
1146 495 1907 35.62619
3752 1907 12265 6.086442
18799 12265 16677 17.170898
15999 12265 9931 27.955872
1147 495 15234 61.100437
106 39 16906 68.146004
3753 1907 3400 69.800758
15772 16574 9762 69.909676
17809 16677 11401 73.616959
4048 2070 12493 75.571571
15178 9300 16554 75.996704
6297 9373 3339 97.464928
6296 3339 8489 1.131566
14076 8489 8681 4.453485
14077 8489 9096 88.413437
14893 9096 9409 9.535269
11606 9409 6739 24.497435
11604 6739 13461 22.276081
16797 13461 10583 24.180096
11605 6739 14789 24.305599
1072 9096 460 44.161488
1073 460 13162 25.391287
17976 13461 11562 60.488258
17833 11562 11422 22.251221
16662 11562 10460 43.282196
14938 11422 9123 52.05685
14937 9123 15297 22.75794
6258 9123 3320 25.31513
6259 3320 12362 5.027641
6260 3320 15513 20.48069
21490 15297 15060 31.249222
20610 15060 14116 30.442303
21031 15060 14569 55.102352
1074 460 4984 87.856178
8976 4984 5717 48.1325
10106 5717 6594 50.210419
11384 6594 7075 28.797321
12100 7075 7541 26.767391
12745 7541 9095 89.588043
4825 9095 2506 42.841324
4827 2506 2774 19.39155
3599 2774 1810 34.887943
2417 1810 1159 22.831831
2418 1159 11403 24.980568
4746 11403 2459 11.972711
4747 2459 12551 11.666218
4748 2459 16518 14.881713
11396 16518 6601 10.831427
2633 16518 1274 13.827038
2634 1274 6701 11.243145
2635 1274 6828 13.185635
11736 6828 15736 4.194266
11735 6828 9823 10.718263
3238 11403 1607 29.713785
3237 1607 14257 25.903
20325 14257 13813 19.072195
15468 13813 9521 8.022365
20326 13813 13949 17.992437
3239 1607 16890 29.349628
23066 16890 17735 17.948835
5285 2774 3432 36.183613
6452 3432 14839 38.568256
20185 14839 13678 9.573092
1692 14839 788 28.010717
1527 1159 701 47.385136
6451 3432 8239 47.552876
1992 8239 939 23.417152
1990 939 12441 18.395788
1991 939 15335 29.711878
8764 8239 4841 33.412819
8413 4841 4614 9.44078
8414 4614 4746 11.020042
8619 4746 4965 7.138946
8955 4965 5120 4.18457
9188 5120 5352 8.50682
9552 5352 5405 7.741911
9551 5352 5737 11.158936
8953 4965 4964 12.18457
8954 4964 5404 14.277415
7779 4746 4220 14.678076
10135 5737 6534 23.713135
9627 5404 5969 32.121605
10479 5969 6115 7.390979
10696 6115 6533 26.067757
11295 6533 6723 11.495959
11578 6723 6769 6.249961
11577 6723 7045 10.228357
12058 7045 7361 10.780429
11642 6769 6955 12.032824
11915 6955 7145 8.261385
11914 6955 7146 8.261385
12199 7145 7307 10.707341
12430 7307 7647 10.780429
12846 7647 7609 9.244534
12200 7146 7508 12.057809
12370 7361 7268 12.499338
12898 7647 7727 13.988484
12771 7727 7561 6.356833
12772 7561 7608 3.350605
12844 7608 7726 7.390979
13009 7726 7775 3.350161
13008 7726 7871 4.453089
13076 7775 7965 9.440531
12269 7608 7195 13.95435
12369 7268 7728 15.221137
13013 7728 7872 12.882643
13213 7872 7966 12.499923
13354 7966 8077 12.499814
13526 8077 8176 11.020639
13668 8176 8268 12.499814
13792 8268 8363 11.020042
13918 8363 8796 12.058261
13791 8268 8694 12.058446
13667 8176 8567 12.71347
13212 7872 8415 17.129578
13990 8415 8568 12.883104
14189 8568 8695 11.020639
14360 8695 9116 13.359434
14862 9116 9071 12.264113
14685 9071 8928 12.883264
13842 8415 8305 13.988484
14683 8928 15942 14.003317
22259 15942 16425 16.508986
22678 16425 16515 12.499814
22754 16515 16638 14.33216
15718 16638 9717 11.03516
13351 7965 8566 18.389177
22677 16425 16951 18.389622
23102 16951 17108 7.211841
14187 8566 8795 19.10956
14514 8795 9224 12.918414
13839 8795 8304 13.95391
4377 9224 2253 15.480246
13840 8304 8565 16.751284
14185 8565 8794 8.261221
15075 9224 9377 17.26811
15208 9377 9322 2.065658
15285 9377 9884 16.508986
15818 9884 9794 11.020166
15936 9884 10017 17.268585
15512 10017 9563 15.892101
16101 10017 10540 17.129578
15935 9884 10371 17.556391
16555 10371 10633 9.535697
16856 10633 11053 13.359434
17388 11053 13245 7.529195
17387 11053 11348 10.351737
17743 11348 11521 6.356833
17940 11521 11672 4.18457
1666 11672 773 12.721159
1664 773 1128 10.780429
2356 1128 1383 7.610694
2829 1383 1518 4.453256
17941 11521 11561 13.778323
3089 1518 1881 13.95435
3707 1881 2224 12.71347
4326 2224 2559 12.058261
4919 2559 2838 10.780429
5399 2838 3096 9.535697
5857 3096 3443 10.228211
6472 3443 3774 10.780429
7032 3774 4035 9.535269
6889 3774 3684 12.499923
16443 10371 10274 15.484303
16442 10274 10695 14.682897
7460 4035 4589 16.508986
8369 4589 5044 13.95435
9071 5044 5375 12.057809
9584 5375 5754 12.7139
10156 5754 6132 12.058446
10723 6132 6502 12.058446
11244 6502 6832 11.567402
11744 6832 7243 14.682897
12329 7243 7630 12.7139
12878 7630 7756 4.18457
10982 6502 6323 16.220327
10981 6323 15191 7.731718
10725 6323 6133 9.440531
10351 6133 5891 10.326518
9956 5891 5621 11.315225
19301 15191 12764 16.570879
11601 12764 6737 7.254847
11600 6737 7017 11.315225
12014 7017 7327 10.780871
1665 773 882 16.98415
12455 7327 7848 17.129578
13179 7848 8091 7.610247
13178 7848 7849 16.753906
13181 7849 7893 16.811357
11816 7017 6880 17.268585
11603 6880 6738 14.332017
11124 6738 6420 12.058446
11493 6738 6666 16.98407
11316 6666 6548 15.795337
10726 6548 6134 13.95435
10287 6134 5846 8.906345
10220 5846 5794 10.7525
9751 5846 5480 12.7139
9277 5480 5176 10.228211
11127 6548 6421 15.794995
10984 6421 6324 15.484303
10851 6324 6223 15.483911
10101 6223 5714 16.009668
9273 5176 5175 16.753906
10100 5714 9839 17.466463
10445 6420 5946 17.556686
13246 7893 7894 18.276855
13249 7894 7941 16.811884
13319 7941 8005 16.811398
13418 8005 8482 15.892101
13951 8482 8388 13.98906
13420 8388 8006 11.56706
14070 8482 8677 15.794867
13419 8006 8052 16.811844
14334 8677 8812 17.268585
14536 8812 8902 15.483911
14648 8902 9051 15.794867
14841 9051 9194 15.795337
13484 8052 8053 18.276855
13486 8053 8054 10.661133
13491 8054 8389 10.780429
13952 8389 8720 8.493129
14401 8720 8899 6.357067
14642 8899 9246 10.228211
2436 9246 1167 1.433062
2435 1167 9132 8.121413
14946 9132 9131 6.092285
2069 9131 976 9.752551
14021 8899 8437 13.346421
13544 8437 8092 10.228357
13543 8092 8149 6.249961
13421 8149 8007 5.176012
2068 976 15061 15.905791
15105 15061 9247 1.898744
15104 9247 9403 15.794867
15315 9403 9485 15.483911
14947 9132 9697 16.009529
15583 9697 9607 8.110705
15695 9697 9771 13.988484
15244 9771 9346 13.95391
15782 9771 17491 15.761973
518 17491 204 13.838837
15417 9485 9696 16.220785
2434 1167 9739 16.945837
13631 8149 8771 17.799677
14481 8771 9007 10.326878
14785 9007 9486 14.277519
15314 9486 9402 13.988582
15106 9402 9248 15.794867
14948 9248 9133 15.484303
14787 9133 9008 15.794867
13630 8149 8148 18.276855
13629 8148 8194 16.811398
13692 8194 8195 16.753906
13547 8195 8094 11.020166
13545 8094 8093 4.569336
13546 8094 8611 15.20861
13320 8093 7942 15.794867
13108 7942 7798 14.332484
12989 7798 7704 15.483911
12801 7704 7582 14.332017
12800 7582 7833 15.499193
13030 7833 7742 12.499923
12922 7742 7662 15.483823
10099 6133 5713 18.587738
15513 9563 9716 18.749775
15283 9716 9376 10.780429
15284 9376 9562 10.706924
15510 9562 9793 7.610247
15511 9562 9792 12.740037
15816 9792 9976 10.706924
16054 9976 10458 14.67854
16554 10458 10370 12.499447
16441 10370 10273 12.499814
16290 10273 10159 12.499923
16289 10159 10694 16.508986
16949 10694 10976 8.906804
16950 10694 10779 11.020166
17050 10779 10874 12.499814
17294 10976 11382 13.95391
17779 11382 11615 8.337838
18046 11615 11805 5.78383
18270 11805 11847 6.249853
18315 11847 12007 10.706924
18489 12007 12282 10.228211
18821 12282 12587 11.508899
3572 12587 1793 12.06419
3570 1793 2178 13.95435
4245 2178 2517 12.058446
4845 2517 2789 13.373302
17181 10874 10975 13.988582
17293 10975 11255 8.506579
17632 11255 11614 13.509963
18044 11614 12006 13.359434
18488 12006 12095 3.178631
18592 12095 12257 5.783701
18790 12257 12540 10.780429
19084 12540 12825 10.780429
19353 12825 13168 12.058261
4670 13168 2420 13.960525
4668 2420 2757 12.058446
5262 2757 2788 7.741955
5261 2757 3061 10.780429
5805 3061 3144 8.11008
5804 3061 3397 10.780429
6110 3397 3236 12.882643
5728 3236 3020 7.610694
5132 3020 2686 12.058446
4520 2686 2339 12.057809
6396 3397 3817 13.359726
6886 3817 3682 14.33216
6885 3682 4033 12.058446
7456 4033 4334 9.535269
7969 4334 4692 10.780664
8539 4692 4982 8.906345
8973 4982 5174 6.356833
9272 5174 5572 13.359434
9885 5572 5890 10.780429
10349 5890 6274 12.058446
10920 6274 6632 12.058261
11435 6632 6973 12.058446
11941 6973 7379 13.95391
12533 7379 7629 7.610694
12877 7629 7672 3.350605
12933 7672 7700 13.778273
12982 7700 7701 4.569336
12983 7700 7847 5.176119
13176 7847 8193 10.780429
13690 8193 8542 10.780429
14153 8542 8901 10.780429
14645 8901 9193 9.535034
15030 9193 9447 8.326264
12875 7629 7628 15.230469
12876 7628 7755 4.453089
13049 7755 8090 10.780429
13538 8090 8435 10.228211
14017 8435 8811 10.780429
14533 8811 9135 10.780429
14951 9135 9449 9.535697
12797 7628 7580 15.294223
12796 7580 7579 7.615723
12794 7579 7578 9.138184
12795 7578 7754 5.783701
13047 7754 8004 7.61089
13416 8004 8147 4.453089
13626 8147 8327 6.356833
13869 8327 8615 7.610443
14254 8615 8721 3.178631
14402 8721 9010 9.535269
14255 8615 8675 10.7525
12327 7579 7242 10.780223
13048 7754 7846 11.020166
12733 7846 7533 10.780871
13627 8147 8232 11.020515
11813 7242 6879 12.058446
14790 9010 9404 12.058446
15316 9404 9738 10.767398
9643 9738 5416 11.383351
15317 9404 9488 12.499814
15419 9488 9737 8.325996
14883 9488 9089 12.057994
11242 6879 6501 13.359434
10783 6501 6174 11.508899
10218 6174 5793 11.567402
9656 5793 5425 12.058446
12731 7533 7532 15.230469
12732 7532 7577 9.244534
12730 7577 7531 4.777543
12231 7532 7167 12.057994
11596 7167 6735 13.95435
11122 6735 6419 12.058446
10649 6419 6082 10.228211
12792 7577 8051 15.221137
13482 8051 8434 12.058446
14015 8434 8857 12.7139
14598 8857 9250 12.058261
15109 9250 9656 12.701472
15642 9656 9901 8.906345
12799 7701 7581 15.794867
12798 7581 7702 4.453089
12985 7702 7703 12.18457
12988 7703 7940 7.61089
13316 7940 8233 9.535034
13734 8233 8676 12.058446
14332 8676 8953 9.535269
14718 8953 9295 10.780664
15173 9295 9606 10.340292
12146 7581 7111 15.221137
11598 7111 6736 12.7139
11045 6736 6367 13.359434
10577 6367 6035 10.780223
9954 6035 5620 13.359894
9478 5620 5303 10.780429
8916 5303 4939 12.058261
17633 11255 11381 15.795337
12081 11381 7062 9.985067
12082 7062 11473 2.514382
17888 11473 11846 12.057809
18314 11846 17883 2.577406
18313 11846 11927 2.790039
18398 11927 12256 11.262623
6942 12256 3716 2.652971
18788 12256 12281 4.7774
18820 12281 12455 6.357067
18996 12455 12741 10.780223
19273 12741 13043 10.780429
19579 13043 13355 12.058446
19886 13355 13751 13.95435
20267 13751 13784 6.249853
20266 13751 13752 7.615234
20299 13784 13860 13.988582
20375 13860 13904 13.778323
18789 12256 17784 15.190195
8914 5425 4938 16.508986
8461 4938 4644 8.906178
7967 4644 4333 10.352132
7454 4333 4032 8.506579
7455 4032 4098 4.777543
7968 4333 4392 10.7525
8462 4644 4812 12.883104
7576 4098 4243 14.332017
7818 4243 4391 14.332017
8067 4391 4497 13.988582
5856 13752 3095 16.514578
5855 3095 3192 13.988484
6032 3192 3681 14.678076
6792 3681 3626 12.263628
6884 3681 3773 12.499923
8068 4939 4393 17.129795
7458 4393 4034 10.228211
6887 4034 3683 12.058446
6291 3683 3336 10.780223
6111 3336 3237 4.130625
15415 9606 9483 18.488512
15414 9483 9811 10.780429
8782 4982 4852 18.749775
15243 9483 9345 18.749775
8749 9696 4832 18.791916
8748 4832 10030 13.722289
16117 10030 10296 15.379677
16465 10296 10488 8.261221
13051 7756 7797 19.848886
13107 7797 8285 15.221137
13817 8285 8436 18.749775
16150 10274 10055 20.570953
16149 10055 10511 12.645752
16055 9976 10327 20.72154
16500 10327 15281 19.025473
16948 15281 10693 2.388797
16367 10693 10217 15.221137
16366 10217 10216 1.522949
14535 8812 9484 21.548475
15032 9194 9858 21.548475
15242 9345 9996 21.560652
10446 6134 5947 22.040682
10289 5947 5848 3.178202
10288 5947 5847 13.988484
15110 9250 9487 22.434309
11360 9487 6578 7.08282
15418 9487 15686 8.71237
15840 15686 9810 1.502954
1651 9810 767 1.157722
15839 9810 10077 9.535034
14840 9487 9050 14.682897
14253 9050 8614 13.359894
12595 8614 7423 5.154444
13688 8614 8192 12.71347
13689 8192 15284 3.857983
13045 8192 7753 13.95435
13046 7753 15547 3.159108
12664 7753 7475 8.906178
12531 7475 7378 3.178631
12532 7378 8878 3.328183
9162 7475 5100 4.100835
12593 8878 7422 5.91635
12013 7378 7016 12.058446
3086 7016 1516 3.454041
11434 7016 6631 13.359434
1545 6631 710 4.124992
10980 6631 6322 11.508899
10676 6322 6101 1.480311
10782 6322 6173 4.453089
12591 7422 7421 15.230469
12592 7421 7627 5.783701
12229 7421 7166 8.906345
12873 7627 7891 9.535269
11669 7166 6788 12.7139
11241 6788 6500 10.228211
13241 7891 8387 15.221137
13947 8387 8809 12.058261
15619 10217 9633 22.731316
14069 8482 9245 22.819052
14647 8902 9657 22.819052
15416 9485 10182 22.831831
16326 10182 10802 20.305958
8233 4497 4588 23.015865
8368 4588 4643 3.350161
8459 4643 15826 18.503958
8460 4643 15124 19.67395
21547 15124 17275 6.8213
21250 17275 14801 3.406921
6711 14801 3574 0.707456
21048 14801 14590 5.78383
20881 14590 14412 5.78323
12228 14412 7165 2.303233
20085 14412 13565 3.903534
20086 13565 14142 8.488281
20552 14142 14052 5.353127
20367 14142 13856 8.906345
12227 7165 14541 17.933933
21546 15124 15222 18.488585
6710 3574 14912 19.287958
12874 7627 7752 23.225779
13044 7752 7892 4.453089
13244 7892 8089 6.356833
13537 8089 8386 8.906345
13945 8386 8613 6.356833
14252 8613 8810 6.357067
14531 8810 8952 4.453089
12662 7752 7474 9.535269
12530 7474 7377 2.790039
12528 7377 7376 6.092285
12453 7376 7326 15.294179
12454 7326 7576 7.138469
12790 7576 8003 12.918414
13414 8003 8481 14.678076
14067 8481 9009 14.678076
14068 8481 8612 19.995346
13624 8612 8146 13.359434
12931 8146 7671 14.277415
13625 8146 8231 18.488512
13730 8231 8772 14.277996
13042 8231 7751 14.677924
12387 7751 7278 14.678076
11741 7278 6831 14.277519
11743 6831 17469 13.36491
14482 8772 9249 14.678076
15107 9249 9699 13.359267
15696 9699 10122 14.264162
23137 17469 17001 14.678076
22772 17001 16539 15.643246
22422 16539 16129 12.918414
21993 16129 15666 14.678076
21625 15666 15217 14.277415
21194 15217 14742 14.678076
20836 14742 14369 11.567402
20761 14369 14283 3.178864
20631 14283 14139 4.453089
20587 14139 14095 3.350605
20369 14139 13857 8.506579
20541 14095 14046 15.294179
16238 10122 10713 16.807907
16968 10713 11029 10.228211
17149 11029 10850 5.78383
3771 10850 1919 8.148578
3772 1919 11160 2.631648
17421 11160 11080 4.130955
15365 11160 9438 4.96197
15367 9438 14757 0.36678
17471 14757 11125 1.934337
17148 10850 10994 8.689213
16891 10994 10655 10.228357
17512 11160 11584 12.918055
18004 14757 11583 13.286802
17472 11584 11126 13.94873
17473 11126 11443 10.780429
17854 11443 11774 9.882216
18235 11774 12068 9.882216
16969 10713 10800 13.988484
17586 14757 11219 14.520144
17587 11219 11690 14.678076
18136 11690 12108 14.277415
16463 10800 10295 16.009668
15780 10295 9770 16.009668
15245 9770 9348 13.346421
14596 9348 8856 14.678076
13867 8856 8326 14.277415
13172 8326 7845 14.678076
12589 7845 7420 13.359894
12590 7420 17961 15.6462
23520 17961 17519 14.277415
23170 17519 17039 14.678076
22839 17039 16620 14.277892
22475 16620 16182 14.678076
22080 16182 15755 12.917939
21701 15755 15319 14.67854
21301 15319 14852 14.678076
20837 14852 14370 14.277415
20450 14370 13951 13.359894
16782 10655 10566 16.98455
16781 10566 10953 11.566931
16180 10566 10076 14.277892
16075 10076 9995 16.98407
16074 9995 10523 16.508986
16733 10523 10801 8.506579
18564 12068 12559 17.351103
19100 12559 12803 8.906345
19337 12803 13214 14.678389
19747 13214 13608 12.64581
661 7420 261 18.34511
662 261 7939 14.682796
13315 7939 8433 14.678076
14013 8433 8951 14.031624
14716 8951 9448 14.67854
15376 9448 9899 14.664468
15956 9899 10403 14.277996
664 261 18052 15.221584
23582 18052 17609 14.031624
23285 17609 17181 13.359434
22914 17181 16708 16.009668
22544 16708 16254 14.277415
22206 16254 15879 13.95435
21802 15879 15437 12.918414
21447 15437 15013 14.277519
20951 15013 14494 14.678076
20544 14494 14048 14.277415
16598 10403 10910 16.508986
11447 10910 6639 10.779939
11448 6639 11325 2.138001
17711 11325 11773 14.678076
18233 11773 12235 16.009668
18761 12235 12473 8.906637
23824 18052 18139 16.98415
23687 18139 17761 13.359894
906 18139 371 14.031624
904 371 860 14.677924
23357 17761 17282 14.678076
23027 17282 16837 14.678076
22656 16837 16398 14.677924
22266 16398 15957 14.67854
21904 15957 15549 12.917939
21500 15549 15077 14.277519
1834 860 8541 14.683259
14152 8541 9049 14.678076
14838 9049 9522 14.678076
15469 9522 9949 12.904654
21044 15077 14588 15.221584
20632 14588 14140 14.277415
16022 9949 10486 16.009668
16693 10486 10993 16.508986
17314 10993 16625 10.705848
17853 16625 11442 3.32578
17851 11442 11862 13.359894
18330 11862 12317 16.009668
17852 11442 11495 16.811398
1389 11495 627 2.257964
17911 11495 14056 5.088865
17950 14056 11534 7.175313
10778 11534 6170 6.500939
10777 6170 11585 2.743526
17536 11585 11178 1.838793
1388 627 11079 11.101935
16118 11079 10031 4.346527
17511 11178 11159 11.520482
2515 11159 1213 3.65539
17910 11495 11950 14.677924
2549 11950 1230 5.391048
2548 1230 16197 13.870618
18519 16197 12026 2.242849
18517 12026 12234 7.138469
18760 12234 12434 7.138946
18972 12434 15378 3.210977
18970 12434 12802 12.918055
12155 15378 7117 14.070312
12156 7117 12366 4.223649
18910 12366 12727 13.359267
19262 12727 13143 14.678076
15627 13143 9642 5.278397
19686 13143 13556 14.277996
8288 13556 4536 4.16754
20077 13556 13929 13.95391
20433 13929 13975 6.249961
14712 9642 8948 14.452735
14711 8948 13213 3.284317
19746 13213 13607 13.359267
10663 13607 6091 2.411617
20432 13929 14390 14.677924
20778 14390 14297 9.554942
20777 14297 14623 10.780223
20477 13975 14749 14.761024
20571 14749 14076 3.727491
20393 13929 13884 15.294223
19986 13884 13464 14.277519
19647 13464 13101 13.359267
19216 13101 12684 14.67854
19013 12684 12472 7.138469
16732 11079 10522 17.350761
16731 10522 10565 4.777543
16179 10522 10075 13.359894
16178 10075 10074 4.568848
1941 10074 914 12.697034
1940 914 10181 2.787358
16324 10181 10611 12.918055
15202 10611 9319 3.407908
15645 10075 9659 14.664468
15643 9659 9658 3.046387
15644 9658 9698 4.776933
14949 9659 9134 14.67854
14950 9134 9192 3.350161
3619 9192 1823 12.960609
3618 1823 1937 3.866359
3801 1937 7121 12.635649
3123 7121 1537 1.641871
3799 1937 9740 14.280652
2966 9134 1451 14.280756
2967 1451 1496 6.249961
3048 1496 1536 4.777075
2089 1451 987 13.359267
2087 987 986 4.569336
2088 986 3206 11.921082
2195 3206 1042 4.890763
1341 1042 602 13.359267
1343 602 14575 5.682739
1171 14575 511 5.337428
1078 511 462 10.752437
1079 462 18243 14.67854
55 18243 21 4.777075
56 21 911 10.874282
201 911 76 4.420428
23726 18243 17828 12.917939
23725 17828 17827 6.092285
12765 17827 7557 10.211983
12764 7557 17921 3.776501
23427 17828 17380 14.277519
23428 17380 17425 7.741868
1333 17425 597 9.429684
1332 597 17470 4.348645
23139 17470 17002 14.678076
3644 17002 1843 4.803932
3645 1843 16929 9.184652
23086 16929 16930 6.092285
22734 16930 16495 14.277415
22735 16495 16540 7.741955
15330 16540 9415 8.389908
15329 9415 17919 2.572294
22796 17919 16578 2.81613
22424 16578 16130 14.277996
356 16130 135 1.839546
357 135 16078 10.424567
22341 16078 16038 7.741955
21961 16038 15627 13.359894
20217 15627 13705 1.842711
20216 13705 15667 5.899247
21995 15667 15668 12.18457
21539 15627 15120 16.009529
8059 15120 4386 1.509263
8058 4386 15170 7.73528
21590 15170 15218 10.752015
21160 15120 14701 12.918055
20727 14701 14240 14.277415
20728 14240 15450 9.22438
20100 15450 13587 12.567871
19014 12473 12968 17.350761
19501 12968 13380 14.67854
19910 13380 13805 14.277415
20315 13805 14172 11.262623
19825 13380 13294 18.488102
19824 13294 13689 12.91853
19407 13294 12871 14.677924
19101 12871 12560 11.567531
1342 602 693 18.488512
1519 693 1198 14.277415
553 693 217 14.678076
555 217 18053 12.918414
23789 18053 17962 13.988484
23584 18053 17610 14.678076
2488 1198 1667 14.67854
3357 1667 2065 14.678076
4037 2065 2497 14.664932
4809 2497 10294 13.364619
16462 10294 10754 14.277519
23210 17610 17086 16.009668
22866 17086 16653 14.678076
22512 16653 16225 14.677924
22153 16225 15823 12.91853
17017 10754 11324 17.351103
17710 11324 16907 10.152294
18135 16907 11689 1.415258
18133 11689 12107 14.678076
18602 12107 12517 14.277415
19057 12517 12917 15.221584
19452 12917 13325 14.277519
19856 13325 13731 13.359267
20244 13731 14171 14.67854
15959 9995 9900 18.488585
15958 9900 10437 16.508986
6929 14140 3706 18.67646
6930 3706 13488 2.740013
19885 13488 13354 17.268585
14417 13354 8733 2.652772
23392 17469 17331 18.7493
23084 17331 16928 12.918414
18134 11689 11824 18.749775
18291 11824 15906 2.775012
22513 16225 16343 18.749775
22616 16343 16794 14.277415
22238 16343 15918 14.678076
22994 16794 17227 14.678076
23316 17227 17666 13.359894
23622 17666 18140 16.009668
793 18140 320 12.917939
791 320 861 16.009668
1836 861 1307 12.918414
2700 1307 1739 14.678076
3481 1739 2156 14.678076
4208 2156 2580 14.264058
4956 2580 2944 13.359894
5600 2944 10849 14.682796
17038 15918 10772 16.35051
2701 1307 1417 18.488512
1988 1417 938 13.359267
1080 938 463 14.678076
58 463 22 12.91853
2898 1417 1849 15.643246
3654 1849 2066 7.610694
4039 2066 2248 5.78383
4370 2248 2668 14.264058
5102 2668 3084 14.678076
5841 3084 10952 13.364619
17272 10952 11323 11.567402
60 22 17797 16.009529
23393 17797 17332 14.678076
23060 17332 16885 14.678076
22696 16885 16446 14.678389
22301 16446 15993 14.277519
17709 11323 12248 16.642923
18382 12248 11907 2.486904
18380 11907 12264 12.645752
18797 12264 12683 15.221137
19214 12683 13100 14.67854
19645 13100 13511 14.277415
20029 13511 13928 14.678076
20430 13928 14389 14.277519
20857 14389 14717 10.780223
21177 14717 14925 5.78383
21361 14925 15190 8.906637
21605 15190 15510 10.228211
19564 13100 13023 16.984631
19140 13023 12604 14.277519
19563 13023 13418 15.220942
19943 13418 13832 14.67854
20346 13832 14253 13.359434
20740 14253 14622 11.567402
21080 14622 14878 7.61089
21320 14878 15101 7.138469
21525 15101 15409 10.228357
18661 12604 12150 15.64315
21865 15510 16059 17.350761
21779 15409 15967 17.351103
20431 13928 13974 18.330017
20119 13974 13606 13.95435
19716 13606 13181 14.277415
20475 13974 14480 15.643246
19260 13181 12726 16.508986
18908 12726 12365 12.918055
18468 12365 11990 12.918414
20937 14480 15056 17.812525
21485 15056 15594 17.351103
21938 15594 16152 17.351233
5103 2668 2734 18.488512
5215 2734 3174 14.277519
6000 3174 3602 13.359726
4475 2734 2318 14.665084
22697 16446 16541 18.488585
22426 16541 16131 13.359894
22774 16541 16972 14.277415
23116 16972 17426 14.678076
23454 17426 17875 14.67854
204 17875 77 14.677924
21962 16131 15628 15.64315
21630 15628 15221 13.359434
202 77 603 15.643246
1344 603 1043 13.359434
2196 1043 1538 14.277892
3125 1538 1938 14.678076
3126 1538 1623 18.488512
2412 1623 1156 14.677924
1412 1156 641 14.678076
556 641 218 12.91853
3270 1623 2021 14.678076
3970 2021 2249 6.974609
4373 2249 2448 7.610694
4725 2448 2820 13.346129
5366 2820 3265 14.277996
6160 3265 3744 15.221137
6985 3744 4008 8.506579
558 218 17963 16.009529
23522 17963 17520 14.678076
23172 17520 17040 14.277519
22868 17040 16654 13.359726
22514 16654 16226 14.678076
22082 16226 15756 14.277415
21703 15756 15320 14.67854
21307 15320 14855 14.277519
20843 14855 14373 14.677924
20452 14373 13952 13.359894
20049 13952 13534 14.678076
19753 14373 13219 14.964755
12831 13219 7598 14.887321
7417 4008 4293 18.421474
7901 4293 12106 2.998226
18601 12106 12471 13.359726
19011 12471 12870 14.277519
19405 12870 13293 14.678076
19822 13293 13688 13.359726
20198 13688 14114 14.277519
20607 14114 14566 15.221137
4374 2249 2319 18.488512
4477 2319 2541 7.138946
4111 2319 2107 7.610247
4884 2541 2945 14.264162
5602 2945 3426 14.678076
6440 3426 3845 12.917939
7156 3845 4125 9.535697
3420 2107 1702 14.67854
2702 1702 1308 13.359434
1618 1308 746 16.508986
1620 746 4280 6.196448
796 4280 321 6.449788
795 321 18094 14.678076
23624 18094 17667 14.277415
23287 17667 17182 14.678076
22949 17182 16749 14.67854
22581 16749 16296 14.277415
22208 16296 15880 14.678076
21804 15880 15438 13.359726
21391 15438 14957 15.642767
20953 14957 14495 13.359894
20546 14495 14049 14.277415
20171 14049 13670 13.359894
1619 746 902 17.26811
1416 902 643 7.610443
1008 643 426 6.974609
1260 643 556 13.988582
1918 902 1418 14.277415
2900 1418 1769 13.359894
3534 1769 2203 14.277415
4287 2203 2449 8.906804
4727 2449 2669 7.59772
5104 2669 3048 13.359434
5777 3048 3515 14.277415
6591 3515 3967 14.67854
7349 3967 4215 7.138469
1010 426 18186 15.221137
23689 18186 17762 14.678389
23359 17762 17283 14.277519
23029 17283 16838 14.678076
22658 16838 16399 14.677924
22303 16399 15994 12.91853
21906 15994 15550 14.678076
21502 15550 15078 14.277415
21123 15078 14659 13.359894
20696 14659 14198 14.277415
20262 14198 13749 14.678076
19834 13749 13306 14.67854
19387 13306 12854 16.009529
19386 12854 12855 4.568848
19313 12855 12783 9.554942
19388 12854 12898 10.7525
19430 12898 12936 9.244051
19431 12898 17037 10.899585
18880 17037 12335 10.061023
18726 12335 12212 5.176012
17065 12212 10791 10.242614
17066 10791 11708 7.570368
18156 11708 15955 5.085115
18993 12783 12453 12.7139
18674 12453 12164 10.780429
18675 12164 12254 8.110248
18361 12164 11892 9.882216
17972 11892 11559 10.780429
17738 11559 11345 7.610694
17347 11345 11018 10.780429
17344 11018 11017 7.615234
16938 11018 10689 10.780429
16551 10689 10368 10.228211
16437 10368 10270 3.178202
15989 10270 9925 11.508899
15715 9925 9715 7.13905
15615 9715 9631 4.130265
15393 9631 9465 4.185059
15206 9465 9321 4.453089
14923 9321 9114 6.357067
14576 9114 8838 9.535034
13985 8838 8413 11.567531
13592 8413 8127 9.535269
13073 8127 7773 10.780223
12702 7773 7507 9.535697
12196 7507 7144 11.56706
11699 7144 6808 10.780443
11342 6808 6569 8.906574
11344 6569 17255 11.516919
23129 17255 16989 8.906178
22896 16989 16691 10.78065
22680 16691 16428 9.535269
22638 16428 16372 2.065658
17493 15955 11146 13.985616
17099 11146 10818 10.780429
16720 10818 10510 10.780223
16216 10510 10106 12.71347
16217 10106 10214 8.110538
10234 10106 5806 9.472739
15931 10214 9882 11.50864
15617 9882 9632 8.906345
15353 9632 9431 7.211841
14859 9431 9070 10.780223
14439 9070 8746 10.228357
13987 8746 8414 9.535697
13594 8414 8128 8.906178
18043 11708 11613 13.988962
15616 9631 9756 15.794867
15764 9756 9836 3.178202
15394 9756 9466 9.535697
15156 9466 9286 5.78323
14747 9286 8977 10.352132
14183 8977 8564 11.567531
13788 8564 8266 9.535034
13277 8266 7913 10.228357
12842 7913 7607 10.780429
12428 7607 7306 9.535034
11981 7306 6997 10.78065
11983 6997 17743 10.232876
23474 17743 17453 9.535249
23228 17453 17111 10.780429
23010 17111 16812 10.228357
22782 16812 16561 9.535249
22637 16561 16371 6.357067
19472 12936 13399 16.009529
19924 13399 13820 14.678076
20331 13820 14284 14.678076
20763 14284 14743 14.277892
21196 14743 15171 12.918055
21591 15171 15629 14.677924
21964 15629 16079 14.67854
22382 16079 16496 12.918055
22736 16496 16931 14.677924
22224 16372 15898 16.508986
21922 15898 15572 10.780429
21651 15572 15251 10.780429
21368 15251 14933 10.228211
21089 14933 14629 8.906574
20941 14629 14482 5.175725
20750 14482 14261 8.337901
20439 14261 13936 10.228211
20207 13936 13697 9.535482
19948 13697 13423 9.535482
23088 16931 17471 17.351233
23488 17471 17521 2.065298
23524 17521 17829 10.780223
64 17829 23 14.678076
62 23 557 16.009668
1261 557 642 2.790039
1414 642 988 10.228211
23525 17521 17522 18.276855
23489 17522 17472 2.065298
23526 17522 17611 2.789551
23586 17611 17922 10.780429
23174 17472 17041 12.918055
364 17922 137 14.277892
22797 17041 16579 16.009529
22477 16579 16183 12.91853
22042 16183 15717 14.678076
21670 15717 15275 14.277415
21303 15275 14853 13.95435
20839 14853 14371 14.277519
20405 14371 13903 14.677924
20009 13903 13489 14.277996
19576 13489 13041 16.009529
19352 13041 12823 7.610443
19197 12823 12668 5.783701
18929 12668 12387 11.508899
18637 12387 12135 8.906804
18268 12135 11804 12.057809
17739 11804 11346 15.892529
17385 11346 11052 8.906345
16940 11052 10690 12.7139
16552 10690 10369 10.228211
16497 10369 10326 4.777543
16364 10326 10215 4.130625
16146 10215 10053 4.453089
15933 10053 9883 6.356833
15766 9883 9757 4.18457
15508 9757 9561 6.357067
15158 9561 9287 9.535034
14681 9287 8927 10.780871
14286 8927 8644 9.535269
13718 8644 8217 11.567402
13279 8217 7914 9.535269
974 7914 409 10.786854
132 409 49 10.228211
134 49 18029 9.535482
23680 18029 17744 10.780429
23476 17744 17454 9.535482
23230 17454 17112 10.228211
23078 17112 16909 7.610471
22968 16909 16768 5.176209
22816 16768 16596 5.579346
22537 16596 16245 12.7139
22284 16245 15975 9.535482
21980 15975 15650 10.780223
16498 10326 10539 15.379898
16753 10539 10632 12.499923
16855 10632 10740 6.700562
16613 10632 10417 8.338106
16998 10740 11019 9.535269
17348 11019 11347 10.228211
17741 11347 11671 10.780429
18113 11671 11970 10.780871
16098 10417 10015 11.567402
15812 10015 9790 8.338106
15355 9790 9432 11.566931
14925 9432 9115 9.535697
14578 9115 8839 8.906345
2542 8839 1228 12.06419
1949 1228 918 8.906178
1305 918 582 11.508899
723 582 290 9.535697
725 290 18167 11.262138
23741 18167 17856 11.509107
18448 11970 12278 12.71347
18815 12278 12538 8.906637
19080 12538 12856 11.566931
19389 12856 13235 13.95435
19770 13235 13671 14.678076
20173 13671 14096 14.678076
20588 14096 14540 14.67854
20997 14540 15044 14.677924
21477 15044 15439 12.918055
21806 15439 15919 14.277892
22240 15919 16344 14.678076
22618 16344 16795 14.277415
22996 16795 17228 14.678076
23318 17228 17668 13.359894
23626 17668 17876 7.138946
362 137 644 16.009668
1417 644 747 2.789551
1621 747 1097 10.228211
2299 1097 1624 16.009668
3272 1624 1980 13.359894
3887 1980 2202 7.610247
4285 2202 2403 7.138946
4643 2403 2620 7.138573
5012 2620 2821 7.125113
4286 2202 14706 9.706311
19859 14706 13327 6.439049
5120 14706 2679 7.431302
3751 2679 1906 7.872977
3750 1906 2108 7.610694
4113 2108 2282 5.783701
5368 2821 3217 13.359894
3049 1906 1497 14.277519
6073 3217 3698 14.677924
6916 3698 4126 12.91853
7621 4126 4310 5.783701
7927 4310 4473 4.453089
8192 4473 4876 11.567531
8656 4876 4769 7.093547
8657 4769 5155 1.81264
9242 5155 5593 14.678076
9917 5593 6054 14.678076
10606 6054 6525 14.277892
11282 6525 14075 13.364619
20569 14075 14515 14.678076
20970 14515 14980 13.359726
16941 10690 10873 17.65811
17740 11346 11518 17.658573
17544 11518 11186 11.508899
17934 11518 11893 12.058446
18362 11893 12213 12.058261
18728 12213 12454 8.906345
18994 12454 12739 12.382674
19271 12739 13122 12.918414
19666 13122 13588 16.508986
20101 13588 14050 15.643246
20548 14050 14464 13.359434
20919 14464 14958 14.277892
21393 14958 15392 14.678076
21768 15392 15824 13.359434
22155 15824 16255 14.032109
22546 16255 16655 13.95391
22870 16655 17126 15.64315
23245 17126 17567 13.359894
23555 17567 17712 4.453089
23652 17712 18054 11.56706
666 18054 262 14.678389
665 262 748 14.678076
1622 748 989 6.974609
2091 989 1199 6.356404
2490 1199 1703 15.643246
3422 1703 2067 13.359894
4042 2067 4491 8.212502
4289 4491 2204 12.046746
4290 2204 2581 13.359726
3536 2204 1770 14.277519
4041 2067 2499 14.677924
4813 2499 2736 8.493217
5219 2736 2895 6.356833
5497 2895 3311 12.918055
2790 1770 1363 14.678076
6241 3311 3846 16.009529
7158 3846 4419 17.812983
8103 4419 4666 7.138946
8497 4666 4906 7.138573
3554 4906 1780 8.702704
3555 1780 5281 2.86471
9442 5281 5682 13.359894
10050 5682 6153 14.678076
10751 6153 6643 15.64315
11452 6643 7038 13.359434
12046 7038 14678 14.683259
21141 14678 15100 13.359267
6003 3217 3175 18.329531
6002 3175 3603 13.359894
6755 3603 4009 13.95391
7418 4009 4309 8.906804
5217 3175 2735 14.277415
9443 5281 5320 18.330017
9501 5320 8042 1.425251
9500 5320 5348 6.249961
9116 8042 5073 7.480928
8677 5073 4787 8.50706
8330 4787 4567 6.357067
9546 5348 5459 15.483823
9716 5459 8158 2.297871
9006 8158 5000 11.979547
9714 5459 5911 14.678076
10383 5911 6392 14.678389
11085 6392 6804 14.277519
11693 6804 7228 13.359434
12310 7228 7687 14.277892
12959 7687 15339 15.227202
9499 5320 5817 15.643246
10251 5817 6294 14.677924
10948 6294 6718 14.277519
11568 6718 7140 13.95435
12189 7140 7603 14.031624
12836 7603 15243 14.682796
21531 15650 15104 18.389399
21372 15104 14935 5.78383
21182 14935 14723 6.356833
20863 14723 14395 10.780429
20574 14395 14079 10.780429
20321 14079 13811 8.906407
11694 6804 6907 18.488512
11855 6907 7358 14.277519
12501 7358 7770 13.359726
11201 6907 6472 14.678076
10542 6472 6009 14.677924
13069 7770 8260 14.678076
9835 6009 5543 14.67854
3122 5543 1535 2.201734
3121 1535 5117 12.476342
8401 5117 4608 14.277415
7623 4608 4128 14.678076
7622 4128 4127 6.092285
19406 12870 12967 18.488512
19499 12967 13379 14.277892
19099 12967 12558 14.678076
8813 12558 4875 13.364619
8816 4875 7735 2.699459
19908 13379 13804 14.678076
20313 13804 14215 13.359434
20709 14215 14677 14.277892
21139 14677 15242 18.38938
19909 13379 13463 18.488028
19644 13463 13099 13.95391
19984 13463 13883 14.277415
20391 13883 14296 12.91853
20775 14296 14765 15.221137
9544 13099 5347 15.6462
8945 5347 4959 13.359894
8947 4959 8084 2.410396
8946 4959 5072 18.488102
4870 5072 2532 2.416489
4869 2532 4740 8.364387
9114 5072 5458 12.917939
9712 5458 5961 16.009668
10468 5961 13605 14.682796
20118 13605 13973 12.918414
20473 13973 14432 14.678076
20899 14432 14924 15.221137
21359 14924 15456 17.013639
21820 15456 16007 17.812983
7159 3846 3932 18.488585
6502 3932 3461 14.677924
5910 3461 3121 10.228357
9183 5117 5207 18.488585
8865 5207 4907 9.535463
8498 4907 4667 6.974121
9329 5207 11815 12.220703
9988 11815 5641 2.056819
7064 5641 3790 7.260694
7065 3790 5733 12.734654
9444 5733 5282 14.277519
9987 5641 6105 14.678076
10680 6105 6564 14.677924
11334 6564 6993 14.277996
11973 6993 7398 13.359267
12559 7398 7865 14.277519
7689 4667 4170 14.67854
8750 5282 4833 15.221137
8500 4833 4668 4.453089
7854 4668 4267 11.262623
7212 4267 3885 12.058446
6918 3885 3699 5.57959
6442 3699 3427 9.535269
6075 3427 3218 5.783701
6443 3427 3516 6.700118
6505 3516 3462 3.350401
6504 3462 10547 0.609528
16759 10547 14248 0.030273
12395 14248 7285 0.106445
6600 10547 3519 1.509341
6395 10547 3396 2.295577
479 3396 187 2.118311
478 187 12220 0.187383
6246 12220 3313 0.499969
6181 12220 3278 1.154292
477 187 3267 1.687054
18742 12220 12680 1.724581
6005 3278 3177 3.58934
6593 3516 3649 5.176012
5605 3218 2947 8.506579
5604 2947 2946 10.661621
5284 2947 2773 10.706924
5106 2773 2670 10.045483
4730 2670 2450 7.610443
4731 2450 2500 9.243978
4816 2500 2543 10.7525
6004 3218 3176 10.7525
6244 3427 3312 11.020639
4043 2450 2068 12.918414
4210 2543 2157 13.359726
5504 2947 2897 13.778323
5505 2897 2948 6.249961
4211 2157 18103 14.510767
3424 18103 1704 1.498902
13200 7865 8359 15.221584
10128 5733 6245 16.009529
10884 6245 6644 12.91853
11454 6644 7141 16.009668
12191 7141 7555 13.359267
12759 7555 7962 12.91853
3273 2068 1625 16.508986
3275 1625 11956 15.513418
2793 11956 1364 8.913443
2792 1364 1419 10.751952
13346 7962 8506 16.508986
8751 4833 4908 16.98407
8866 4908 5349 14.678389
8105 4908 4420 15.221137
8106 4420 4474 12.264169
8194 4474 4475 4.569336
8196 4475 4519 7.741955
7351 4420 3968 12.918055
8263 4519 4568 15.294179
7929 4568 4311 10.326188
8193 4474 5001 15.419146
11455 6644 6719 16.98455
11019 6719 6348 13.359267
11570 6719 7230 15.643246
12312 7230 7229 9.138672
12313 7230 7643 12.918414
12892 7643 7688 7.741955
12891 7643 8075 13.359434
13522 8075 8174 9.554618
10253 6348 5818 16.009668
13521 8075 8640 16.009668
18157 11804 11709 18.488585
22255 16007 15939 18.488585
21750 15939 15370 17.351233
22254 15939 16463 17.812983
21410 14980 15568 18.700146
21921 15568 15645 13.988582
21920 15568 16090 17.812983
22393 16090 16151 10.7525
22313 16007 16592 18.700146
22812 16592 16686 18.488512
22893 16686 16685 7.615234
22894 16685 16902 7.610694
23074 16902 17249 12.7139
23334 17249 17684 13.95391
23640 17684 17813 4.453548
23722 17813 18075 8.906345
416 18075 160 10.780429
415 160 234 3.178202
603 234 528 8.906637
1208 528 870 10.228357
1850 870 1174 10.351737
2448 1174 1426 7.610694
21643 15242 15848 18.700499
22181 15848 16366 17.812525
22634 16366 16947 18.700619
23098 16947 17495 17.812983
23503 17495 18076 18.387335
950 18076 395 17.812983
948 395 962 18.389177
2040 962 1012 3.350605
2041 962 1058 8.110248
2226 1058 1119 12.264169
1752 1012 821 16.220327
1107 821 477 10.780223
605 477 235 7.61089
1751 821 1219 12.058446
2527 1219 1557 11.508899
2341 1219 1121 12.499814
954 477 397 13.988484
3159 1557 1675 14.332017
3372 1675 1827 5.57959
3373 1675 1749 13.988582
3500 1749 1826 3.178436
3622 1826 1916 6.700321
607 235 17940 17.013159
23439 17940 17399 17.812983
23046 17399 16859 17.351233
1210 1119 529 18.389622
23735 17940 17846 18.488102
1996 17846 941 15.134542
253 17846 95 16.009668
251 95 12838 6.727976
1442 12838 656 11.661646
1440 656 13450 10.762724
2915 13450 1427 12.069304
250 95 18211 14.332017
23848 18211 18112 3.178202
953 18211 396 13.95435
952 396 530 4.453089
1212 530 712 5.78383
951 396 398 7.615234
1370 712 618 11.020166
1548 712 1120 12.7139
2340 1120 1267 5.175725
2620 1267 1268 4.569336
2622 1268 14627 5.72643
21086 14627 16991 2.600971
2135 1120 1013 8.110248
23377 17846 17311 17.350632
22963 17311 16762 17.351233
11 160 3 18.7493
10 3 574 17.013727
12 3 17737 17.812983
23267 17737 17153 17.351103
9 3 18161 18.488585
23602 18161 17640 17.013159
11020 6348 6473 18.749775
19240 12823 12707 18.749775
22532 16366 16240 18.749775
22030 16240 15699 17.350761
21603 15699 15189 16.009529
17039 10772 12955 19.091776
16848 12955 10628 8.362903
20670 14171 14766 19.129362
21142 14766 14679 15.483823
21215 14766 15340 17.351233
21685 15340 15295 7.741955
21723 15340 15893 17.350632
22183 15893 15849 6.249853
22219 15893 16464 18.387897
22712 16464 16593 17.268585
22813 16593 17058 16.009668
23156 17058 17018 12.264169
23189 17058 17685 18.700146
23604 17685 17641 10.751952
22709 16463 17017 19.129362
22363 16059 16637 19.129826
19781 13811 13249 19.667671
19607 13249 13065 7.610666
19608 13065 13221 14.799591
19755 13221 13424 10.326353
19950 13424 13698 16.060595
20208 13698 13937 9.535482
19609 13065 15479 18.161686
5077 15479 2656 3.421523
5080 2656 12439 2.187991
8073 12439 4395 2.498708
126 12439 47 10.328053
8072 4395 12267 16.610785
18801 12267 12570 9.882292
18709 12267 12194 11.020104
127 47 9750 17.599356
15760 9750 11879 13.116957
17596 11879 11227 2.149543
17595 11227 13193 1.913823
19727 13193 13899 3.569279
17722 13899 11331 2.675624
3872 11331 1972 1.509584
6832 4311 3650 19.76499
6597 3650 3517 4.18457
6511 3517 3465 2.064968
6506 3465 3463 6.092285
6508 3463 3568 2.789551
6833 3650 3700 7.741955
5014 2670 2621 19.848886
4551 2621 2355 8.906345
22997 16795 16839 19.848886
22698 16839 16447 12.918414
22342 16447 16039 13.359434
21931 16039 15584 14.678076
21540 15584 15121 14.678389
21161 15121 14702 12.918055
20698 14702 14199 15.64315
20295 14199 13782 13.359894
23031 16839 17333 16.009668
23395 17333 17763 12.917939
23691 17763 18141 13.359894
19836 13782 13307 17.129578
19474 13307 12937 14.682897
19199 12937 12669 10.780429
19040 12669 12502 6.356833
18931 12502 12388 4.453256
18540 12388 12047 11.567402
18450 12047 11971 4.130625
18310 11971 11844 4.453548
17973 11844 11560 11.315225
17684 11560 11304 10.351737
17292 11304 10974 11.508899
16944 10974 10692 10.352132
18451 11971 12048 12.499814
18452 12048 11972 6.700118
18542 12048 12165 12.882643
18677 12165 12214 13.778809
18731 12214 12279 12.499338
18818 12279 12336 4.777543
18881 12336 12389 7.741955
18590 12336 12094 9.535269
18311 12094 11845 8.50706
17938 11845 11520 10.780429
17546 11520 11187 10.780429
17254 11187 10937 9.535034
5954 10937 3148 10.232876
5469 3148 2879 9.535697
4990 2879 2604 10.228211
4596 2604 2380 8.337697
4337 2380 2229 6.356833
3715 2229 1885 11.262623
18933 12389 12503 12.883104
19043 12503 12586 12.499814
19125 12586 12628 10.7525
19160 12628 12824 7.138946
14111 12824 8515 1.081321
19161 12628 12709 8.110248
19184 12709 12655 9.290303
19185 12655 12670 0.279297
19082 12655 12539 3.905273
19162 12670 12629 6.249961
4078 12670 2088 6.988347
4080 2088 6452 1.471188
14112 8515 9288 11.049074
15160 9288 13274 3.512855
19804 13274 13672 12.918055
20175 13672 13859 8.338106
18787 12539 12255 13.373302
19200 12670 12671 13.70752
19201 12671 12740 12.499814
16809 10692 10595 13.988484
16439 10595 10271 10.228211
16100 10271 10016 10.326518
15990 10016 9926 6.700562
15814 9926 9791 5.176407
15991 9926 10054 12.883104
16148 10054 10158 5.353543
16288 10158 10272 12.499923
4092 9791 2097 13.518097
3713 2097 1884 10.326518
3308 1884 1642 9.535269
2843 1642 1390 10.352132
2241 1390 1066 12.391486
19730 13274 13199 13.988582
19729 13199 13536 11.567531
20053 13536 13783 8.906178
19578 13199 13042 13.401327
19475 13042 12938 12.499814
19392 12938 12857 13.988582
19314 12857 12785 12.499814
19242 12785 12708 12.499814
19241 12708 12784 3.178202
19159 12708 12627 11.020166
3714 1884 1957 13.98906
3849 1957 2136 6.356638
4169 2136 2303 8.261221
3448 1957 1722 12.391815
3506 1884 1753 14.332017
3021 1753 1479 10.780429
2461 1479 1180 8.50706
1771 1180 831 11.508899
1122 831 484 10.780429
280 484 106 12.057994
279 106 105 6.092285
282 106 17986 12.058487
23802 17986 17985 4.568848
23607 17986 17649 12.713685
23570 17649 17590 7.741955
23343 17649 17257 12.058446
23131 17257 16990 9.535269
22900 16990 16693 10.780443
22640 16693 16373 10.228357
22369 16373 16066 10.780429
22062 16066 15734 10.780223
21874 15734 15519 7.610666
21727 15519 15345 6.356833
21492 15345 15063 8.906407
21145 15063 14685 12.713685
20783 14685 14303 11.567531
20576 14303 14080 8.337634
21091 14685 14630 12.264169
9959 12740 5625 14.346962
9960 5625 5718 13.988582
3449 1722 9307 14.409026
15187 9307 11609 6.508499
1471 1066 670 14.423682
726 670 291 12.058446
728 291 18214 10.780223
23743 18214 17857 12.058221
23507 17857 17501 12.713685
23273 17501 17161 10.78065
23274 17161 17258 12.499868
23080 17258 16910 11.262381
18819 12628 12280 14.423682
18543 12280 12049 8.906345
18158 12049 11710 12.058446
17832 11710 11421 8.906178
7254 11421 3911 8.124462
6956 3911 3726 5.783701
6401 3726 3401 10.228357
5863 3401 3100 9.535034
5312 3100 2794 10.780429
4992 2794 2605 7.61089
4683 2605 2427 6.356833
4171 2427 2137 10.228211
5313 2794 2842 13.778323
5409 2842 2968 14.332017
5268 2968 2760 7.61089
5046 2760 2641 5.175725
5638 2968 3101 11.453418
4453 2641 2304 11.567531
3942 2304 2007 10.780223
3452 2007 1724 10.228357
3025 1724 1481 9.535269
2242 1481 1067 12.058353
1472 1067 671 12.713782
1473 671 721 6.249961
729 721 292 12.918471
5865 3101 3149 13.778323
5956 3149 3544 11.262623
6647 3544 3821 9.535269
7109 3821 4157 11.508899
7664 4157 4199 10.752015
7738 4199 4451 10.326188
7580 4199 4100 12.499923
7465 4100 4038 1.394531
7579 4100 4198 3.178864
7399 4038 3996 3.350605
7736 4198 4197 4.568848
7663 4197 4156 3.350605
7464 4156 4037 2.789551
7397 4037 3995 2.065298
6801 3995 3632 12.058261
5314 3149 2795 12.7139
7662 4156 4290 12.883104
1567 721 833 13.988723
8157 4451 4591 14.33216
8372 4591 4698 13.988484
7976 4698 4338 10.780326
7466 4338 4039 8.906262
6892 4039 3686 12.058446
6403 3686 3402 9.53558
5639 3402 2969 13.359434
5048 2969 2642 12.058353
4598 2642 2381 9.535151
20297 13783 14241 14.67854
20729 14241 14703 14.277415
730 292 18121 14.683023
23753 18121 17894 11.495766
9078 12740 5049 15.227398
16287 10158 10691 15.419146
16942 10691 10819 7.390979
17101 10819 11020 6.357067
9079 5049 5138 15.483823
9215 5138 5228 12.499923
8547 4698 4815 15.484063
8721 4815 4943 14.33216
8722 4943 4816 5.176263
8373 4816 4592 5.78323
7897 4592 4291 9.535697
8723 4816 4892 12.499923
8842 4892 4944 13.778323
8924 4944 5258 10.228285
8374 4944 4593 10.780326
7822 4593 4246 10.228751
7184 4246 3865 12.71347
6562 3865 3498 11.567466
6039 3498 3196 8.906262
5958 3196 3150 3.350383
5740 3150 3027 4.18457
5410 3027 2843 6.35695
4849 2843 2519 12.058353
9403 5258 5626 12.71347
9961 5626 5987 12.058353
10506 5987 6177 10.707132
10789 6177 6422 7.610792
11128 6422 6505 2.789551
10656 6177 6086 8.110309
11250 6505 6740 8.906721
11607 6740 7071 10.228285
12094 7071 7381 9.882254
12537 7381 14960 11.571462
21397 14960 15323 12.057901
21709 15323 15671 11.567466
22001 15671 16042 12.058446
22348 16042 16346 10.228285
10505 6086 5986 12.499685
4253 2519 2181 12.7139
22622 16346 16751 12.917997
3575 2181 1796 13.359434
9812 5626 5528 13.988484
9660 5528 5427 12.499814
22953 16751 17183 14.277945
23289 17183 17474 8.506579
23493 17474 17671 6.35695
19946 17474 13421 8.652939
10292 5986 5851 14.332251
2844 1796 1391 15.221487
2845 1391 1482 9.554852
2243 1482 1068 12.058446
9527 5427 5335 15.484151
20373 13859 14372 15.643246
20841 14372 14799 13.359267
17685 11304 11420 15.794867
17831 11420 11519 11.020515
3716 1885 2006 15.795337
3450 2006 1723 10.780429
3023 1723 1480 9.535034
2358 1480 1129 10.780429
1670 1129 775 10.228211
620 775 241 15.64315
622 241 18168 9.882216
23835 18168 18080 4.130955
23814 18080 18030 7.741911
15296 18030 9386 11.538743
439 9386 169 2.88475
283 18168 107 12.032937
23644 18080 17690 13.359497
437 169 485 13.373302
1124 485 832 12.382975
1773 832 919 8.110705
23646 18030 17691 13.509963
23544 17691 17550 6.195563
23414 17550 17357 8.261221
23231 17357 17113 8.337901
23081 17113 16911 9.260546
10682 17113 6106 13.302587
23415 17357 17502 14.332088
23381 17502 17317 6.357067
23509 17502 17551 12.264141
23545 17551 17692 6.195923
23609 17692 17650 6.249907
23610 17650 17693 4.777237
20395 17650 13885 6.924556
18611 13885 12116 0.330605
20394 13885 17455 4.764835
23647 17692 17945 8.50682
23781 17945 17987 7.741911
287 17945 108 14.683314
285 108 486 12.057994
1882 1391 884 15.892218
1568 884 722 4.453089
1237 722 541 5.57959
623 541 242 8.369141
1474 722 672 12.264169
873 672 356 12.382674
23632 17671 18144 16.009598
23840 18144 18095 7.741955
23858 18144 18187 9.244292
804 18187 324 11.566996
803 324 374 2.065478
802 324 373 3.350383
912 374 647 8.50706
801 18144 323 13.359351
670 323 264 7.741868
21163 14703 15220 16.009668
21628 15220 15585 11.567402
21933 15585 16040 14.678076
22344 16040 16497 14.678076
22738 16497 16932 14.677924
23090 16932 17381 14.277996
23429 17381 17830 14.678076
68 17830 24 14.677924
66 24 464 12.91853
1083 464 10702 3.681933
2092 10702 990 12.327736
21246 14799 15321 16.009668
21705 15321 15718 13.359894
22044 15718 16133 12.917939
22430 16133 16621 16.009668
22841 16621 17003 12.918414
23141 17003 17428 13.359434
23458 17428 17923 16.009668
209 17923 79 12.918414
7042 4038 3779 16.060722
22717 16911 16472 16.675739
21875 15519 15735 16.751387
22063 15735 15945 10.706924
22064 15735 16201 15.892316
22490 16201 16641 15.892101
22862 16641 16866 7.610666
3507 1885 1754 17.26811
17830 11420 11973 17.812983
22260 16472 15946 18.389603
22261 15946 16096 12.032937
21925 15946 15574 12.058353
21825 15574 15464 4.13061
11487 15464 6664 5.692906
11488 6664 15197 3.935832
11823 16096 6884 13.475714
21221 15197 14773 13.954129
21184 14773 14724 7.741955
19233 14773 12702 8.340158
19232 12702 14440 6.724862
19234 12702 14305 6.881203
15191 14305 9311 4.477983
15190 9311 14118 6.700156
12953 9311 7683 8.251997
12952 7683 12779 7.850711
12954 7683 13835 8.96037
19308 12779 13562 8.97837
19309 12779 13767 13.311663
19782 13767 13250 2.361884
16357 13250 10205 2.403515
19783 13250 17689 7.370792
19688 17689 13147 2.680153
17160 13562 10858 13.764463
17159 10858 13146 10.455353
19461 13146 12924 12.739966
19460 12924 13145 10.326713
19176 12924 12645 12.382975
19022 12645 12479 13.400884
20249 13835 13736 14.332088
20033 13736 13516 7.13876
20124 13736 13610 14.332251
19021 12479 12730 14.782096
16358 10205 13331 16.084791
17466 13331 11117 3.58182
6542 14773 3485 16.616737
18712 12479 12196 16.821913
21610 15197 15346 17.268585
21728 15346 15416 11.020341
21729 15346 16485 11.027792
19175 12645 12976 17.675348
20176 13672 13750 18.488102
20055 13750 13537 7.13905
20264 13750 14002 8.506579
20503 14002 14465 15.221137
20921 14465 14959 14.032109
21395 14959 15394 14.678076
21772 15394 15825 13.359267
22157 15825 16256 14.67854
22548 16256 16709 14.277519
22916 16709 17128 14.677924
23249 17128 17524 12.058446
23529 17524 18000 15.419146
561 18000 219 15.221137
559 219 645 13.359894
20219 13783 13706 18.488512
19964 13706 13442 8.506579
20218 13706 14141 15.221137
20634 14141 14589 14.677924
21046 14589 15079 14.277996
21504 15079 15551 14.678076
21908 15551 15958 13.359267
22268 15958 16400 14.277996
22660 16400 16840 14.277415
23033 16840 17229 13.95391
23320 17229 17764 15.643246
23693 17764 18142 13.359726
909 18142 372 14.678076
907 372 796 12.91853
668 372 263 18.488512
669 263 18055 14.277892
23628 18055 17669 13.359434
23247 17669 17127 16.009668
22951 17127 16750 12.918414
22583 16750 16297 14.678076
22210 16297 15881 14.678076
21770 15881 15393 14.677924
21449 15393 15014 12.91853
20958 15014 14497 14.678076
20550 14497 14051 14.277415
20133 14051 13627 14.678076
667 263 862 17.812525
21396 14959 15045 18.488512
21479 15045 15122 2.789551
21305 15045 14854 9.440531
20956 14854 14496 10.228357
20957 14496 14498 1.523438
21542 15122 15497 11.567531
20590 14498 14097 12.918414
20333 14097 13821 8.906345
20177 13821 13673 5.57959
21856 15497 15959 14.677924
22270 15959 16345 13.359894
22620 16345 16796 14.277519
22998 16796 17230 14.677924
23322 17230 17670 13.359894
23630 17670 18143 15.64315
799 18143 322 12.918055
797 322 694 12.058446
23857 18143 18244 18.488028
1013 18244 427 12.918414
1011 427 696 8.906345
23695 18244 17765 16.009668
23397 17765 17334 12.918055
23062 17334 16886 15.220942
22700 16886 16448 14.67854
22346 16448 16041 12.918055
21966 16041 15630 13.359726
21967 15630 15670 4.777543
21707 15670 15322 11.567531
21451 15322 15015 10.228211
21125 15015 14660 10.780429
20731 14660 14242 12.917939
20456 14242 13954 8.906804
20136 13954 13629 11.566931
20135 13629 13628 4.569336
22000 15670 15758 13.988582
22086 15758 16134 11.566931
22087 15758 15882 13.988723
22212 15882 15920 4.777309
22242 15920 16228 9.882216
21910 15882 15552 10.780326
21544 15552 15123 12.918471
21248 15123 14800 10.228285
20880 14800 14411 12.057901
20592 14411 14098 9.882736
11440 14098 6634 10.786854
22518 16228 16657 14.678076
22874 16657 17088 14.678076
23214 17088 17568 14.277892
23557 17568 17965 13.359434
22432 16134 16581 14.67854
22801 16581 17004 14.277415
23143 17004 17473 14.678076
23491 17473 17878 13.359894
213 17878 80 14.031624
211 80 558 15.221137
1263 558 695 4.453089
564 17965 220 15.64315
562 220 646 13.359894
1421 646 749 15.483823
19837 13307 13400 18.488585
19926 13400 13858 16.508986
20371 13858 14323 14.277415
20803 14323 14798 14.678076
21244 14798 15219 12.91853
21626 15219 15669 14.677924
21998 15669 16132 14.678076
22428 16132 16580 14.277996
22799 16580 16973 12.917939
23118 16973 17427 15.221137
23456 17427 17877 14.277892
207 17877 78 14.277519
206 78 138 16.811884
366 138 17964 13.359726
23527 17964 17523 14.678076
23212 17523 17087 13.359894
22872 17087 16656 14.031624
22516 16656 16227 15.221137
22084 16227 15757 14.678076
21743 15757 15360 12.918414
21348 15360 14911 14.277519
20878 14911 14410 14.677924
20454 14410 13953 14.67854
20051 13953 13535 14.678076
20785 14305 14442 18.749775
4888 2621 2542 19.995346
4423 2542 2283 8.906178
4887 2542 2896 12.904654
5500 2896 3266 12.058446
6162 3266 3567 8.506579
3657 2283 1850 14.67854
2968 1850 1452 14.678076
6698 3567 4129 17.812983
14789 9009 9088 19.995415
14881 9088 9347 7.610247
22695 16539 16445 19.995415
22694 16445 16619 5.78383
7415 4311 4007 20.102093
7416 4007 4010 16.753906
7420 4010 4011 18.276855
7421 4011 10644 16.172373
14911 10644 9106 16.84181
14910 9106 12208 0.547737
2179 12208 1035 2.883729
14909 9106 18256 4.264952
23873 18256 18255 0.013672
23872 18255 18249 0.097656
7933 18256 4313 0.220172
99 18256 36 1.437012
98 36 7496 7.058122
2180 1035 2767 7.543564
5275 2767 7368 8.019446
7934 4313 4422 8.110538
7858 4422 4269 6.195563
5531 7368 2911 9.396934
5530 2911 3747 0.172665
5529 2911 2920 0.279297
5550 2920 3886 4.885304
6987 3747 3745 9.138672
6988 3745 3795 6.249961
8108 4422 4742 9.535269
8613 4742 15639 4.013141
8501 15639 4669 0.764259
8404 4669 4609 7.741955
8612 4742 5003 8.369629
9009 5003 5208 5.57959
9244 5208 5156 9.244534
9185 5156 5118 6.249485
9184 5118 5505 12.91853
9780 5505 5594 6.700562
9919 5594 5642 9.244051
9990 5642 5683 12.264169
10054 5683 6684 12.422421
9186 6684 5119 7.245475
8334 4609 4569 15.294223
8107 4569 4421 4.453089
8333 4569 5002 13.359894
8867 5002 4909 13.988582
8197 4909 4476 12.917939
7930 4476 4312 4.453256
6599 7368 3518 15.777618
6510 3518 3464 6.249853
8002 4476 4355 16.98415
7691 4355 4171 5.783701
8001 4355 4834 12.91853
8611 4834 4741 15.483911
7856 4741 4268 12.917939
7626 4268 4130 4.18457
7074 3795 15578 16.985149
7859 4269 14491 17.880268
8678 14491 4788 10.209686
9989 5642 6295 20.055664
10950 6295 6393 11.020166
20441 13937 14304 20.129551
20530 14304 14032 9.535482
20784 14304 14439 12.883104
19622 14439 13078 10.242322
19623 13078 13889 7.570431
20905 14439 14519 15.484347
20976 14519 14772 7.13905
131 49 18166 20.237167
23739 18166 17855 10.22859
23568 17855 17589 9.535249
12632 18166 7448 10.23273
23341 17589 17256 10.780429
23105 17256 16955 10.228357
22898 16955 16692 9.535249
22714 16692 16470 7.610666
12631 7448 7774 11.508899
22396 16470 16095 12.713685
22317 16095 16013 9.555014
3423 1704 1807 20.237267
3596 1807 11322 16.526079
17708 11322 11533 1.627792
17949 11533 12718 0.967644
3658 11533 1851 1.309197
15612 12718 9629 10.048793
2322 9629 1110 9.192826
3189 1851 1577 10.228211
15611 9629 12066 11.235959
6429 12066 3419 7.981746
3050 1577 1498 18.488028
2903 1498 1420 19.995415
18487 12135 12005 20.237644
1775 833 1020 20.570953
6857 14627 3664 20.803354
17040 10772 17337 20.889879
9077 17337 5048 11.905375
156 5048 59 14.804744
157 59 1382 15.461435
2826 1382 13622 11.704801
15347 13622 9427 3.293581
20131 13622 16748 13.716119
576 16748 225 7.312111
578 225 9060 5.664632
14377 16748 8703 9.012784
577 225 16817 12.007418
15348 9427 13968 14.376645
23015 16817 17518 15.275599
579 225 16829 16.836487
2827 1382 17651 17.402987
23401 17337 18159 17.452333
15028 16829 9191 17.651142
15029 9191 10209 13.342411
6266 10209 3323 8.646098
16359 10209 18180 13.327563
6349 5048 3372 18.013357
23863 18180 18191 18.324324
10733 16829 6139 18.491394
19738 16817 13208 19.298786
8079 13857 4400 21.213678
8080 4400 13198 1.567639
19728 13198 13273 19.995415
17444 13273 11104 1.894972
19632 13198 13084 20.237167
6163 3266 3371 21.504452
6348 3371 3370 1.522949
21416 15063 14986 21.504967
19356 13421 12827 21.578819
19358 12827 17612 7.632358
19357 12827 18096 8.850998
23291 17612 17184 12.917997
23035 17184 16841 11.567466
13423 16096 8008 21.883369
21824 15650 15463 22.040682
21653 15463 15252 7.610471
21370 15252 14934 10.228357
368 324 139 22.040794
9187 5119 5399 22.07692
9618 5399 12768 6.857973
10257 12768 5819 6.501921
9619 5399 5774 20.129688
10187 5774 5912 4.18457
10386 5912 6010 12.499923
10545 6010 6296 13.553873
10608 6296 6055 7.138998
10258 6055 5820 7.610345
9920 5820 5595 7.138946
9622 5595 5401 5.783765
9623 5401 7757 1.45613
9249 7757 5159 7.450141
9248 5159 10753 15.005116
9447 10753 5283 9.720452
9446 5283 5321 13.778565
9502 5321 5596 8.506623
9119 5159 5075 15.484063
9118 5075 5074 10.661377
9117 5074 5157 3.178319
10951 6296 6805 17.351168
11695 6805 6951 4.453089
11908 6951 7188 7.138998
11636 6805 6764 13.778323
11527 6764 6687 11.020515
9922 5596 6297 21.416412
10953 6297 6394 18.488344
11090 6394 15225 11.665479
9503 5321 5400 21.504452
9620 5400 5684 8.906721
10055 5684 5963 8.506579
9621 5400 5506 19.995415
9781 5506 5821 10.228285
10259 5821 6056 7.138469
10610 6056 6474 12.918471
11204 6474 6565 15.484063
9782 5506 5597 19.995346
10255 5819 6526 21.792248
10952 6297 6952 22.266155
11909 6952 7094 20.237167
12128 7094 7189 21.504757
12261 7189 7265 15.484063
18711 12196 12646 22.708607
19177 12646 12766 7.390979
18434 12196 11957 22.906471
18187 11957 11737 12.74017
19236 13354 12705 23.134462
19237 12705 12782 18.488512
19312 12782 12853 19.995346
19123 12705 12585 21.729578
19037 12585 12500 18.488512
18991 12500 12452 10.752015
18266 12452 11802 22.524826
18263 11802 11801 19.799805
18264 11801 11889 19.995346
18357 11889 12004 20.237167
18309 12004 11843 10.707341
18209 11843 11757 11.020042
18210 11757 11803 18.330017
18267 11803 11968 5.783701
18446 11968 12132 5.78323
18633 12132 12133 4.569336
18589 12132 12093 9.24446
18537 12093 12045 3.350161
18635 12133 12163 10.752015
18673 12163 12251 11.020639
17491 11803 11145 20.056252
17462 11145 11115 13.778273
16806 11145 10593 17.812525
16752 10593 10538 13.778323
16750 10538 10537 7.615234
16719 10537 10509 6.249961
16145 10509 10052 12.917939
15810 10052 9789 8.50706
15811 9789 9924 12.883264
15988 9924 10014 5.353543
16097 10014 10104 12.499447
18039 11802 11611 22.040682
17970 11611 11557 9.244534
17969 11557 11925 12.7139
18308 11925 11842 8.110248
18040 11611 12003 12.917939
18484 12003 12386 12.918414
18395 11925 12250 13.509963
18779 12250 12385 10.050723
17886 11557 11471 16.98407
17680 11471 11301 5.783701
17818 11471 11411 9.302632
17817 11411 11800 1.477798
17543 11301 11185 13.988582
17542 11185 11379 5.783701
17775 11379 11378 15.230957
17736 11378 11344 4.777075
17737 11344 11707 14.423373
18155 11707 11888 7.211841
18927 12385 12781 20.652706
7085 12781 3804 1.476929
7084 3804 17352 1.980106
19471 17352 12935 2.32669
835 12781 338 6.592094
833 338 2090 0.894241
4084 2090 3768 0.869141
7025 3768 12897 4.363979
7721 12935 4190 7.748457
7720 4190 13352 7.503461
19882 13352 18050 8.053414
20006 18050 13487 9.214696
19883 13487 13353 4.18457
19429 12897 13167 10.352132
19701 13167 13272 4.453089
19801 13272 13441 5.78383
19963 13441 13748 10.228211
20261 13748 14001 8.906345
20501 14001 14282 8.906178
20502 14001 14047 12.264169
20543 14047 17186 7.754476
20693 17186 14197 8.040864
20694 14197 14463 8.906345
20542 14047 14368 10.228211
20835 14368 14409 7.741955
20132 13748 13626 18.749775
16716 11185 10508 22.831831
16717 10508 10592 15.484391
15986 10592 9923 21.560652
15987 9923 10013 13.988484
16095 10013 10103 12.499923
16212 10103 10213 12.499814
15807 9923 9787 15.794995
15280 9787 9374 13.95391
14675 9374 8924 13.359726
14676 8924 8976 16.811884
16362 10213 10324 16.98455
16361 10213 10777 17.812983
16996 10777 10738 13.778323
16852 10738 10630 11.020515
16804 10630 10591 4.777075
17047 10777 10936 14.332017
17253 10936 10973 6.249961
15446 10103 9506 18.387817
17291 10973 11114 18.749775
14437 8976 8745 19.562256
13917 8976 8362 19.845819
15614 9787 9630 20.57082
15507 9630 9560 9.244534
15613 9630 9880 9.535269
14921 9560 9113 13.95435
14357 9113 8692 13.359434
13716 8692 8216 13.95435
13072 8216 7772 13.95391
12966 7772 7691 12.499923
12701 7691 7506 17.65811
12265 7691 7192 18.68424
15927 9880 10590 21.143881
12195 7192 7143 21.368307
12194 7143 7559 13.95391
12767 7559 7964 13.359894
13349 7964 8412 13.95391
13983 8412 8925 14.678076
14677 8925 9320 12.713665
11340 7143 6568 19.667896
10693 6568 6112 15.221137
10263 6112 5826 8.906407
9785 5826 5510 10.780429
9724 5510 5463 9.244014
9548 5463 5350 12.499868
9019 5350 5008 12.058261
8758 5008 4839 5.78383
8687 4839 4793 7.741911
8507 4793 4672 15.484347
7694 4672 4175 15.221137
7079 4175 3799 12.058446
6994 3799 3750 10.752468
6844 3750 3657 11.020104
6517 3657 3468 12.03337
6358 3799 3376 13.954129
8506 4672 5211 16.508986
9021 5510 5009 17.129578
8508 5009 4673 10.780429
7696 4673 4176 15.892101
7161 4176 3850 10.78065
6609 3850 3522 11.508899
6360 3522 3377 4.18457
5914 3376 3123 18.147142
5691 3123 2997 10.051269
9547 5350 5915 19.070751
10392 5915 6156 7.610471
9333 5211 5776 20.305956
10191 5776 6114 10.228357
9998 5776 5645 18.74983
9841 5645 5547 12.499814
9840 5547 5692 12.883104
10068 5692 5735 6.249907
10132 5735 5967 7.610694
10476 5967 6303 10.780429
10964 6303 6396 12.499868
9625 5735 5403 13.373302
9550 5403 5351 13.778297
9336 5351 5212 10.707341
9549 5351 5734 12.058221
8952 5403 4963 14.277519
8339 4963 4572 11.262623
8338 4572 4613 12.264169
8340 4613 4573 6.249961
8951 4963 4962 13.70752
8872 4962 4912 13.778809
7425 4572 4014 15.64315
10130 5734 6249 16.508986
10757 6249 6157 11.020577
10756 6157 6480 10.228445
11022 6480 6349 6.196088
11213 6480 6768 11.508899
11641 6768 6998 9.260546
11985 6998 7360 14.423184
11912 7360 6954 14.683105
9028 5212 5012 17.65811
8275 5012 4527 15.221137
9121 5645 5077 18.700146
8209 5077 4482 17.812983
7775 4912 4219 19.764507
16432 10324 10268 21.368307
15808 10268 9788 14.67854
15392 9788 9464 13.373302
10264 5826 6437 21.846951
10889 6437 6248 19.10956
10134 6349 5736 22.73151
9379 5736 5240 19.593224
8618 5240 4745 18.683962
6083 4745 3223 12.214673
6082 3223 17414 22.312784
10133 5736 6015 22.906471
10551 6015 6158 6.195923
10758 6158 6692 17.812983
11536 6692 6846 7.211841
11345 6692 6570 18.74983
9788 6015 5512 20.574905
11537 6692 6809 21.729485
11416 6809 6617 7.610666
19631 13167 13083 23.015924
19630 13083 13271 8.337838
18299 12194 11829 23.436827
18298 11829 12032 9.260546
18526 12032 12325 12.372005
18869 12325 12608 12.382674
19020 12608 12478 11.452964
18769 12478 12240 13.554215
17812 11829 11407 13.954129
19019 12478 12809 14.423493
18471 12240 11993 17.371729
18387 11993 11915 5.353671
18296 11993 11828 17.65811
12558 11828 7397 10.011477
18144 11828 11696 12.883183
18145 11696 16792 3.693634
17521 11407 11167 19.562429
17369 11167 11039 7.390979
11302 11167 6538 8.529929
11303 6538 11406 1.796588
2786 6538 1360 5.647817
2785 1360 11963 11.452082
17021 11039 10757 12.39165
16738 10757 10527 12.739761
2784 1360 9852 13.653217
15895 9852 10961 8.349648
16836 10961 10620 10.780429
16704 10620 10494 6.195923
3853 9852 1959 11.778128
16474 10494 10303 13.401327
16705 10757 10495 14.781958
17163 11407 10860 19.845558
16975 10860 10721 5.176012
10622 10721 6066 10.766578
16245 10303 10126 20.237167
16244 10126 10447 9.535269
16649 10447 10720 9.535249
6105 10720 3232 2.539731
15705 10720 9705 4.785368
10818 9705 6200 6.412475
15706 9705 13843 11.126513
16377 13843 10224 8.475066
6104 3232 11166 12.138345
17520 11166 11367 7.211841
17720 11367 11330 4.777471
7302 11330 3938 5.586575
17719 11330 16587 6.317954
17764 11367 11541 10.707341
17958 11541 11870 12.382975
5664 13843 2984 12.442196
1046 6200 445 14.818055
7303 3938 11092 15.405663
16974 11092 10719 12.7139
16703 10719 10493 6.974365
16537 10493 10358 5.176209
16473 10358 10302 7.741911
16791 10719 10573 10.050723
11083 10358 6391 11.693686
11084 6391 9909 4.776333
15590 9909 9613 10.228211
15428 9613 9494 2.789795
15181 9494 9302 5.579346
15479 9613 9533 7.741911
15970 9909 9908 12.184082
15429 9494 9495 12.18457
15259 9495 9356 4.18457
5665 2984 9455 15.557398
15382 9455 9496 12.264141
15260 9496 9357 4.453256
15261 9357 10607 7.897566
15431 9496 9614 13.988533
22563 16587 16278 17.055714
18917 16278 12373 13.589597
18916 12373 12438 12.499868
18973 12438 12524 15.483867
5663 2984 5525 17.063923
17277 11092 10960 17.268169
16824 10607 10864 18.004892
16033 10620 9960 21.560652
16650 10447 10999 22.63114
17233 10999 10919 9.555014
19143 12608 12842 22.906925
13950 8388 9130 23.470705
14837 9130 9048 15.484391
14641 9048 8898 15.794867
10478 6158 5968 23.517126
10267 5968 5828 17.268644
7356 4176 3971 23.517185
6840 3971 3655 10.780223
6255 3655 3318 10.78065
5843 3318 3085 7.610471
14280 8640 8836 23.517658
14573 8836 8877 9.244051
14617 8877 8972 13.988484
14741 8972 17632 11.382376
13204 17632 7866 20.235886
20573 14261 14078 23.517658
4473 3750 2317 23.818604
4474 2317 2898 5.547816
19506 13424 12975 23.863657
5256 15898 2754 23.889406
5222 3465 2737 24.103788
18470 11993 12644 24.103788
7769 5075 4216 24.483471
7353 4216 3969 7.138469
7693 4216 4172 9.244292
7770 4216 4270 16.811642
6989 4270 3746 15.643198
7861 4270 4423 15.795102
8111 4423 4424 7.615234
8110 4423 4789 9.882254
8112 4424 4477 15.294466
6702 3746 3569 19.10956
6703 3569 3847 8.906262
6164 3569 3268 21.495924
6165 3268 3466 7.211687
6514 3466 3701 6.974121
6166 3268 9389 9.286109
5779 9389 3049 11.977212
5776 3049 3047 9.138428
6513 3466 3570 21.504694
6247 3570 3314 7.138946
6704 3570 3651 18.488512
6705 3651 3571 2.789551
6835 3651 8218 4.005235
6248 3571 3315 7.610694
6834 3651 3702 12.263927
13719 8218 16778 19.545607
8406 16778 4610 5.533782
8336 4610 4570 19.848886
382 6139 146 24.485209
22615 16445 16342 24.528282
22474 16342 16181 5.783701
10155 16342 5753 15.227202
10153 5753 6172 13.359894
10780 6172 6366 6.357067
10022 5753 5664 13.988962
10021 5664 6081 13.953696
10647 6081 6273 5.78383
10504 6081 5984 13.988962
10503 5984 6131 4.453089
10443 5984 5945 7.741955
9882 5984 5571 13.359894
10023 5664 16253 14.682796
9655 5571 5423 20.237167
9654 5423 5424 3.045898
9583 5424 5374 3.350605
22604 16428 16324 24.528311
22187 16324 15856 16.009668
17164 10860 11450 24.688435
17681 12004 11302 24.733732
12331 8006 7244 24.734175
12234 7244 7168 15.484303
12017 7168 7018 17.268229
11898 7018 6939 11.020515
11818 6939 6881 10.7525
11671 6881 6789 8.11008
11557 6789 6709 15.483911
11370 6709 6586 15.795337
11171 6586 6451 17.26811
11048 6451 6368 13.988484
10923 6368 6275 15.484391
10728 6275 6135 15.794867
10580 6135 6036 15.483823
10448 6036 5948 13.98906
10222 5948 5795 14.332017
10105 5795 5716 13.988582
9888 5716 5573 14.332017
1623 749 1098 24.844818
2301 1098 1309 10.707341
2704 1309 1539 11.49572
3127 1539 1773 18.765406
3541 1773 9324 7.728042
983 9324 413 1.842773
982 413 5284 2.141727
9448 5284 14535 1.696565
15847 14535 9816 2.758565
981 413 10021 4.88916
4045 10021 2069 4.374091
4044 2069 17933 1.148229
4047 2069 2477 3.875063
4774 2477 16046 1.864467
22352 16046 17816 1.99363
3896 2477 1984 2.24533
3975 2477 2024 2.374899
3974 2024 2023 6.092285
2545 2023 1229 2.176646
2546 1229 5653 1.416504
2547 1229 13105 3.519912
17286 13105 10968 3.996267
10454 17933 5951 6.183083
691 17816 276 6.762486
12086 10968 7064 8.669325
12085 7064 10499 5.39818
5166 7064 2704 6.53226
9828 17816 5536 12.574368
4961 10968 2582 14.540987
10006 5653 6051 21.192768
3972 2023 2022 21.322754
4953 9816 2578 21.537195
17644 11443 11268 24.99926
17643 11268 11586 10.228357
18008 11586 11863 8.906637
19863 13331 13517 24.999737
20035 13517 17630 5.024804
21784 15416 15603 24.999737
23292 17184 17382 24.999737
23431 17382 17766 11.262138
23697 17766 17966 6.974609
23794 17966 18001 10.752257
8075 18001 4397 7.934316
23145 17382 17005 12.058353
23146 17005 17006 10.661621
23000 17006 16797 18.147463
7627 17766 4131 19.374531
5291 4131 2779 13.592991
5289 2779 10208 7.21668
5290 2779 17967 16.267906
23795 17967 18245 8.906262
807 18245 325 9.882254
806 325 428 3.178631
1014 428 697 8.506623
8802 18245 4867 14.26716
71 4867 25 4.062858
23460 17967 17429 17.351168
15903 17429 9861 17.817707
15251 9861 9351 15.643198
14600 9351 8859 14.67854
13821 8859 8289 16.009598
13111 8289 7800 14.678076
12802 7800 7584 7.138469
12389 7584 7279 9.53558
8849 7279 4898 12.717184
11956 7800 6985 15.068413
11958 6985 15368 9.300344
23147 17006 17335 19.391338
22585 16797 16298 20.574905
22272 16298 15960 14.423528
14258 15960 8618 12.752707
13426 8618 8010 17.351168
12935 8010 7673 9.882216
12335 7673 7246 13.95391
22046 15960 15719 20.992157
21774 15719 15395 11.508899
13251 15395 7896 9.884561
12740 7896 7538 11.567466
12284 7538 7210 10.228285
12025 7210 7023 6.35695
11677 7023 6793 7.610792
70 25 513 24.219814
1173 513 512 7.615234
16043 17414 9967 25.020617
20248 13937 13735 25.347588
19344 13517 12810 25.413059
14438 8745 9507 25.42737
4442 13208 2296 25.449274
5899 10864 3117 25.838295
5900 3117 17196 8.078893
11773 17196 6852 15.442585
11774 6852 9410 0.50727
15117 9410 9256 4.453256
14795 9256 9016 7.138708
11775 6852 9143 13.641163
4225 9143 2166 8.11795
14796 9016 9099 15.483867
4224 2166 5998 22.496998
10524 5998 8621 2.184257
10523 5998 8334 9.311704
13333 8334 7952 12.058261
12942 7952 7677 8.906345
12943 7677 7711 12.264141
13878 8334 8396 12.264141
13186 7952 7855 12.499338
12396 7677 7286 12.7139
12397 7286 14428 13.09913
12608 14428 7429 10.126649
12300 7286 7220 13.988533
13961 8396 8491 13.988533
11612 7220 6746 15.221137
12610 7429 7543 15.484347
12749 7543 7856 10.22859
13187 7856 8200 10.780223
11831 7220 6889 16.829584
11832 6889 6979 9.555014
11834 7429 6890 18.389399
11833 6890 7028 4.18457
11262 6890 6511 13.359664
10866 6511 6233 8.906407
11183 6511 6459 9.244014
11263 6511 6554 13.778323
10516 6554 5993 18.389622
10034 5993 5670 10.228357
9415 5670 5266 12.918177
9416 5266 5383 17.268585
8797 5383 4862 16.738525
8795 4862 4860 10.661133
8792 4860 4859 10.661621
8793 4859 4861 13.70752
8796 4861 4863 13.70752
8730 4863 4821 12.264169
8249 4821 4510 8.506579
8794 4860 5232 15.433646
9088 5232 5054 5.57959
9371 5232 5306 13.988484
9167 5306 5103 6.974365
9483 5306 5384 12.499868
9598 5384 5486 12.499868
9758 5486 5855 12.7139
8731 4821 4822 16.753906
10035 5670 5854 20.570953
10296 5854 6512 21.560858
11264 6512 6599 12.499868
10989 6889 6329 21.846678
10514 6329 5992 10.228357
10515 5992 6040 10.7525
9595 5992 5382 21.03558
10298 5855 6041 23.517658
10587 6041 6426 12.058221
11133 6426 6460 12.264169
10992 6426 6330 12.499868
10991 6330 6600 8.906407
11395 6600 6891 11.508899
11132 6426 6980 19.129595
10588 6041 6186 23.225779
10797 6186 6331 15.795102
10993 6331 6513 13.401327
10518 6513 5994 16.508986
9900 5994 5580 13.359581
9291 5580 5184 12.553955
9290 5184 5185 6.092285
9289 5184 5183 15.230713
9288 5183 5233 12.263927
8475 5185 4652 15.34375
11265 6513 6672 23.517422
11504 6672 6747 16.98435
11613 6747 6943 7.211687
11614 6747 6838 13.988533
11757 6838 7079 7.610569
11758 6838 6981 15.795102
11952 6981 7173 5.783701
11953 6981 6982 7.615234
11954 6982 7119 11.453418
12160 7119 7120 4.569092
11324 6982 6555 14.277467
10933 6555 6282 9.535482
10665 6282 6093 5.783701
10036 6093 5671 13.954129
9670 5671 5433 7.610569
9671 5433 5487 10.752226
9761 5487 16450 3.198008
9760 5487 5532 6.249961
9820 5532 7503 2.816007
9759 5487 5763 8.50682
9821 5532 7864 9.088205
10366 7864 5899 2.969923
10365 5899 6375 15.221361
10931 6747 6281 16.009598
10225 6281 5799 15.221361
9599 5799 5385 12.918234
8930 5385 4948 14.678076
12161 7120 7679 18.389622
12945 7679 7678 4.569336
12814 7678 7591 13.988533
12944 7678 17782 18.103203
12611 7591 7430 18.74983
11503 6672 7172 19.593224
12238 7172 7488 10.228285
12679 7488 7899 13.359581
13255 7899 8201 9.535482
12472 7488 7336 21.729723
9819 5532 5672 23.226019
8931 4948 5704 23.368717
10037 5672 5856 23.517422
9822 5856 5533 12.382824
9417 5533 5267 11.315405
8985 5267 4989 10.351933
8476 4989 4653 10.228285
7903 4653 4295 11.508899
7193 4295 3871 12.553955
6903 3871 3692 5.57959
6310 3692 3349 9.76416
5542 3349 2918 12.646024
10299 5856 6332 16.675535
10994 6332 6713 12.918234
11561 6713 7489 23.907986
12682 7489 7637 17.268347
12886 7637 7763 17.268408
13059 7763 7900 17.268347
13258 7900 8061 17.268347
12474 7489 7337 18.749775
12473 7337 7901 19.070635
13259 7901 8106 19.10956
13562 8106 8241 17.268347
13748 8241 8443 17.65834
14028 8443 8623 17.268347
14264 8623 8781 17.268644
14494 8781 8913 20.237167
14661 8913 9258 10.228285
14029 8913 8444 13.954129
2114 8444 1002 8.346072
13700 8201 8682 24.744131
14342 8682 8818 14.332017
13560 8818 8104 21.560755
14163 8682 8549 24.528311
14162 8549 8865 9.535366
14608 8865 9145 8.506623
14965 9145 9257 11.020577
14964 9145 9534 12.058353
15262 9534 9358 22.040682
14660 9358 8912 12.918177
14407 8912 8725 5.783701
13879 8725 8335 10.780429
13702 8335 8202 17.26811
13643 8202 8157 13.778809
13642 8157 8442 8.50682
13641 8157 8156 12.184082
13561 8156 8105 3.350503
4891 8105 2544 3.49993
4892 2544 8060 2.750031
11901 8105 6946 3.696286
4655 2544 2411 3.972021
13334 8060 7953 11.020577
12677 8157 7487 22.249166
12345 8061 7252 25.412832
12346 7252 18006 9.542746
23715 18006 17802 11.495766
23369 17802 17296 16.508986
23094 17296 16937 12.058353
22882 16937 16667 8.906262
22588 16667 16304 11.262655
22246 16304 15925 12.918234
21914 15925 15559 11.262623
21599 15559 15176 11.158936
21312 15176 14866 9.882254
20928 14866 14471 11.567402
20884 14471 14416 15.294444
20511 14416 14012 12.553955
20512 14012 14013 6.092285
20513 14012 14066 6.249907
20514 14013 14103 9.554708
20598 14103 17375 0.935685
11860 17375 6909 0.061035
16427 17375 10265 9.931046
20561 14066 14065 10.661377
20562 14065 14376 9.76416
20846 14376 14713 9.76416
21172 14713 14969 6.974365
21403 14969 15331 11.262623
21719 15331 15689 11.262655
22025 15689 16086 12.645994
16876 17375 10646 13.001324
16428 10265 17579 15.337687
22388 16086 16585 16.009598
22806 16585 16936 11.567231
23092 16936 17188 9.535482
23295 17188 17485 8.50682
23498 17485 17931 15.221137
23775 17931 18254 10.228285
23845 18254 18101 15.795102
23844 18101 18194 3.178416
22706 16585 16453 15.795167
21678 15331 15283 16.811621
20018 14012 13498 17.013683
19932 13498 13407 3.178416
19880 13407 13350 1.659912
19594 13350 13053 10.894043
19208 13053 12678 12.553955
19592 13053 13052 13.70752
19362 13052 12831 7.138708
19590 13052 13051 7.615234
19591 13051 13089 10.7525
19593 13053 13054 13.707764
19595 13054 13055 4.569092
19399 13055 12863 9.440531
19398 12863 13090 11.495914
19639 13090 13177 5.353671
19710 13177 13314 7.211498
19711 13177 16729 9.472845
19548 16729 13012 2.56031
19848 13314 13725 12.553955
20239 13725 14021 10.001465
20519 14021 14067 1.157715
2947 14021 1443 1.175837
19092 12863 12548 12.713685
15664 13012 9674 12.953263
15665 9674 18120 8.538051
353 9674 134 9.534424
355 134 9137 6.500881
14954 9137 12949 9.124993
18923 12949 12381 4.045641
354 134 9299 14.123739
2762 12381 1343 16.191191
16475 13407 10306 17.542423
18848 12831 12297 18.197386
18646 12297 12140 5.783701
18647 12140 12176 7.742196
18689 12176 12175 7.615234
18547 12140 12051 16.98435
18690 12175 12296 17.268347
18846 12296 12596 11.508899
18406 12296 11935 13.359664
18055 11935 11624 9.76416
17752 11624 11355 8.369385
17195 11355 10887 13.94873
17196 10887 10944 9.244256
17123 10944 10829 8.110164
17122 10829 10888 9.244292
17197 10888 10889 10.661621
16798 10889 10584 5.646323
7780 10584 4221 11.486477
7781 4221 10881 1.545281
7782 4221 10464 11.100746
16679 10888 10472 12.553955
16676 10472 10470 9.138428
16675 10470 10469 4.569092
16678 10472 10473 9.138428
16112 10469 10024 12.553955
5795 10881 3056 12.573003
5793 3056 11356 1.458661
16113 10464 10025 12.645994
15538 10024 9577 13.948975
15539 10025 9578 14.031866
14869 9578 9079 13.94873
14824 9577 9037 15.34375
18847 12296 12547 16.060802
18895 12547 12349 12.739966
18645 12349 12139 14.039549
18323 12139 11854 14.456964
18123 11854 11678 6.35695
17844 11678 11432 11.495766
14828 9079 9039 16.811884
14627 9039 8888 5.175869
14137 8888 8530 14.457143
13851 8530 8312 7.211687
13923 8530 8368 11.453507
13388 8312 7985 13.363313
13389 7985 8136 11.453191
13020 7985 7733 11.495766
12638 7733 7455 10.351933
13608 8136 8579 12.632179
14204 8579 9038 12.553955
13852 8368 8313 15.294201
13468 8313 8037 10.340687
13610 8313 8137 13.395539
13609 8137 8370 7.125165
13391 8137 7986 12.883104
12919 7986 7660 9.882254
13390 7986 8369 11.553806
12918 8137 7659 14.677999
13091 7986 7785 14.799591
12858 7785 7618 6.35695
13090 7785 8038 7.13876
12921 7785 7661 12.883104
14827 9039 9472 17.494558
17754 11356 11388 18.330017
17789 11388 11977 18.197386
18409 11977 11936 16.811884
18280 11936 11813 5.175869
18326 11936 11855 16.98435
18325 11855 11978 4.453319
18459 11978 12224 8.369141
18748 12224 12225 6.092285
18750 12225 12226 10.661621
11779 7455 6856 18.387617
11780 6856 6857 13.707764
3633 12381 1834 18.9561
3519 1834 1759 9.55478
3518 1759 1760 6.092285
3632 1834 2187 12.7139
4263 2187 2571 13.954129
4941 2571 2975 15.221137
5419 2975 2848 5.175869
5198 2848 2726 12.883104
4778 2726 2481 8.906491
4183 2481 2142 11.567466
17305 11432 10986 19.556837
17193 10986 10885 3.178416
17120 10885 10828 12.264169
16674 10828 10468 11.158936
16109 10468 10023 12.553955
15536 10023 9576 13.948975
14868 9576 9078 13.94873
14203 9078 8578 13.948975
13607 8578 8135 12.540039
12914 8135 7657 13.94873
12709 7657 7513 4.184814
10088 10885 5705 15.657227
10087 5705 10985 3.826932
13604 8135 8134 18.276855
13605 8134 8421 8.369385
12912 8134 7656 14.031624
12910 7656 7655 15.230713
12911 7655 8036 11.158936
13467 8036 8420 11.15918
13997 8420 8845 11.14502
14583 8845 9185 9.882495
15022 9185 9575 12.058127
15532 9575 9574 9.138428
15533 9574 9641 13.778323
15528 9641 9572 16.811642
15526 9572 9571 7.615479
15525 9571 9570 10.661377
15021 9570 9184 11.158936
14759 9184 8989 5.57959
14517 8989 8799 5.783701
14936 9184 9122 6.249961
14516 8799 8800 9.138184
15020 9572 9183 11.158936
13927 8799 8374 11.248626
13856 8374 8316 7.741955
13530 8374 8082 8.906491
13385 8082 7983 9.55478
14519 9183 8801 11.262623
13996 8801 8419 9.750244
13088 8082 7784 11.315405
9429 7784 5273 1.440638
9428 5273 12513 2.102035
13089 7784 7924 11.45328
12909 7924 7654 8.906491
13387 8419 7984 12.645994
12857 7984 7617 11.15918
12855 7617 7616 7.615479
15524 9570 9982 12.646024
15944 9982 9891 6.700442
14756 8989 8987 13.70752
14757 8987 9383 11.262413
14758 8987 8988 13.70752
14515 8988 8798 5.57959
14701 8988 8941 13.778565
16059 9982 10466 15.221263
16671 10466 10467 6.092285
16670 10467 10465 4.569336
16672 10466 10700 6.974365
16953 10700 10870 5.175049
17177 10870 15367 12.383653
17008 15367 10745 3.835109
16669 10465 10513 16.811621
16723 10513 10746 6.974365
17009 10746 10884 4.184814
17191 10884 10983 2.789795
16722 10513 10514 13.70752
16724 10514 11291 1.211099
17671 11291 13156 8.568045
17192 10884 10886 13.70752
17194 10886 10984 3.178416
14702 8941 8986 16.811642
14755 8986 9195 5.998047
649 9195 253 1.241647
15034 9195 9437 6.730476
14297 8986 8654 9.868466
13801 8654 8276 9.76416
13603 8276 8133 4.184814
13800 8276 8275 9.138428
13384 8275 7982 8.369385
15364 9437 9798 11.262381
935 9195 387 12.885484
934 387 565 5.523682
12854 8133 7615 15.34375
12571 7615 7407 5.579346
12938 9437 7675 16.442959
12697 7675 7502 5.007568
6570 7675 3503 15.108887
6571 3503 14536 5.166871
6572 3503 10766 6.920784
2249 10766 1071 10.246201
2250 1071 12210 5.056318
2251 1071 9382 9.390208
14822 9382 9036 9.76416
14698 9036 8938 2.789795
14212 8938 8586 9.868466
14697 8938 8939 15.230469
14295 8939 8652 8.355225
14699 8939 8940 13.707764
14700 8940 10262 2.086426
14296 8940 8653 8.492888
13853 8653 8314 7.21535
13672 8653 8179 12.646024
13383 8179 7981 6.35695
13465 8179 8035 14.332322
13466 8035 8274 7.138946
936 387 3654 16.806814
6839 3654 6019 6.846423
13292 8035 7923 16.98431
13293 7923 8222 8.369141
13290 7923 7922 15.230713
12853 7922 7614 9.764404
15529 9576 9573 18.276855
13291 7922 8651 19.52832
14294 8651 8706 13.778297
13854 8706 8315 9.76416
13381 8315 7980 9.882216
12907 7980 7653 9.76416
13855 8315 8373 10.752257
14380 8706 9077 11.554042
14867 9077 9436 10.228285
15363 9436 9760 10.228285
14381 8706 8753 12.264169
14450 8753 8803 9.244014
14522 8803 8891 12.499868
14633 8891 9034 7.383109
14210 8891 8585 8.906491
14211 8585 8650 7.741955
13721 8585 8221 9.882254
13722 8221 8273 7.741955
13220 8221 7877 9.882216
12906 7877 7652 6.974365
14819 9034 9381 10.780326
15770 9760 10174 12.918234
14821 9077 9035 13.778323
15771 9760 9844 13.988533
15886 9844 10227 11.567231
16380 10227 10548 9.882458
16761 10548 10882 9.76416
14043 10882 8457 2.74745
17187 10882 11022 4.453089
17353 11022 11199 5.783701
17559 11199 11570 11.567231
16760 10548 11136 12.108398
16763 11136 10550 9.2146
17556 11199 11198 13.70752
17554 11198 11197 12.18457
17555 11197 11568 12.058127
17980 11568 11809 7.138998
18274 11809 12138 11.262381
18643 12138 12172 10.752257
18685 12172 12222 4.777471
10559 12172 6018 11.128345
18275 11809 11810 12.184326
18642 12138 12171 12.264169
17558 11199 11200 13.70752
17983 11570 11571 13.707764
10558 6018 12903 14.163642
19359 12903 12829 8.110393
17981 11568 11569 15.230713
9964 12222 5628 15.990521
9965 5628 16570 6.842853
18684 12171 12173 16.753662
18687 12173 12462 9.76416
18686 12173 12174 13.70752
18402 12174 11932 8.369385
18401 11932 11931 12.18457
17985 11931 11572 11.15918
17561 11572 11201 11.158936
17297 11201 10978 6.974365
17118 10978 10827 4.184814
18400 11931 12260 11.15918
18794 12260 12510 8.369141
19052 12510 12747 8.369385
19282 12747 13049 9.76416
19587 13049 13363 11.262623
19894 13363 13682 9.882216
19279 12747 12746 12.18457
19280 12746 13048 9.76416
20190 13682 14062 12.553955
20187 13682 13681 15.230713
20188 13681 13760 3.178416
19545 13048 13010 15.294444
19544 13010 13362 12.553955
19893 13362 13634 8.506579
20142 13634 13759 4.184814
19845 13362 13312 15.294223
19001 12462 12460 16.753662
19002 12460 12461 9.138428
14820 9034 9076 16.811642
14866 9076 9121 13.778541
14520 9121 8802 9.868466
14055 8802 8466 8.50682
13602 8466 8132 9.76416
13218 8132 7876 7.138708
12850 7876 7612 8.369385
12512 7612 7366 6.974365
13600 8132 8131 9.138428
13288 8131 7920 6.356735
13219 7876 7921 13.778323
12851 7921 7613 10.228518
9966 5628 15619 17.430962
19585 15619 13047 7.230623
19584 13047 13124 6.700664
19583 13047 13281 12.39183
19810 13281 13451 9.440727
19809 13281 13452 10.706924
19974 13452 13593 10.050945
19489 13593 12954 3.93745
20106 13593 13792 7.610569
19975 13452 13722 10.351593
19488 12954 14061 15.283384
20557 14061 14503 14.031624
20961 14503 14916 11.262655
21355 14916 15175 8.369385
21598 15175 15229 7.742152
21597 15175 15447 9.535151
21814 15447 15558 8.110164
21356 14916 14917 10.661621
21813 15447 15889 13.359581
22216 15889 16188 10.228518
22481 16188 16231 6.249669
22480 16188 16505 10.780429
22748 16505 16547 6.249907
22704 16505 16452 10.752257
21354 14916 14918 13.70752
20962 14503 14504 15.230713
22387 16188 16085 15.484107
22166 15889 15833 18.329998
13529 8803 8081 19.764469
12861 7661 7619 19.848886
12860 7619 7734 4.184814
12859 7619 7620 12.18457
12863 7620 10940 5.346128
12572 7620 7410 5.579346
11586 7407 6727 20.978693
10900 6727 6257 15.34375
10766 6257 6162 2.901367
10403 6162 5925 6.862793
10404 5925 13621 8.83653
10901 6257 17043 15.157372
1294 17043 578 16.255953
1296 578 17236 14.372041
8182 17236 4465 7.455532
8183 4465 5633 3.945957
1295 578 16662 17.340567
15095 13621 9237 17.84761
10738 9237 6144 13.984313
15096 9237 16210 14.643023
9029 6144 5013 15.100246
15579 17236 9603 20.482296
15580 9603 14349 7.990901
11290 9603 6531 9.836201
11291 6531 8895 9.835958
14207 8895 8583 8.620361
14208 8583 17171 9.196346
5385 17171 2831 5.47794
5384 2831 9855 5.567904
18939 17171 12396 6.021894
5571 12396 2930 9.721293
11289 6531 10915 12.780277
153 8583 58 17.088617
12920 7661 8371 21.129902
13925 8371 8531 4.184814
10840 8531 6216 6.866109
9795 6216 5517 6.732858
12106 7252 7080 22.040682
11679 7080 6794 8.906491
11680 6794 6892 6.700664
11505 6794 6673 14.332251
17845 12140 11433 22.370033
12862 7620 7621 22.845947
12865 7621 15157 11.145274
21584 15157 15524 11.158936
21879 15524 15525 7.615479
21880 15524 15793 8.369385
22118 15793 15794 9.138428
22119 15793 16101 9.882216
22401 16101 16164 7.741955
22457 16164 16431 8.506623
22684 16431 16776 11.15918
22974 16776 17029 8.506864
23164 17029 17363 9.882254
5255 15157 2753 13.366241
23418 17363 17408 13.778297
23445 17408 17697 8.506864
23651 17697 17902 7.13876
3902 17902 1986 6.419814
3901 1986 2294 10.001465
4438 2294 10097 8.361816
22456 16164 16163 15.230713
7958 16163 4328 11.732876
22455 16163 16165 12.18457
22120 16165 15795 11.15918
21790 15795 15421 11.158936
22121 15795 15796 12.184326
21789 15421 15472 12.263898
21470 15421 15034 14.671209
22685 16431 16479 16.811884
7959 4328 15203 17.599424
21469 15034 15254 18.142025
21654 15254 15474 7.13876
21836 15474 15473 12.184326
21834 15473 15475 12.18457
21839 15475 15797 9.76416
22123 15797 16102 9.76416
22403 16102 16432 9.882254
22686 16432 16731 10.228518
22932 16731 17031 10.780326
23167 17031 17114 11.020341
23233 17114 17214 9.554708
23165 17214 17030 7.211498
22975 17030 16777 8.906491
22722 16777 16480 10.780429
22459 16480 16166 9.882216
21535 15475 15107 11.15918
21279 15107 14832 8.893187
23308 17214 17698 13.948975
21226 15034 14779 18.147463
21098 14779 14635 4.18457
20821 14635 14351 8.369385
20012 14351 13491 6.651301
13014 13491 7729 7.303961
13015 7729 14350 1.07787
13017 7729 17151 1.229024
13016 7729 13776 17.119535
14595 13776 8855 7.209514
14594 8855 13777 8.060123
20289 13777 13778 15.230713
20087 13778 13568 6.974365
20088 13568 13570 9.138184
19870 13570 13340 7.610569
19653 13340 13107 9.535366
19510 13107 12980 14.332017
19378 12980 12844 15.795102
19113 12844 12574 11.509107
18875 12574 12330 8.906262
18579 12330 12081 8.369385
18874 12330 12329 13.70752
18872 12329 12328 13.70752
18578 12328 12080 8.369385
18871 12328 12573 8.906262
19112 12573 12814 8.506864
19376 12844 14216 14.08032
16105 14216 10019 13.808093
16104 10019 12482 12.204402
19025 12482 12697 8.337768
19230 12697 12982 11.508899
19512 12982 13224 9.535482
18978 12574 12442 14.332017
18876 12442 12331 6.195743
18920 12442 12377 11.020577
19757 13224 13341 14.332251
19871 13341 13429 13.988533
19954 13429 13569 11.453191
20089 13569 13700 4.453319
20209 13700 13891 8.337901
20398 13891 14124 7.610569
18698 13700 12185 9.650935
18697 12185 13779 7.333378
20618 14124 14447 9.882216
20292 13779 14123 11.262623
20616 14123 14309 5.783765
20791 14309 14485 5.783765
20945 14485 14636 4.18457
20790 14309 14310 6.092285
20792 14310 14486 5.57959
20532 14310 14034 8.369385
20946 14485 14487 9.138184
20617 14123 14182 9.244051
19655 13224 13108 15.79493
19654 13108 13479 13.359581
19998 13479 13741 8.906491
20254 13741 13987 10.351933
20488 13987 14184 6.35695
20684 14184 14449 8.369141
20255 13741 14514 12.135072
20128 13741 13614 14.332017
20354 13987 13841 14.332088
20485 14514 13986 15.076085
20486 13986 14221 8.337768
20683 14184 14185 15.230469
19379 12982 12845 15.795102
18921 12482 12378 15.795167
18581 12378 12082 11.508899
18582 12082 12199 14.332251
19114 12697 12575 15.795167
18190 12199 11740 16.009365
20911 14449 14448 16.753906
20682 14448 14183 8.369141
20912 14448 14450 13.70752
19421 13341 12889 17.858934
19511 13429 12981 17.858934
18248 12329 11785 18.133545
17962 11785 11546 6.974365
20913 14449 14451 18.276855
11425 13776 6625 21.338135
11103 6625 6406 7.13876
11102 6406 6407 12.184326
11426 6625 6656 12.264169
11424 6656 6624 7.741955
11101 6624 6405 6.974365
11422 6624 6623 13.70752
11423 6623 13577 1.416504
11100 6623 6404 6.974365
11421 13577 6622 10.768066
10970 6622 6311 9.882254
10491 6311 5977 9.76416
10331 6406 5876 15.419169
9734 5876 5468 12.553955
9513 5468 5327 4.453173
9735 5468 5521 10.752257
10330 5876 5877 13.70752
9044 5521 5025 15.419169
9045 5025 5083 7.741911
9132 5083 5291 7.138708
8635 5083 4753 9.882216
8022 4753 4366 9.76416
9459 5291 5652 11.262623
10004 5652 5976 9.76416
10971 6311 6355 16.811642
8024 5025 4367 18.197405
8023 4367 4368 9.138428
7790 4368 4225 4.18457
8026 4368 4754 9.76416
8637 4754 5026 8.369385
7301 4367 3937 12.553955
7091 3937 3808 4.453173
6532 3808 3477 9.764404
6533 3477 3479 10.661377
6176 3479 3275 5.579346
6534 3479 3478 12.18457
6177 3478 3276 5.783465
6178 3276 10507 3.215932
6458 3478 3436 10.752226
16166 10507 10065 12.344727
16167 10065 15964 11.251259
8025 4368 4369 13.70752
7791 4369 4226 4.453089
6459 3436 3902 13.94873
7237 3902 3901 15.230713
7238 3901 9372 6.341418
7018 3902 3765 15.795102
8027 4369 4370 16.753662
7792 4370 4227 4.18457
11544 10065 6697 19.076588
9373 6697 5234 10.189446
4335 5234 2228 5.14812
3743 2228 1902 10.643066
2566 1902 1238 6.732164
4317 2228 2216 10.670724
7236 3901 3900 19.799805
6619 3900 3530 11.158936
6457 3530 3435 9.55478
5379 3435 2827 8.34359
5377 2827 8835 10.938435
11420 6622 9838 20.733974
11654 9838 6777 11.738042
11656 6777 6858 11.020341
11358 6858 6577 10.780429
11655 6777 7151 11.262623
10771 6577 6166 13.359581
15878 9838 12698 20.860268
19035 12698 12497 6.597656
5392 12698 2835 13.479358
5393 2835 13707 11.612467
7047 8835 3782 20.985659
6463 3782 3438 10.210449
5844 3438 3086 10.001465
931 3086 384 11.181344
932 384 6992 11.084318
3283 3086 1629 11.849365
3284 1629 17075 8.03445
21861 17075 15507 11.866723
8484 15507 4658 6.174766
7905 4658 4296 8.247718
7906 4296 7223 8.032657
21862 15507 15786 8.731934
7907 4296 4348 13.114047
7993 4348 14727 10.084866
15698 14727 9700 4.905078
17329 14727 11006 9.211293
5457 11006 2871 6.748021
15699 9700 17416 9.58154
17728 17416 11337 8.62833
16881 11337 10650 6.772429
16882 10650 18154 7.820051
17729 11337 14039 9.294853
16883 10650 13131 11.34143
17273 13131 10954 7.765474
10813 10954 6197 11.6487
4708 6197 2439 1.312455
5558 17416 2924 11.837064
5559 2924 13410 6.747777
5560 2924 16684 11.114349
7048 3782 9804 13.838282
5024 11006 2628 14.042863
4449 6992 2301 14.077071
11972 6992 14043 14.408203
20186 14043 13680 12.344727
857 9700 348 15.638258
856 348 15743 13.479465
18639 15743 12136 13.548503
5025 2628 7456 15.748535
5027 7456 2629 10.143555
5026 2629 3089 15.34375
5847 3089 3134 12.264141
5617 3134 2955 5.783701
5933 3134 3132 13.70752
11820 6992 6882 16.037842
11819 6882 16354 1.848057
3234 16354 1605 8.398402
11267 6882 6515 12.24707
660 15743 260 16.315823
659 260 18130 11.591553
658 260 14446 11.815801
657 260 4326 15.122514
7348 4326 3966 10.53125
11198 18154 6469 17.352522
21534 15107 15158 21.368584
16202 10097 13514 21.506046
22122 15797 15798 22.845947
12776 7612 7566 22.888483
12707 7566 7512 10.752257
11013 7512 6345 15.934336
11015 6345 15294 7.386913
11014 6345 7105 11.777906
12138 7105 17284 6.670033
12778 7615 7567 22.888483
12917 7733 7658 23.015654
10621 6777 6065 23.134697
10142 6065 5745 10.228285
9732 5745 5467 8.906491
9042 5467 5024 14.031624
9043 5024 13304 4.917933
8634 13304 4752 4.317421
8021 4752 4365 9.76416
9041 5024 5082 15.294201
11106 13304 6408 15.389591
4682 6408 2426 9.308676
3691 6408 1871 12.908488
3692 1871 13854 11.910679
9733 5467 12028 16.577589
5703 18154 3004 23.627043
5704 3004 11486 11.769579
2755 11486 1339 11.908065
2757 1339 17553 11.121725
10414 17553 5932 11.227548
2463 3004 1181 15.862318
2464 1181 8933 8.791038
5705 3004 3429 16.26738
10415 5932 17149 18.079351
3068 2216 1508 23.761761
2027 1508 955 15.34375
1733 955 813 4.453402
1897 13621 892 23.955915
1900 892 4633 12.652094
8445 4633 7599 14.415805
12832 7599 13182 16.964962
7021 13182 3766 13.717923
7020 3766 11909 8.824141
1899 892 10930 17.235249
17246 10930 12204 8.504972
9014 12204 5005 14.409722
9013 5005 10776 8.325814
9012 5005 11386 8.814892
17124 11386 10830 10.034302
12422 10830 7303 7.750242
12423 7303 11834 16.966797
15732 12204 9730 16.975317
15100 9730 9239 14.046631
9037 9239 5022 13.171769
9038 5022 15876 13.517295
21959 15876 15623 16.464605
483 15623 189 6.883802
18302 11834 16444 17.589975
14033 16444 8449 9.463162
8316 8449 4557 8.556207
14034 8449 10706 13.853069
16960 10706 15334 17.271011
7199 15334 3875 6.426981
22204 15876 17554 17.898872
20113 17554 13600 7.202008
8676 17554 4786 12.594759
5168 4786 2705 9.962107
5167 2705 14738 5.129751
10224 14738 5798 8.992054
5169 2705 5231 13.802416
9370 5231 14378 6.433157
9175 5231 5109 17.68321
3107 7303 1529 17.973818
3106 1529 2592 9.385267
17125 10830 13982 18.379606
5456 13982 2870 7.212439
10424 14738 5935 18.647633
10425 5935 10005 8.462276
7019 3766 17263 18.7169
5997 17263 3172 15.023189
5996 3172 13036 4.964627
11494 13036 6667 5.235086
5773 3172 3046 7.911294
5775 3046 14276 3.746852
14136 14276 8529 7.612981
5710 13036 3008 12.508829
5688 17263 2994 16.253763
7539 14276 4081 17.317228
7538 4081 5496 19.665932
9768 5496 13823 4.790323
20336 13823 14578 6.939466
4077 14578 2087 10.499776
8897 13823 4927 11.499706
6175 4927 3274 2.831033
3473 2087 1733 11.800781
2905 1733 1421 10.866211
5749 4081 3032 21.421635
1546 3032 711 5.731078
1547 711 4798 2.902275
8695 4798 4974 7.211652
8519 4798 4681 15.484107
8520 4681 5046 11.960843
9074 5046 5127 10.212238
9197 5127 7095 6.783879
8967 7095 4975 6.107845
3295 4975 1637 4.966406
12129 7095 14920 11.359955
3294 1637 14740 13.36987
8965 4974 5326 16.522442
5999 5326 3173 9.913188
5998 3173 5975 19.000738
10489 5975 12930 3.304626
901 12930 369 8.72205
899 369 10406 8.485348
11099 12930 6403 15.282948
900 369 4986 18.845249
8979 4986 13068 8.336433
8980 4986 7956 13.121242
11357 7956 6576 4.551655
13338 7956 11674 9.04199
11924 7956 6962 11.051099
11923 6962 7409 15.892432
12513 7409 7367 18.329773
18118 11674 18091 18.480221
9307 11674 5196 18.564014
9308 5196 10575 11.84149
8317 4557 9688 21.653011
1810 9688 849 2.615775
1811 849 1576 6.819009
15683 9688 10337 16.017004
16513 10337 13638 7.850955
12299 10337 7219 21.69268
2752 7219 1338 10.877211
9535 7219 5342 14.340013
6686 5342 3563 12.594679
2716 3563 1320 11.004241
2754 1338 5883 15.920015
10341 5883 15624 5.610968
2715 1320 1715 19.73769
2906 1421 18182 22.095106
4467 18182 2313 11.188512
21317 18182 14873 11.852377
20964 14873 14505 9.889648
3961 14873 2016 10.286695
14537 14505 8813 10.933022
20963 14505 14610 14.437847
21071 14610 15020 11.173096
21458 15020 15333 9.791992
19307 15333 12775 12.778564
12382 10930 7275 22.100622
12383 7275 7544 7.337158
1729 1320 811 22.991678
1579 1529 728 23.092869
1578 728 11376 7.505257
3296 1637 4083 24.296972
7542 4083 12061 4.508388
7749 12061 4204 9.915371
7434 4204 4018 5.572381
7748 4204 4506 8.201904
7433 4018 4138 9.554546
7637 4138 9310 16.669041
8896 9310 4926 5.650417
8895 4926 5081 4.18457
9040 5081 5023 12.264141
8820 9310 4880 14.421869
8821 4880 15135 4.416992
6531 4018 3476 16.73877
5931 3476 3131 9.76416
5522 3131 2908 6.974365
5523 2908 12496 2.784228
12435 12496 7311 10.329739
5936 7311 3133 10.880648
5935 3133 3528 11.15918
6530 3476 3475 13.707764
6529 3475 3711 7.138946
6375 3475 3386 12.499814
6376 3386 3710 10.228211
9039 5023 7098 16.794527
16285 12496 10157 18.771339
16286 10157 10419 15.488255
7540 4083 4082 21.322754
7541 4082 7319 14.37793
12449 7319 8048 16.114309
12971 8048 7695 10.001221
2423 7695 1162 10.489038
2425 1162 3235 9.713605
6109 3235 15343 11.234435
8774 15343 4846 8.564095
8773 4846 6536 12.145204
11297 6536 17074 11.317222
1931 17074 909 10.752762
1932 909 7564 12.767011
9331 7695 5209 16.972555
14870 16101 9080 24.424149
14872 9080 14973 9.026748
14871 9080 9473 11.158936
15406 9473 9892 12.553955
15946 9892 9984 3.178533
16061 9984 10115 4.453402
23232 17114 17903 24.482996
638 17903 249 18.197386
639 249 752 2.327048
1626 752 15273 17.548542
5833 15273 3079 7.34661
21442 15273 15009 8.508789
21669 15273 16465 10.484167
17247 16465 10931 11.192979
17248 10931 12319 5.132587
5815 3079 3068 12.193014
10961 10931 6302 13.186454
2169 6302 1031 8.319707
10962 6302 8024 14.590785
13450 8024 9664 1.090858
2653 9664 1282 10.38116
2652 1282 1645 12.7139
3311 1645 1890 10.351933
3725 1890 2144 9.535151
4186 2144 2482 12.7139
4779 2482 2762 9.882254
5271 2762 3108 11.15918
5272 2762 2763 16.753906
4613 2763 2388 12.918234
4185 2388 2143 10.35179
5878 3108 3735 18.387617
640 249 1713 20.268675
3438 1713 3332 6.193063
2366 3332 1133 4.728703
2365 1133 1283 11.453191
3437 1713 8438 17.007843
14022 8438 16489 9.515423
14023 8438 16707 10.837603
13142 16707 7826 7.180768
13143 7826 10313 9.308456
12445 8438 7316 12.330994
2367 16489 1134 13.566785
12444 7316 9809 16.986588
15291 9381 10173 24.483232
1577 728 15592 24.98015
21937 15592 16277 8.103877
9129 5081 5874 25.10791
10327 5874 5875 12.18457
10329 5875 6258 11.15918
10903 6258 6539 8.369385
17307 11813 10987 25.154072
17306 10987 12300 0.280835
18851 12300 14774 0.595477
17198 12300 10890 5.072741
17262 12300 10945 15.525204
16677 10945 10471 19.556665
16316 10471 10175 18.727835
16060 10175 9983 10.707132
6371 9983 3384 10.478516
15222 9983 9332 19.587616
14876 9332 9084 6.890625
14829 9084 9040 1.47876
14521 8802 9041 25.347521
17225 16450 10909 25.489019
7485 10909 4050 17.091696
7484 4050 4111 7.741911
154 58 18004 25.532249
18918 18004 12376 10.75757
4068 12376 2081 6.656701
18919 12376 15316 10.532177
16333 15316 10187 11.912002
16227 10115 10988 25.836468
17309 10988 18184 19.404646
18057 18184 11625 2.156109
14895 11625 9098 11.03422
14896 9098 17435 17.462429
17201 10945 10891 25.92963
14842 9051 9859 25.98678
14087 17249 8498 26.003933
14088 8498 17446 1.973135
23152 17446 17016 13.359894
2999 17446 1467 24.284769
3000 1467 17581 1.943291
23265 17581 17152 13.359894
5257 2754 15518 26.109537
21873 15518 15649 4.453089
21608 15518 15196 10.228211
21323 15196 14884 10.228357
21181 14884 14722 4.453319
21034 14722 14573 5.176012
21180 14722 14771 10.7525
20748 14573 14260 11.50864
20747 14260 14259 10.661133
21491 15196 15062 15.79493
6084 3223 5152 26.158049
9237 5152 7721 17.224987
9921 5595 16827 26.391481
9247 16827 5158 18.47752
23195 17257 17068 26.486401
14740 8972 9167 26.486452
14174 9167 8557 16.807423
14100 8557 8508 18.330017
14099 8508 8507 1.522949
14995 9167 9876 20.978693
15922 9876 10321 12.646236
16489 10321 10320 24.368652
824 10320 334 14.286789
21855 15666 15496 26.486452
23266 17152 17349 26.486452
23564 17581 17775 26.486452
22825 17775 16603 1.349291
23700 17775 18074 10.228211
23833 18074 18160 3.178436
249 18160 94 6.356833
247 94 345 7.61089
414 345 159 26.486452
413 159 573 12.918414
1289 573 961 12.057994
2038 961 1266 8.906637
2618 1266 1601 10.228357
3229 1601 12370 25.029535
4844 12370 2516 8.076123
4581 2516 2372 24.725328
4582 2372 12307 16.100965
2912 12307 1425 17.257608
2223 1425 1057 10.780429
1655 1057 769 8.906637
946 769 394 12.057994
14 394 4 12.058446
15 4 17845 13.359726
23565 17845 17582 8.506666
4580 2372 6815 20.832544
11713 6815 9713 7.648182
6024 9713 3188 2.514098
960 9713 403 5.889045
961 403 15564 4.507848
21917 15564 16997 8.003909
6025 3188 3333 18.749775
6288 3333 3720 11.567402
6783 3720 3621 12.499814
6949 3720 3814 13.988582
7101 3814 3907 13.988484
7248 3907 3943 12.264169
7310 3943 4030 12.499814
6639 3621 3540 15.483911
6191 3540 3284 7.610247
6638 3540 3860 11.508899
7178 3860 4148 14.781832
7650 4148 4442 14.781958
8140 4442 4766 13.554065
8649 4766 4980 7.610694
8972 4980 5370 13.359894
8650 4766 5039 14.782234
9059 5039 5299 14.781958
9471 5299 5473 9.440531
9473 5370 5300 16.984631
8907 5300 4934 11.567531
6394 3540 3395 17.268585
6393 3395 3541 7.390979
6102 3395 3231 12.883104
6103 3231 16962 8.703937
11258 16962 6509 7.799645
11257 6509 14324 0.666701
6101 3231 3582 11.508899
6723 3582 3770 5.783701
9202 5300 5131 17.65811
8292 5131 4539 18.389177
9061 5131 5040 18.488512
8780 5040 4851 20.570953
4242 14324 2175 21.761694
23734 17845 17979 24.725893
23702 17979 17776 7.61089
3230 1601 1719 26.228056
3006 1719 1470 8.906345
2337 1470 1118 10.228211
6968 4652 3734 26.546421
6484 3734 3450 8.369385
5876 3450 3107 9.76416
5332 3107 2804 9.76416
4857 2804 2525 10.228518
4612 2525 2387 8.689213
4409 2525 2275 9.535269
3953 2275 2012 11.31557
3635 2012 1835 7.211687
3469 1835 1731 5.175869
3250 1731 1612 7.390979
3954 2275 2013 16.060595
4410 2275 2570 16.829584
4939 2570 2725 9.440531
4611 2387 2696 20.72154
5146 2696 2803 4.184814
5330 2803 2802 15.230469
5329 2802 2801 22.846191
5328 2801 2805 4.568848
5333 2805 2917 4.18457
5327 2805 2800 4.569336
5326 2800 2916 4.18457
5541 2917 3155 6.974365
5967 3155 3156 4.568848
5325 2800 2847 10.752468
5966 3155 3788 18.133545
7059 3788 3787 4.568848
6966 3787 3733 9.244497
7058 3788 3786 15.230957
6569 3786 3502 8.50682
7057 3786 4049 8.50682
4411 2800 2276 19.129595
4266 2276 2188 6.700664
3783 2188 1926 11.315405
4265 2188 2189 21.322754
3636 2189 1836 11.15918
3313 1836 1646 7.138708
2758 1646 1340 16.829584
1798 1340 842 16.675739
1794 842 840 16.753906
1795 840 1024 6.356833
1138 840 491 10.228357
763 491 305 5.78383
1796 842 841 19.799805
4267 2189 2234 25.92963
4345 2234 2236 15.230957
3726 2236 1891 11.158936
3723 1891 1889 12.18457
3721 1889 1888 7.615234
3722 1889 2235 11.158936
4347 2235 2524 9.882216
4856 2524 2845 11.15918
5414 2845 3153 10.228211
5874 3153 3106 10.752468
5751 3106 3033 11.020577
5415 2845 2846 13.70752
5416 2846 3154 9.76416
5964 3154 3449 8.369385
6481 3449 3826 11.262381
7119 3826 4110 8.369385
7591 4110 4457 9.882292
4182 2235 2141 13.988533
5963 3153 3732 17.812983
6964 3732 4109 12.713685
7589 4109 4249 4.184814
4689 2524 2430 18.488512
7587 4249 4108 18.74983
7262 4108 3914 12.03337
2550 1889 1231 21.14395
2551 1231 1232 10.661133
2552 1232 1567 9.882216
1792 1232 839 12.058446
1135 839 490 11.508899
1058 490 453 18.329998
1059 453 18124 16.807907
23849 18124 18169 10.7525
23850 18124 18128 13.70752
23852 18128 18127 13.70752
23853 18127 18170 19.848886
23758 18170 17904 8.369385
23419 17904 17364 17.350996
23277 17364 17168 6.357067
23110 17168 16959 11.495571
22933 16959 16732 10.326353
22687 16732 16433 12.383017
22688 16433 16523 5.353462
22462 16433 16168 9.535151
22124 16168 15799 11.262655
21884 15799 15528 8.369385
21882 15528 15527 4.569092
21881 15527 15526 10.661377
21586 15526 15159 11.158936
21281 15159 14833 9.750244
21585 15159 15204 10.752226
21883 15528 15530 12.18457
21885 15530 15529 9.138428
21886 15530 15903 11.262655
22230 15903 16247 12.058353
22125 15799 15800 12.18457
22539 16247 16569 12.382824
22759 16569 16524 9.244051
22404 16247 16103 14.332322
22460 16168 16167 15.230713
23014 16959 16816 15.79493
22934 16732 16993 16.060677
23133 16993 17167 8.261221
23276 17167 17409 15.380005
23346 17409 17262 7.390979
23200 17168 17073 19.99538
22935 17073 16733 11.158936
22690 16733 16434 9.882458
22406 16434 16104 9.882216
22405 16104 16105 7.615723
22689 16434 16435 12.18457
23199 17073 17596 15.34375
18617 17596 12118 18.776836
18616 12118 13360 6.546048
21284 15529 14835 20.90918
21282 14835 14834 9.138428
21283 14834 15108 8.492888
21277 14835 14831 13.707526
21276 14831 15255 12.553955
21656 15255 15738 15.34375
22905 16733 16695 21.368826
7588 4108 4773 21.846951
8381 4773 4597 11.453418
5197 2845 2724 24.725809
8623 14442 4748 26.55497
8625 4748 14632 1.422628
21094 14632 14725 5.353671
8624 4748 14181 15.371941
10711 14181 6124 0.569665
20681 14181 15151 1.485749
21575 15151 15198 7.741955
19067 13250 12525 26.719162
19066 12525 17999 10.368535
3949 9967 2010 26.719622
16371 17903 10221 26.760254
19091 12547 13175 26.804316
19708 13175 13174 16.753662
19707 13174 13173 15.230713
19709 13175 13176 16.753662
19669 13173 13125 16.811642
19637 13125 13088 16.811621
19636 13088 13496 15.892101
20015 13496 13825 11.262623
20338 13825 14205 11.262381
20702 14205 14469 9.535482
20925 14469 14712 7.13876
19547 13088 13011 18.488548
20653 14205 14154 19.849113
19361 13011 12830 22.040682
19207 12830 12677 17.658573
19053 12677 12511 13.401106
18746 12511 12223 15.614179
18456 12223 11976 12.391665
18276 11976 11811 5.783701
17986 11811 11573 7.610792
17562 11573 11202 11.158936
17298 11202 10979 6.974365
17115 10979 10826 4.453402
17987 11976 11574 18.587738
17299 11574 10980 19.129362
20845 14712 14375 22.076483
20558 14375 14063 26.252275
20464 14063 13960 2.789795
20238 13960 13724 8.50682
20143 13724 13635 3.178533
17540 13724 11183 9.685625
17541 11183 13110 8.765944
17947 14063 11532 10.539795
17127 11532 10833 3.432236
16203 10833 10098 3.75297
17948 11532 14064 12.306152
20417 14064 13912 4.18457
20559 14064 14291 7.610569
20772 14291 14330 9.244051
20771 14291 14553 9.535482
21019 14553 14669 8.110393
20066 13912 13547 12.918234
20067 13547 13548 4.569336
20065 13547 13546 6.092041
20017 13546 13497 6.249961
20068 13548 13549 9.138428
20927 14553 14470 15.483867
20926 14470 14812 10.228285
21261 14812 15088 8.506864
21514 15088 15403 10.228285
20560 14064 17358 16.799561
5028 17358 2630 5.437256
2328 2630 1113 3.381348
21262 14812 14968 21.729485
21689 15519 15299 26.81496
21688 15299 15573 9.535269
21923 15573 15789 7.610471
22449 16373 16158 26.81496
7651 5040 4149 27.27759
14441 9562 8747 27.389729
13790 8747 8267 15.527856
12708 7512 7919 27.412825
13287 7919 8130 6.356735
13599 8130 8220 6.700664
12968 7919 7694 8.337972
12969 7694 7783 9.55478
12970 7694 10786 10.673246
12440 10786 7314 3.750093
12439 7314 7406 8.110393
1182 7314 517 12.642346
1183 517 16665 7.575616
13598 8130 8584 14.683105
14209 8584 8705 8.110164
13926 8584 8372 10.707006
7211 8584 3884 12.769981
4949 3884 2575 10.365337
4948 2575 9470 8.829518
15401 9470 9797 14.456964
1184 517 6493 20.53635
10968 6493 6310 10.706924
11233 6493 16913 17.812029
17389 16913 11054 12.930648
1641 11054 761 2.314401
1640 761 4535 3.217496
6433 4535 3421 8.79776
6431 3421 4987 12.247558
8981 4987 7808 10.62504
6432 3421 13384 12.313298
4407 4987 2273 12.972017
4408 2273 17417 10.83766
19914 13384 17486 13.012268
4405 2273 13373 14.757761
19901 13373 16176 9.81878
6608 16176 3521 9.792566
6607 3521 17467 3.976021
10969 6310 10831 18.160992
4406 2273 10609 21.201603
9726 10609 5464 10.259803
5661 5464 2983 5.083746
5662 2983 10341 22.15538
2238 10341 1063 18.590979
2237 1063 9857 9.627429
1593 9857 735 15.668902
6606 3521 11087 22.912395
11726 11087 6824 4.559314
13783 11087 8261 12.891399
4466 8261 2312 6.102495
13782 8261 11796 22.121721
4325 11796 2222 6.791278
5034 11796 2633 7.968335
18202 11796 11749 16.152933
15342 11749 9422 7.547283
8959 11749 4971 17.180027
1041 4971 442 8.878323
1042 442 8229 7.67708
13160 8229 7836 11.382324
13158 7836 14500 16.050915
20796 14500 14315 5.956055
588 442 228 16.208158
587 228 15634 13.499505
21969 15634 16054 12.874756
21915 15634 15560 13.943146
10111 15560 5720 14.234554
3533 5720 1768 8.032657
3531 1768 4634 8.351414
8446 4634 14797 9.824341
535 5720 211 10.646769
536 211 6008 9.792566
10540 6008 17254 13.159872
9832 8229 5541 16.450346
9833 5541 8483 13.530072
10624 8483 6069 17.391953
18568 15560 12070 17.586088
8960 4971 17578 18.045614
10091 14500 5707 18.683279
10092 5707 10010 8.677109
7141 5707 3837 18.143251
7142 3837 12469 6.688193
3784 4634 1927 20.543787
3785 1927 10154 14.668729
21243 14797 15605 24.577881
6615 3528 3529 27.415283
6618 3529 3899 11.158936
8626 12373 4749 27.42198
8627 4749 10617 14.792654
8771 10617 4845 15.548888
16151 10617 10056 21.037325
6901 3734 3691 27.450752
5968 3691 3157 15.419146
19239 12783 12706 27.556595
18878 12706 12334 12.918414
18538 12334 12046 10.780429
18211 12046 11758 9.882216
17828 11758 11419 10.228357
17463 11419 11116 10.780429
17048 11116 10778 10.780223
16658 10778 10457 11.508899
16214 10457 10105 10.228357
15448 10105 9508 21.035543
15073 9508 9223 8.506666
14619 9223 8880 10.780223
14181 8880 8563 9.535697
13665 8563 8175 12.057994
13209 8175 7870 8.906637
12769 7870 7560 10.780429
12367 7560 7267 8.906178
11910 7267 6953 11.509107
11458 6953 6647 10.228357
12132 7267 7097 22.040682
11639 7097 6767 10.228211
11292 6767 6532 9.535482
11150 6532 6438 9.554546
12131 7097 7401 10.780429
12563 7401 7606 6.356833
17631 11419 11254 22.040682
17178 11254 10872 11.262623
16807 10872 10594 10.351737
16435 10594 10269 10.228211
15929 10269 9881 11.567402
15155 9881 9285 21.846746
14858 9285 9069 6.357067
17630 11254 11891 22.249166
18359 11891 12253 13.95435
18783 12253 12537 9.882216
19039 12537 12501 12.264169
18954 12501 12415 18.488585
18725 12415 12211 7.138469
18724 12211 12277 13.988484
18782 12277 12252 16.811844
18636 12252 12134 5.176407
18447 12134 11969 9.440242
18397 11969 11926 2.065298
18041 11969 11612 12.058446
17971 11612 11558 4.777075
17887 11612 11472 5.176012
17683 11472 11303 5.783701
17778 11472 11380 8.110248
18358 11969 11890 13.988582
16853 11303 10631 19.587616
16854 10631 10739 15.483823
16496 10739 10325 13.359894
22339 16129 16037 27.556595
19334 16037 12801 6.051529
19333 12801 18218 11.157755
10801 12801 6191 25.361658
4921 2838 2560 27.671991
4396 2560 2267 27.671991
4086 2267 2092 13.401327
3932 2092 2002 8.11008
3845 2002 1954 6.249961
3710 1954 1882 6.700562
4087 2092 6309 21.189329
5189 6309 2718 1.642506
3709 1882 2105 22.08452
4107 2105 17216 10.288425
2748 2002 1335 24.116707
1455 1335 663 20.305958
716 663 287 11.567402
426 287 165 6.195923
27 165 10 4.453089
28 10 17944 10.228357
23738 17944 17851 3.178631
26 10 18077 22.040682
23812 18077 18026 4.777543
23800 18026 17982 10.7525
3007 1470 1600 27.732561
2733 1600 1327 8.906637
3227 1600 1874 9.882216
1944 1327 916 11.56706
1287 916 572 12.382674
847 572 344 9.26073
123 344 46 8.906345
125 46 17939 12.058261
23540 17939 17540 13.359894
3696 1874 2297 14.678076
23541 17540 17639 19.995415
23538 17639 17539 8.110248
23601 17639 18073 14.678076
4443 2297 2837 20.305738
1106 572 476 23.01544
1288 572 768 23.517544
1653 768 1117 10.780871
2335 1117 1469 10.228357
3004 1469 1748 9.882216
3498 1748 2046 9.882216
4003 2046 2416 13.95391
4004 2046 2126 13.988484
4152 2126 2174 7.741955
3621 2126 1825 11.508899
3226 1825 1599 14.781958
2825 1599 1381 9.26073
2037 1381 960 11.567402
1369 960 617 10.228357
845 617 343 8.506579
846 343 18210 11.262623
4241 2174 2333 14.799591
4509 2333 2334 18.276855
4511 2334 2335 12.18457
4660 2416 3015 21.560652
5721 3015 18224 10.662506
4508 2333 3014 23.581331
23005 17540 16808 23.581331
4513 2335 2336 24.369141
4514 2336 2556 6.974121
4912 2556 3186 23.483107
6022 3186 3489 11.315586
6550 3489 4029 23.682554
7451 4029 4324 8.369629
7888 4324 4285 13.778323
7887 4285 4636 10.228211
8448 4636 4978 9.882292
8968 4978 5297 10.228211
8969 4978 5037 16.811884
9057 5037 5038 16.753906
8531 5038 4688 9.76416
9058 5038 5368 11.15918
9575 5368 5748 11.158691
7809 4688 4236 12.646236
7554 4236 4089 4.453089
10094 5748 5709 19.84934
5131 2837 2684 26.486349
10254 5818 5962 27.732561
10470 5962 11483 17.496229
11859 11483 6908 12.423086
11858 6908 7039 26.228056
12049 7039 7093 7.742436
12126 7093 10589 21.344997
17843 11432 12011 27.990807
18404 12011 11934 12.499868
18278 11934 11812 17.268347
18121 11812 11677 8.689545
3164 1882 1562 28.19446
3092 1562 1519 4.777543
3011 1519 1473 4.777075
2532 1473 1223 16.751728
2455 1223 1177 6.249961
2454 1177 1384 13.401327
2830 1384 10645 1.340016
2236 1384 1062 11.315225
1946 1062 917 4.453548
1299 917 580 10.228357
1045 580 444 10.051167
1044 444 665 14.039125
1458 665 967 8.906345
1457 1177 664 14.277519
429 580 166 14.682897
3241 10645 1608 15.411472
1377 1562 622 28.034117
1225 622 535 8.11008
718 535 288 15.379898
1224 535 1222 21.560652
717 288 1015 22.831831
1378 622 1281 25.074787
13332 8334 7951 28.19446
13113 7951 7802 5.175725
12607 7951 7428 15.419193
1650 7428 766 7.03405
22538 16245 16471 28.288269
22969 16990 16769 28.288801
9238 5152 10278 28.483759
6079 10278 3221 1.612087
14616 8877 9831 28.554934
15869 9831 13337 14.040959
21220 15062 14770 28.664034
20975 14770 14518 7.610694
20820 14518 14346 6.356852
3257 14346 1616 4.342165
20818 14346 14438 5.353127
20819 14346 15711 8.729829
20287 15711 13774 10.937841
11059 17486 6376 28.782667
11061 6376 14714 9.394034
16990 14714 10734 12.876872
11920 10734 6959 7.910538
11921 6959 15427 2.579988
11060 6376 9380 13.530072
15289 9380 13295 5.614975
15179 14714 9301 13.645232
15180 9301 13132 9.308456
4381 9301 2255 15.419632
2680 2255 1295 12.230176
2681 1295 4117 13.272107
6158 14714 3263 15.550678
6157 3263 10781 9.308074
6156 3263 16950 17.770546
23002 16950 16799 17.610947
13615 16799 8140 14.785339
13613 8140 14107 10.255083
20282 14107 13769 10.963867
20283 13769 17680 9.100272
15797 14107 9782 15.367582
4812 9782 2498 14.465231
1363 13769 615 17.903843
1365 615 16022 7.409538
13614 8140 12215 21.606108
18732 12215 12498 9.68042
1364 615 8153 22.605892
13637 8153 8954 10.220435
13636 8153 16747 12.609003
6186 16747 3281 5.965009
3899 3281 1985 10.843091
3898 1985 3588 9.618712
6733 3588 15239 12.267097
760 305 304 28.937988
761 304 18126 12.553955
15649 18126 9663 8.102783
15648 9663 18125 5.60498
4515 2336 2337 28.937988
4516 2337 11766 8.406608
18224 11766 13194 11.850132
14035 11766 8450 13.307689
10564 8450 6026 9.641113
13876 8450 8333 9.778747
13720 8333 8219 12.992176
13877 8333 12131 13.349186
18106 12131 11666 15.34375
4517 2337 13394 18.34511
19573 13394 13038 12.645752
18105 11666 11665 22.845703
18104 11665 11840 5.57959
18103 11665 11706 13.778273
1286 11706 571 4.458915
944 11706 393 7.757237
945 393 14512 7.741358
8269 14512 4523 9.13196
1277 14512 566 9.486629
12060 12131 7046 23.143774
12039 7046 7034 15.235834
1849 7034 869 13.438492
2636 13394 1275 24.840023
2637 1275 13439 4.13206
834 338 10099 28.949694
17188 11197 10883 29.101946
17189 10883 10942 18.329998
17114 10942 10825 2.789795
9260 6664 5166 29.350201
15822 10745 9799 29.356308
10913 9799 6265 12.946045
15741 9739 10567 29.36688
16783 10567 11220 20.055664
14963 9358 9144 29.471466
14962 9144 9303 12.883183
14262 9303 8622 19.76475
15182 9303 10081 24.149027
16123 10081 10034 4.777471
13533 10034 8085 2.039897
13532 8085 10002 2.737653
15850 10002 9818 20.570953
15323 9818 9411 12.553955
15700 9818 9701 17.26811
15043 10034 9200 25.291988
10241 9200 5810 2.599051
10239 5810 12015 5.663877
1734 12015 814 0.711587
110 12015 40 8.534282
109 40 9100 0.753967
108 40 9055 5.021684
13531 8085 14392 25.526371
20861 14392 15186 0.881055
4106 2105 3337 29.530703
6292 3337 3862 17.129578
6034 3337 3193 17.268585
5806 3193 3062 15.794867
4981 3062 2597 16.508986
5043 3193 2638 20.305958
20711 14440 14217 29.766811
14056 8466 8752 29.766869
11913 6954 7194 29.76705
12266 7194 7193 3.045898
12057 7194 7044 4.453089
4053 17043 2073 29.809401
18747 12223 12862 29.835056
19397 12862 13050 8.261221
19589 13050 13313 11.508899
19846 13313 13683 11.567466
20191 13683 13723 15.294444
20237 13723 14011 9.764404
20236 13723 13793 15.483867
20304 13793 13824 18.330017
20337 13824 13868 19.848871
19283 12862 12748 23.226019
19090 12748 12546 7.13876
18795 12546 12261 9.76416
18403 12261 11933 11.262655
10197 6576 5780 29.93906
1383 5780 625 28.947435
1385 625 16856 17.507864
10643 16856 6078 12.431438
1384 625 17248 17.568296
13157 17248 7835 10.94875
6670 7835 3554 14.199057
6671 3554 6917 0.214152
6669 3554 7199 12.56725
12235 7835 7169 21.579029
7719 7169 4189 10.169445
19507 12975 13425 30.097027
142 1002 54 30.303871
143 54 14874 8.724384
2989 14874 1462 17.242321
2987 1462 1672 7.138708
2988 1462 1589 11.453418
3210 1589 1633 12.264169
2985 1633 1461 5.57959
2207 1461 1049 11.15918
1636 1049 758 8.506864
1190 758 520 8.337768
1427 758 650 9.554708
491 520 193 10.780429
493 193 18005 14.683105
23655 18005 17719 10.780429
23461 17719 17434 8.50682
23148 17434 17010 13.359664
22880 17010 16666 13.509761
22556 16666 16266 14.683105
3366 1672 2114 15.643198
22879 16666 17402 16.580181
22522 16266 16232 25.929644
22167 16232 15834 12.918234
16035 16266 9961 28.170681
1428 650 16888 30.280848
17110 10825 10824 30.461182
17108 10824 10823 10.661621
17106 10823 10822 15.230469
3730 10822 1894 1.20345
14942 10822 9126 1.718292
3558 1894 1781 25.085518
3557 1781 17488 3.259277
15678 17488 9686 4.416748
19267 17488 12732 12.451827
19268 12732 17014 10.088894
22767 17014 16535 17.172205
3556 1781 2330 18.314697
4504 2330 12815 6.74707
15679 9686 13211 23.705215
19347 12815 16896 25.334911
18281 16896 11814 5.95496
19904 16896 13376 24.169582
19903 13376 14132 24.368652
6309 14132 3348 13.64593
9396 13376 5250 25.339399
3659 14132 1852 26.257568
4503 2330 17277 26.273277
13061 17277 7765 2.814315
13062 7765 8985 8.098736
14753 8985 16221 8.009467
14754 8985 12769 8.443534
13063 7765 15495 12.246408
21136 15495 14675 6.032776
8840 15495 4891 8.489884
15359 17277 9434 25.705931
15358 9434 15032 8.419273
17109 10823 12323 26.850897
11468 12323 6653 6.368376
17111 10824 11768 27.939243
18189 11740 11786 30.493097
15119 9258 10127 30.567629
16246 10127 10359 22.040855
16538 10359 10529 6.35695
16539 10359 10448 15.483867
16651 10448 10621 6.35695
16335 10448 10188 7.610569
16652 10448 10496 13.778565
16706 10496 10722 7.610569
15851 10188 9819 14.423373
15852 9819 9865 6.249723
15481 9819 9535 8.906178
4494 10188 2325 21.630224
4493 2325 5610 20.524565
9940 5610 5991 11.702881
5896 5610 3116 17.324232
5897 3116 3413 8.201904
5898 3116 10542 14.737223
5791 10542 3055 18.13002
5792 3055 12593 5.700658
6766 12593 3610 15.562645
5789 3055 6103 17.187305
10678 6103 10179 9.933307
5790 3055 3272 19.562115
6173 3272 9624 19.531103
15605 9624 17019 9.157602
18975 17019 12440 8.677109
18977 12440 16414 11.387958
21506 16414 15082 2.126378
1764 16414 828 12.841473
1765 828 15183 10.044271
825 15183 335 22.084473
827 335 2776 6.123513
5287 2776 14121 7.094694
20613 14121 18240 3.207527
20612 14121 17147 7.846861
4706 2776 2438 12.910646
4383 2776 2257 19.129595
3981 2257 2033 6.974365
3980 2033 2032 15.230469
3553 2032 1779 8.506864
3982 2033 2077 18.329998
3486 2077 1741 11.158936
2984 1741 1460 10.228285
2017 1460 950 14.277705
1353 950 609 10.228285
689 609 275 10.780326
690 275 18193 10.228285
23774 18193 17930 8.506864
23560 17930 17573 11.262381
23561 17573 17675 16.98431
23368 17675 17295 11.158936
23634 17675 18065 12.645994
376 18065 142 9.882495
374 142 467 10.228285
1090 467 806 10.780326
1719 806 1048 7.610569
2205 1048 1459 11.262623
2983 1459 7844 15.155045
23635 17675 17769 15.484107
16247 10127 13076 25.117235
15910 13076 9868 0.379465
7368 9868 3977 0.658541
7367 3977 11000 1.845849
17322 11000 11228 19.562342
4705 2438 14621 26.970665
11716 14621 6817 10.654993
12051 14621 7041 23.374737
12052 7041 12556 10.274583
2874 12556 1406 5.572005
333 1406 125 9.364355
332 125 3058 8.073847
5798 3058 15512 12.680395
18710 15512 12195 6.341158
7706 7041 4182 13.328909
2873 1406 13618 24.158918
14804 13618 9021 8.554015
8825 9021 4882 13.907881
8827 4882 15969 9.191048
8828 4882 8210 10.82996
13709 8210 10715 7.204173
9789 8210 5513 9.22576
9790 5513 14089 2.007647
5170 14089 2706 6.49931
4482 5513 2321 7.052718
8826 4882 11259 14.397712
6805 11259 3635 9.177178
6804 3635 16757 11.345625
10399 14089 5923 14.4627
10325 5923 5872 10.752226
14803 9021 9309 16.08239
9727 5872 5465 16.470179
9729 5465 14280 8.864689
4483 2321 18110 17.063654
17718 18110 11329 15.43127
16336 16757 10189 20.510689
10398 5923 6574 21.548048
11354 6574 6651 9.554546
11353 6574 7196 21.560976
12201 7196 7147 9.244292
11767 7147 6847 8.906491
11463 6847 6650 7.610569
12270 7196 15258 12.989552
11540 15258 6695 13.479248
11541 6695 16454 13.681212
20242 16454 13730 3.541551
11464 6651 7310 22.83193
11986 7310 6999 10.228285
12434 7310 7453 14.332251
12637 7453 7509 7.741955
12136 7453 7102 12.058127
12137 7102 7197 9.55478
11582 7102 6725 12.058353
11583 6725 6810 8.110393
11152 6725 6440 10.228285
11153 6440 6535 9.55478
11027 6440 6351 13.988533
11026 6351 6619 9.535366
13589 11259 8125 24.630438
13590 8125 9655 10.560371
10089 8125 5706 17.264877
11580 6847 6724 24.725809
11579 6724 7048 11.508899
9728 5465 5697 26.81496
21657 15258 17243 27.881567
17674 17243 11293 13.828999
11980 11293 6996 18.011526
11979 6996 9903 4.463751
15962 9903 16978 8.663442
10652 16978 6083 10.766865
15963 9903 14398 16.572109
19673 14398 13129 11.82796
10639 14398 6076 14.736385
13612 16978 8139 18.92598
17673 11293 14982 24.346716
18531 14982 12036 10.83766
4058 12036 2075 13.805832
4057 2075 17338 12.059089
14988 17338 9162 26.2307
1163 9162 506 4.976558
14989 9162 17577 11.328156
4387 17577 2261 13.172885
1162 506 13087 14.217381
18231 13087 11770 4.847793
5446 11770 2865 8.905468
19048 13087 12508 21.714428
18229 11770 14459 25.290375
19049 12508 17821 26.261147
19754 17821 13220 23.700291
18199 13220 11746 9.787055
18198 11746 12476 7.70908
10592 13220 6043 14.61326
19656 13220 13109 22.45421
8775 17577 4847 27.77729
21507 15082 17826 28.464493
5444 2865 14137 28.902653
7962 14137 4329 13.802539
7960 4329 5882 12.219588
10340 5882 10121 13.145156
16235 10121 12771 6.887927
8489 12771 4662 9.364143
5239 10121 2746 14.734305
5238 2746 8361 5.69783
13916 8361 12648 4.779147
18424 12648 11948 1.381156
7062 12648 3789 7.257817
7063 3789 14341 8.595983
20127 14341 13613 4.527461
10056 13613 5685 7.680305
16902 14341 10661 7.82566
7326 10661 3953 2.488273
16901 10661 16842 3.318869
7325 3953 16922 5.146135
11989 10661 7000 9.392256
11987 7000 17209 9.328147
7061 3789 5958 9.528906
10464 5958 14348 7.665295
17552 14348 11196 6.228089
5237 2746 12795 12.01417
17439 11196 11100 16.037842
17440 11100 13144 3.236518
11408 11100 6608 4.065294
11248 6608 6504 14.049894
11249 6504 15897 6.727776
11247 6504 16550 7.504916
9451 16550 5286 3.066239
18307 16550 11839 5.806749
9450 5286 13197 6.767857
9452 5286 11526 8.002946
11110 14348 6410 16.258718
11111 6410 15429 8.222782
3522 6410 1762 8.746373
3523 1762 15027 5.957755
18205 15027 11753 6.948546
13312 15027 7936 13.836619
3787 7936 1929 1.383658
10882 7936 6244 3.684102
10883 6244 17767 3.44931
13618 17767 8142 3.469823
13619 8142 8628 10.6718
9355 8628 5222 6.181291
9354 5222 13679 6.48268
14266 8628 11701 6.867737
9352 5222 11109 11.189935
17452 11109 16317 3.711658
17453 11109 15246 4.660277
14256 16317 8616 7.765205
6011 16317 3179 10.391456
6009 3179 17558 1.938415
23496 17558 17478 4.550438
6010 3179 5257 9.841977
18149 11701 14190 16.729452
7914 14190 4300 10.13081
7915 4300 13251 0.411414
7912 4300 4374 1.457443
8033 4374 16056 0.16685
21797 15429 17225 16.77268
2892 14137 1413 17.097803
2891 1413 6942 13.059709
7913 4300 10835 17.168047
10339 5882 9887 18.866253
15941 9887 11221 12.875371
15722 11221 9719 12.387886
9665 11221 5430 13.152067
15940 9887 18183 13.698235
17130 10835 12616 19.676546
4359 12616 2243 9.178474
13834 14190 8299 20.858675
9178 8142 5112 24.948162
11109 6410 7788 26.170847
10535 12616 6005 27.051302
10536 6005 12487 7.799342
9413 12487 5264 5.266067
5390 15897 2834 29.195478
22448 17295 16155 29.329668
10640 6076 17198 29.390886
23159 17198 17024 16.15131
22536 17024 16244 9.336337
21263 16244 14817 5.432868
19203 16244 12673 6.045749
19204 12673 13970 5.432868
22186 17024 15855 11.147699
17597 11228 11408 29.471226
17813 11408 11542 4.453173
6739 11542 3592 5.041097
6740 3592 16319 7.349047
7202 16319 3878 10.995543
2377 3878 1139 10.320174
17814 11408 11502 13.988533
17921 11502 16269 8.693841
17920 11502 11739 16.751608
8088 11739 4405 9.447941
9134 11739 5085 9.692209
9135 5085 12115 6.868652
17918 11739 11501 15.379787
17655 11501 11277 11.495914
5260 16319 2756 18.481926
4720 3878 2445 19.548895
4719 2445 10688 14.38329
5420 10688 2849 8.555917
16937 10688 12767 9.766353
19304 12767 13066 9.868466
11822 12767 6883 14.478319
11821 6883 12647 5.758851
5626 13066 2961 16.525747
5627 2961 11729 6.074963
18610 12115 12693 19.764469
19226 12693 12811 14.332322
19345 12811 12977 7.211652
19068 12811 12526 16.829727
18947 12526 12404 8.689427
18802 12526 12268 12.391665
18713 12268 12197 4.13061
8438 12268 4627 13.383818
7785 4627 4223 15.433478
7786 4223 5539 10.993949
7787 4223 11871 12.75284
18188 11871 11738 10.050945
8437 4627 5018 18.881113
8884 5018 4920 5.353462
8885 4920 17460 17.487
19682 17460 13140 2.511603
16796 17460 10582 15.64386
9707 10582 5455 12.265818
9708 5455 11598 9.059707
7652 5455 4150 11.541563
19225 12693 13148 22.708788
19690 13148 13332 11.495766
19718 13332 13185 8.261221
19689 13148 13333 11.495766
19865 13333 13468 14.332088
19990 13468 13653 5.783465
19989 13468 13611 11.453191
16176 13611 10072 9.103845
16174 10072 13836 2.211734
8298 13836 4543 6.899486
8299 4543 14306 12.059258
20787 14306 14686 11.262623
21146 14686 17179 4.51156
19566 13333 13026 14.423339
13894 13026 8347 9.726716
6719 8347 3579 0.209949
6718 3579 8874 0.563136
1047 3579 446 0.790082
1048 446 15404 0.095377
19719 15404 13186 1.377102
19410 13026 12878 11.44843
2123 17179 1006 17.497623
2124 1006 2868 10.020412
5453 2868 6864 8.67027
5452 2868 5613 12.292171
1639 4543 760 17.923256
20349 13836 14119 24.330635
18948 13026 12405 26.793455
7363 18240 3975 29.49757
7364 3975 7232 9.809397
7362 3975 3976 21.322754
19178 12647 13469 29.852482
11528 13469 6688 11.799789
19991 13469 14218 25.412832
20712 14218 16397 3.282378
21093 16397 14631 12.889281
21092 14631 15300 22.249382
21691 15300 15374 9.554708
15400 15300 9469 18.526215
9120 9469 5076 5.252836
15399 9469 15064 14.218409
21418 15064 14987 18.488306
21417 14987 15152 5.783765
21577 15152 15199 7.741955
20942 14631 14483 26.228056
7601 4117 18003 30.696928
17928 18003 11512 12.550393
13086 11512 7782 14.669268
13087 7782 15506 9.172611
15911 15506 9869 10.993956
5944 11512 3139 18.175089
2131 3139 1010 11.107566
2132 1010 8837 11.847224
5943 3139 4868 11.861214
8803 4868 12583 22.078661
9346 12583 5217 6.634733
14618 12583 8879 19.769497
14614 8879 8875 3.050743
7849 8875 4263 8.046507
14540 8875 8816 13.827201
14201 8816 8576 6.179199
14539 8816 17199 13.520624
1926 17199 905 21.835697
1925 905 2511 11.941251
4834 2511 6645 7.689948
10387 6645 5913 6.853141
10388 5913 12380 8.550969
13266 12380 7906 3.743852
11456 6645 11045 12.799686
2840 5913 1389 12.800787
2842 1389 17648 9.966977
6668 12380 3553 16.308498
6364 3553 3379 4.895996
6667 3553 17532 16.978647
3407 17532 1695 8.129665
16904 17532 10663 14.422482
16726 10663 10516 4.784424
6354 10663 3374 14.417957
6355 3374 6266 5.397899
6353 3374 3666 8.522705
6862 3666 17754 12.778564
6860 3666 3769 14.426908
7026 3769 12662 8.990892
8174 12662 4460 11.10176
14574 8837 13260 22.917992
19792 13260 17542 14.910503
11638 17542 6765 6.943672
9174 17542 5108 7.082294
9617 6765 5398 11.139455
3994 5398 2040 6.312417
3993 2040 4690 8.374427
1673 13260 777 15.852586
1674 777 7858 14.408203
13192 7858 10927 8.046479
13193 7858 18201 20.456053
5115 7782 2676 26.144417
196 2676 75 14.637045
197 75 7104 15.142766
915 17754 375 28.465775
494 375 194 12.353272
7584 8299 4103 30.89616
5720 3015 3187 30.967733
6023 3187 11663 10.40313
12036 11663 7031 24.820887
721 665 289 31.015524
720 289 666 12.058446
31 289 11 27.211079
29 11 18078 22.040682
13746 18078 8240 29.385189
13747 8240 17852 3.350808
23643 17852 17688 23.517658
8850 4898 7631 31.03233
12879 7631 7801 5.783765
13112 7801 8011 5.57959
13428 8011 8290 8.906262
13823 8290 8544 7.138946
14157 8544 8860 8.506623
14602 8860 9091 8.337972
13824 8290 8330 13.778323
12990 7801 7705 13.988484
14885 9091 9608 14.678076
15584 9608 9742 4.18457
15744 9742 10124 13.35981
16242 10124 10245 15.484063
16403 10245 10298 12.264169
16468 10298 10353 12.263927
1942 10353 915 12.06492
16530 10353 10440 15.484063
16119 10440 10032 11.566996
15784 10032 9773 8.906721
15253 9773 9352 12.917997
16642 10440 10853 12.918471
17153 10853 10996 4.453089
17317 10996 11273 8.906262
17650 11273 11496 7.610792
17912 11496 11778 8.369141
18239 11778 12072 10.780429
18570 12072 12238 5.57959
15254 9352 9452 13.988484
15379 9452 9451 13.70752
17231 10996 10913 13.988723
17152 10913 10852 13.778323
17151 10852 11127 8.906262
17020 10852 10756 12.499923
17019 10756 11032 8.906721
14603 9352 8861 14.277945
15176 9352 9297 15.294466
16895 10756 10657 15.483823
16894 10657 10955 8.906262
17154 10853 10956 15.484063
14649 9451 8903 16.009668
14485 8860 8774 16.98431
15745 9742 17968 17.066399
15901 17968 9860 12.172892
13741 8861 8236 17.812525
13494 8236 8057 5.783701
14886 9091 9252 18.749775
15111 9252 9527 9.535697
17591 11273 11224 19.848854
17593 11224 16438 7.17423
17592 11224 11225 13.70752
16736 16438 10525 18.705507
16735 10525 10569 4.777309
16785 10569 10613 9.244219
16470 10613 10300 10.228285
16469 10300 10299 9.138428
16029 10300 9954 9.76416
15964 9954 9904 6.249961
15585 9954 9609 12.058353
14887 9609 9092 14.678076
14338 9092 8679 13.359351
13954 8679 8391 7.610792
13872 8391 8331 9.244292
16832 10613 10716 23.015682
16971 10716 10805 9.554708
17087 10805 10841 7.702733
17138 10841 10855 0.237305
17155 10855 10854 1.523193
16896 10841 10658 5.342285
16701 10658 10490 7.211687
1508 10490 688 21.786268
1509 688 3869 12.886117
7190 3869 9094 23.011423
14538 9094 8814 10.351737
14890 9094 9253 11.453418
7699 9253 4177 8.849416
7700 4177 7452 4.910402
12612 7452 7431 1.652996
15113 9253 9529 8.906721
15473 9529 9528 4.569336
15474 9529 9905 11.566996
15965 9905 9955 2.065478
15966 9905 9999 12.499685
14626 9999 8886 6.029023
15906 9955 9863 12.499814
15905 9863 15853 2.354056
16080 9999 10078 13.988723
16183 10078 12030 8.593334
16182 10078 10186 15.483911
4609 10186 2386 7.810483
16332 10186 10246 15.294421
16405 10246 10354 8.110248
16531 10354 10615 8.506579
16532 10354 10355 9.138428
6272 10355 3325 1.684595
6271 3325 8343 0.327422
6274 3325 10125 4.672355
6273 3325 8983 7.366007
16404 10246 10614 11.567466
16833 10614 10957 10.228285
17275 10957 16942 1.041142
17717 16942 11328 10.526324
14891 9094 12092 17.819553
16031 9955 10570 18.70056
16787 10570 10616 9.244219
16834 10616 10659 12.263927
16898 10659 10804 4.18457
16644 10659 10442 8.338106
17083 10804 11128 10.228285
16786 10570 11033 14.678076
17365 11033 11498 14.677999
10685 11498 6107 11.426085
10684 6107 11911 1.492388
4543 11911 2351 4.220059
4542 2351 12368 11.789072
15475 10246 9530 21.791779
16533 10355 11086 22.780781
17367 11086 11034 10.752193
17426 11086 11226 21.729818
17594 11226 11536 9.882254
16243 10125 10301 23.226019
15907 10301 9864 12.917997
13481 11496 8050 23.69269
13480 8050 17917 10.74279
18240 11778 11910 24.725651
18384 11910 11954 15.294421
18430 11954 12239 10.228285
18766 12239 12435 6.974609
18767 12239 12322 11.020403
18431 11954 12029 13.988582
17913 11954 11497 14.677999
17811 11497 11405 3.178319
17862 11497 11449 9.244051
17914 11497 11590 19.995588
17517 11590 11164 12.645752
18012 11590 11695 18.488344
17651 11695 11274 12.918471
17425 11274 11085 6.35695
17648 11273 11271 27.415283
17647 11271 11272 12.18457
13327 8814 7947 28.18331
12337 7947 7247 21.791779
12099 7247 7074 5.783701
12294 7247 7216 7.742196
12290 7216 7213 4.569092
12288 7213 16698 4.785013
12289 7213 7382 5.783701
12027 7216 7024 5.783765
2976 16698 1455 6.201898
2975 1455 15280 2.934928
12338 7247 7331 8.11008
2974 1455 7073 12.494151
12463 7331 7424 13.988484
6694 7382 3565 13.99487
6692 3565 8099 9.109375
11443 7074 6636 15.221584
11318 7024 6550 17.129578
10858 6550 6229 10.228285
10359 6229 5895 10.228285
10360 5895 5949 10.752257
10450 5949 5990 7.742108
10512 5990 6328 10.780429
10988 6328 6423 6.700766
11129 6423 6743 11.567466
9813 5895 5529 12.7139
9283 5529 5180 12.058353
8726 5180 4818 12.058446
8162 4818 4454 10.780326
8163 4454 4546 9.554852
8301 4546 4595 7.741955
7471 4454 4042 12.057994
7741 4595 4201 12.7139
7114 4201 3824 12.058446
6565 3824 3500 10.780326
5868 3500 3103 12.058446
5813 3103 3067 7.742196
5644 3067 2971 11.020279
5320 3103 2798 11.50877
5054 2971 2645 12.058353
4526 2645 2343 10.780429
4023 2343 2058 11.508899
4767 2798 2473 12.058446
4255 2473 2182 10.228285
4257 2182 2624 6.366263
5643 2971 3344 12.058446
6304 3344 3633 9.535151
4256 2182 2306 15.795102
4457 2306 2384 12.499685
4604 2384 2692 10.780326
5141 2692 2972 10.228285
5645 2972 3345 12.7139
6305 3345 3687 10.228285
6894 3687 4043 12.058353
7472 4043 4455 12.057994
8164 4455 4819 11.508899
4605 2384 2520 15.795102
4021 2520 2057 18.684101
3457 2057 1726 18.881062
3245 1726 1610 10.050945
2647 1610 1279 16.829584
2148 1279 1022 7.610694
1955 1022 921 11.020279
1956 921 8151 8.088411
1575 921 726 9.440531
1239 921 542 14.423528
733 542 294 6.974609
10513 5990 6181 19.109325
1574 726 1393 19.66754
2645 1393 1278 13.988484
2644 1278 1435 4.453089
2364 1278 1132 4.453173
12596 7424 7586 20.237267
734 294 14696 20.957924
20827 14696 14358 13.205222
11827 7073 6886 22.040918
11826 6886 7281 13.359351
12287 7281 7212 12.499814
11609 6886 6742 17.268347
11176 6742 6454 10.228285
10729 6454 6137 11.509314
10730 6137 6180 4.777309
10165 6137 5758 12.057901
9663 5758 5429 10.228285
9592 5429 5380 7.741955
9482 5380 5305 11.020639
9407 5305 5260 10.752193
9367 5260 5229 7.741955
9366 5229 5482 9.535269
9753 5482 5852 12.058353
10293 5852 6179 10.780326
10792 6179 6507 10.780429
11175 6507 6453 7.741868
11253 6507 6589 9.554852
11376 6589 6635 10.752193
8847 5260 4895 12.058446
8160 4895 4453 12.918471
8161 4453 4504 9.244051
8245 4504 4545 3.350383
8244 4504 4771 7.138946
8300 4545 4649 11.020515
8468 4649 4985 10.780429
7470 4453 4041 11.566931
6959 4041 3728 12.383209
6960 3728 3823 8.110248
7111 3823 3822 3.046143
7112 3822 3912 12.499814
7256 3912 4247 10.780326
6649 3912 3545 12.057901
5960 3545 3151 11.567466
5811 3151 3066 11.020403
5744 3066 3029 9.244219
5743 3029 3343 10.780326
5318 3151 2797 11.567466
11174 6453 6885 15.221137
11825 6885 7280 13.359434
5443 7280 2864 10.916212
5442 2864 7706 3.038031
4600 2797 2382 15.892101
4400 2382 2270 7.390979
4017 2270 2055 8.337972
3454 2055 1725 12.7139
3027 1725 1483 8.506623
2362 1483 1131 12.382674
1883 1131 885 15.379898
976 885 410 15.892101
2363 1131 1337 16.220556
2751 1337 1392 13.778273
10793 6179 6326 18.749537
1573 885 725 18.749775
1572 725 1021 9.535151
2146 1021 1336 8.906721
2749 1336 1680 12.057994
3379 1680 1958 10.780768
3851 1958 2231 8.906262
4341 2231 2428 7.610345
1953 1021 920 12.499814
4685 2428 2796 13.95435
5316 2796 3102 10.780326
5866 3102 3499 12.7139
1310 725 584 14.332017
1309 584 585 4.569092
625 585 243 11.50877
1055 585 450 14.332251
136 450 51 12.058446
731 450 293 15.794995
135 293 50 8.337564
510 293 200 12.499814
509 200 583 12.058446
1307 583 724 4.18457
1571 724 834 3.178202
1777 834 1277 13.359894
2642 1277 1566 10.351593
3168 1566 1797 8.906721
3577 1797 2054 8.506623
4015 2054 2269 8.337972
4398 2269 2644 13.95391
5052 2644 3028 13.95435
5741 3028 3403 12.057901
6405 3403 3780 12.058446
7043 3780 4158 12.7139
7666 4158 4503 10.228285
8242 4503 4893 12.058353
8843 4893 5259 12.058446
9405 5259 5576 10.780326
9891 5576 5893 10.780326
10355 5893 6227 10.780429
10854 6227 6549 10.780326
11317 6549 6941 13.359434
11899 6941 7113 5.783701
10356 5893 8439 16.111948
11900 6941 6975 18.330017
1298 6975 579 3.918644
1297 579 7215 4.419328
11373 6975 6588 13.359351
10925 6588 6277 10.780429
511 200 17895 18.389399
20628 17895 14135 12.602969
2770 14135 1348 14.50197
9754 5482 5627 18.749775
10294 5852 5989 18.749775
138 1348 52 20.280199
1476 1392 673 20.45657
12390 7281 7946 20.960697
13326 7946 11309 9.44485
13183 7946 7851 13.988484
13182 7851 7850 6.092285
8243 4503 4699 22.040918
1311 1337 586 22.83193
15407 14696 9475 22.907892
10616 9475 6061 10.514917
10617 6061 7824 13.032945
15408 9475 11252 20.525446
17629 11252 15616 11.329305
1894 11252 891 11.943817
4495 15616 2326 19.393787
4496 2326 17398 8.518223
842 17398 342 15.039515
843 342 13170 5.102509
1896 891 6693 19.541016
2373 6693 1137 12.927767
2375 1137 10373 15.383605
1068 6693 458 15.385284
3601 2326 1811 21.699879
3602 1811 12369 6.886925
3603 1811 12635 17.095428
10794 6180 6327 23.226019
10581 6327 6037 10.351737
10029 6037 5667 12.058446
977 1131 411 23.482996
8548 4699 4894 23.517422
8845 4894 5179 9.535151
9281 5179 5577 13.359894
9893 5577 5894 10.780326
10357 5894 6228 10.780429
8846 4894 4945 13.778323
8376 4945 4594 10.780429
7739 4594 4200 12.7139
10855 6228 6668 15.892101
11495 6668 7072 13.95435
12096 7072 7330 8.906262
12460 7330 7477 4.453089
12285 7330 7211 18.749775
12461 7330 7478 21.729723
4016 2054 2230 24.999737
4339 2230 2566 12.058446
4931 2566 2880 12.057901
5471 2880 3197 11.509314
4851 2520 2693 24.999737
5143 2693 2722 10.752257
4994 2722 2606 4.453548
5194 2722 3031 10.228285
5747 3031 3290 9.535151
6203 3290 3346 2.065478
6307 3346 3729 12.057901
6961 3729 3866 4.453631
7186 3866 4044 6.35695
7474 4044 4456 12.057901
8166 4456 4856 12.058446
8788 4856 5230 11.567466
9368 5230 5578 12.058353
9895 5578 12099 2.963403
10453 12099 5950 9.695322
10451 5950 6278 10.780429
10926 6278 6591 10.780326
4291 6591 2205 22.695274
4292 2205 12463 5.914459
19004 12463 16457 7.35891
4293 2205 4785 10.268762
2726 16457 1324 19.269005
2725 1324 6190 19.510818
17479 12635 11131 25.560555
17480 11131 12978 18.59997
2374 1137 12606 25.878496
8974 12606 4983 12.223773
8975 4983 13806 2.364133
19142 12606 14246 12.902452
6182 14246 3279 8.551216
15824 14246 9800 19.075863
15825 9800 12922 10.467677
15823 9800 11157 14.347855
17507 11157 11752 11.595903
18914 12369 17757 26.320345
19073 17757 12531 10.247705
17793 17757 11391 12.56269
17792 11391 16001 10.449873
11363 16001 6582 11.895214
15669 11391 9678 17.900887
11054 6549 6372 26.486452
10509 6372 5988 11.567466
10027 5988 5666 10.228285
9528 5666 5336 11.508899
9157 5336 5097 9.535151
11053 6372 6711 12.7139
11558 6711 6940 7.138521
8466 5097 4648 13.35981
7899 4648 4292 10.780429
7257 3912 4101 27.977066
7045 4101 3781 11.508899
6407 3781 3404 12.058446
5745 3404 3030 11.566996
5139 3030 2691 12.058353
4602 2691 2383 10.780429
4019 2383 2056 11.567402
3578 2056 1798 9.535269
3309 1798 1643 6.35695
11130 6423 6590 27.977304
11378 6590 17801 16.209284
6560 17801 3496 14.120496
3567 3496 1788 19.078934
14159 9452 8545 28.605999
11379 6591 6835 28.664034
11749 6835 7114 9.535151
12151 7114 7282 5.783765
12391 7282 7479 6.35695
12667 7479 7633 4.453089
12599 7479 7425 9.244051
11750 6835 6888 12.264169
11610 6888 6744 5.175869
11830 6888 7026 11.453191
12598 7425 7853 13.359894
11177 6744 6455 13.373469
10660 6455 6089 13.509963
12392 7282 7480 14.799818
12668 7480 7854 12.058446
12669 7480 7634 15.794867
12394 7634 7284 10.228285
12883 7634 8155 17.129578
13640 8155 8393 7.610792
13874 8393 8332 6.249961
13875 8332 17810 5.857364
15779 17810 9768 0.253695
15778 9768 18207 5.284019
14810 18207 9026 1.118354
13825 18207 8291 5.178133
14811 9026 13763 8.971786
13696 13763 8197 2.732492
13639 8197 8154 6.249961
13958 8393 8441 13.778323
14026 8441 15569 7.638761
13957 15569 8392 6.13981
13956 8392 15373 1.610931
13755 15373 8246 10.242544
12692 8246 7499 7.530064
13756 8246 17145 8.245644
13556 17145 8100 0.735854
23261 17145 17240 1.039824
13638 8154 8680 15.221584
14340 8680 9014 10.780326
14794 9014 9298 8.906262
15177 9298 9354 7.741955
13555 8100 8101 15.230469
9579 13763 5371 16.366991
14075 8680 8488 17.268467
12743 17145 7540 17.653769
14090 9026 8500 18.190252
9814 6089 5530 18.389723
9080 5530 5050 16.508896
8549 5050 4700 10.780429
7980 4700 4340 10.780326
14604 9014 8862 18.749884
12691 7499 15954 18.813028
1244 15954 546 14.590631
7978 4340 4339 25.89209
7979 4339 4396 13.778565
7188 4339 3867 14.277467
8074 4396 4946 15.643198
8927 4946 5261 11.508899
9408 5261 5719 15.892218
10109 5719 6088 13.509963
10658 6088 6508 13.95391
11254 6508 6887 14.683314
11828 6887 7217 11.508899
12296 7217 8177 8.511329
4465 8177 2311 14.535792
6738 3867 3591 17.37866
6041 3591 3198 12.057994
12295 7217 7383 19.109325
12539 7383 7481 16.98455
12670 7481 7482 3.046143
12671 7482 7588 9.554618
12809 7588 7674 8.110309
12393 7588 7283 9.535697
12028 7481 7025 14.031624
11382 7025 6593 14.031651
11380 6593 6592 12.184326
11381 6592 6976 16.470148
11946 6976 7332 15.433478
12152 7332 7115 15.379898
12464 7332 7898 22.630974
13254 7898 8440 15.34375
10928 6592 6279 23.452272
10731 6279 6138 14.33216
10167 6279 5759 15.643198
10929 6279 6373 16.98431
11056 6373 6551 16.220556
6803 4396 3634 24.1168
14793 9298 9013 28.664268
9303 9013 5193 6.489295
9304 5193 8196 16.278431
13184 8196 7852 11.508899
12803 7852 7585 8.506579
12742 7585 7539 3.350383
8856 7539 4902 0.742969
12804 7585 7632 4.7774
12291 7632 7214 13.359351
14721 9013 8956 18.329773
14650 8956 8904 6.249961
8159 4648 4452 29.471226
7468 4452 4040 11.566996
6957 4040 3727 11.509314
6301 3727 3342 12.057994
5641 3342 2970 12.058353
8158 4452 4855 12.058353
8725 4855 4817 4.777309
8724 4817 5139 10.780429
9216 5139 5428 10.228751
9661 5428 5757 10.780326
10163 5757 6087 10.780429
10657 6087 6178 4.130445
10790 6178 6506 10.780326
11251 6506 6741 8.906721
5050 2970 2643 12.058446
4455 2643 2305 12.713782
3630 2305 1833 16.009668
2928 1833 1434 15.892101
2360 1434 1130 8.906262
1569 1130 723 12.7139
1053 723 449 8.906262
290 449 109 10.228285
289 109 18081 10.352132
14680 9789 8926 31.055605
14114 8926 8517 12.057809
424 8517 163 5.137833
10249 8517 5816 6.513628
423 163 10923 9.251595
14359 10923 8693 7.340538
10248 5816 16014 9.485058
14679 8926 9029 12.499923
14384 9029 8708 2.245353
14383 8708 12205 3.97973
14814 9029 9222 6.357067
15282 12205 9375 10.100492
8950 15062 4961 31.177826
20397 14118 13890 31.249405
20713 14218 14441 31.249405
9517 5573 5330 31.249588
9073 5330 5045 10.780429
8541 5045 4693 10.780429
7971 4693 4335 10.780664
7821 4335 4245 15.483823
7578 4245 4099 14.332017
7108 4099 3819 8.906178
6558 3819 3495 10.780871
7577 4099 4449 11.508899
8152 4449 4813 10.780429
8716 4813 5414 9.542531
5861 3495 3098 12.057994
5400 3098 2839 8.906637
4925 2839 2563 11.508899
4445 2563 2299 8.906345
3847 2299 1956 12.058261
3376 1956 1678 11.508899
3166 1678 1564 4.453256
4446 2299 2378 15.483823
5401 2839 2913 15.484391
6559 3495 3586 15.484391
6731 3586 3725 15.794867
6954 3725 3818 15.483911
7107 3818 3949 14.332017
5536 2913 3064 17.26811
5809 3064 3194 14.332017
6036 3194 3288 15.484391
6198 3288 3398 11.020042
6399 3398 3543 15.795337
6645 3543 3629 13.988582
6796 3629 3776 15.794867
7036 3776 3864 15.484303
7183 3864 3991 14.332017
7392 3991 4154 14.33216
7659 4154 4244 16.98455
7820 4244 4394 14.332017
8071 4394 4498 16.98415
8236 4498 4645 14.332017
8464 4645 4770 13.988484
8658 4770 4890 4.453256
8458 4770 4642 5.353543
4594 2378 2518 17.268703
4247 2518 2179 12.058261
3711 2179 1883 10.780429
4848 2518 2600 13.988484
4985 2600 2689 13.988484
4592 2689 2377 11.508899
4088 2377 2093 10.780429
3773 2093 1920 5.783701
7972 4335 4499 17.268703
8237 4499 4590 13.988484
6794 4244 3628 19.129208
6113 3864 3238 19.667444
7181 4498 3863 19.667896
5309 3398 2791 20.305958
5731 3629 3022 20.306173
4924 3022 2562 16.508986
5952 3776 3147 20.306395
5135 3147 2688 16.508986
5466 3543 2876 20.960608
4764 2876 2470 15.892101
6294 3991 3338 20.960608
6952 4394 3724 20.960608
7316 4645 3948 21.560858
6557 4154 3494 21.561094
5537 3098 2914 24.999737
4922 3338 2561 27.277781
4760 2561 2468 3.178202
4761 2468 14755 7.252704
4763 2561 2469 12.499814
3933 14755 2003 13.322205
3935 2003 14384 1.132028
4923 2561 2687 15.794867
5134 2687 2720 10.7525
5044 2720 2639 3.178202
5191 2720 2758 3.350161
5264 2758 2875 17.268585
5465 2875 3021 15.794867
5730 3021 3097 16.984631
5807 3097 3063 2.065298
5860 3097 3146 7.741868
4163 2639 2132 17.812983
4982 3063 2598 19.593224
4983 2598 2599 4.569336
16886 14384 10652 22.967611
2535 10652 1224 1.736861
2533 1224 1431 23.517185
2923 1431 1520 8.110538
4164 2132 2341 28.288328
3846 2791 1955 30.442722
17364 11268 11030 31.249588
17363 11030 11363 10.780429
17760 11363 11444 3.178202
17855 11444 11643 6.356833
18078 11643 11775 4.453256
18236 11775 12109 11.567402
18605 12109 12186 3.178631
18081 11775 11644 23.225779
18080 11644 11951 11.508899
17645 11644 11269 12.058261
17227 11269 10911 12.057994
8616 4961 4744 31.249699
8274 4744 4526 27.977016
8208 4526 4481 10.752015
8011 4481 4360 13.989011
7774 4360 4218 15.794867
7529 4218 4074 15.794867
7530 4074 13533 2.51109
6842 13533 3656 10.883362
7358 4074 3972 16.984591
6995 3972 3751 7.610666
7163 3972 3851 17.268644
6709 3851 3573 8.369141
8010 4360 5011 19.667671
9025 5011 5162 14.332088
8871 5011 4911 16.98411
8761 4911 4840 15.484347
8509 4840 4674 15.794867
8411 4674 4612 7.741911
8870 4911 5600 22.266239
9926 5600 5691 15.484347
10067 5691 5827 14.332017
10265 5827 5916 11.020577
6335 5916 3362 4.880919
9787 5600 5511 16.98411
9624 5511 5402 15.484347
9506 5402 5323 8.110164
6334 3362 6113 23.096148
6551 3489 3904 31.543665
7242 3904 3905 6.092285
7243 3905 4237 10.228357
7811 4237 4637 13.509963
8450 4637 4979 13.373302
8971 4979 5298 12.382674
8779 4979 4850 14.332017
8451 4850 4638 16.220785
1423 4638 648 4.615436
8056 4638 4385 8.338106
8057 4385 15313 17.672934
8291 15313 4538 9.76466
21664 15313 15271 10.751952
21665 15271 15314 10.752437
21699 15314 15388 2.790039
21347 15271 14907 11.262623
9470 5298 5788 17.859058
21666 15314 15272 18.329979
21667 15272 15389 4.18457
21668 15272 15433 10.706924
7244 3905 3906 19.799805
10017 5788 5660 20.237167
9576 5660 5369 13.554065
16327 10182 10489 31.590204
16698 10489 18098 9.376554
12586 18098 7418 1.009704
10996 18098 6333 3.373446
6088 7418 3225 3.841493
10995 6333 14387 5.148711
16699 10489 15861 15.303877
14168 10489 8552 31.55851
17300 11574 10981 31.610394
19409 13774 12877 31.725817
16334 10187 13910 32.021603
20415 13910 16242 11.885854
22535 16242 17393 11.628857
10066 16242 5690 12.340335
20416 13910 15406 24.064758
11159 15406 6444 13.14188
15480 9534 10528 32.34108
8407 4610 4835 32.4674
8753 4835 4877 10.752257
19962 13439 17927 32.527145
14548 17927 8820 7.250923
14547 8820 11885 13.315263
18352 11885 11884 19.799805
12487 8820 7349 27.660553
15360 9434 17146 32.571777
19289 17146 12753 7.68028
23262 17146 17594 12.972412
18442 17594 11964 24.633633
18443 11964 13008 13.740479
137 52 7011 32.669117
11144 7011 6434 17.554182
11145 6434 16864 14.658304
15663 16864 9673 9.11467
371 8050 140 32.852684
370 140 559 12.645781
1265 559 750 5.783701
12597 7424 8546 32.973927
10475 8546 5966 10.478438
4523 2597 2340 33.061195
4522 2340 2790 17.129578
5190 2790 2719 13.988582
3165 2340 1563 28.567034
6293 3337 3627 33.061321
6793 3627 3775 17.26811
7166 13193 3853 33.559494
9060 5040 6033 33.609802
10575 6033 6168 17.26811
10775 6168 6320 17.268585
10979 6320 6448 17.26811
10346 6033 5886 18.749775
21576 15152 16159 33.609802
22398 16159 16097 7.741911
22450 16159 16519 11.567466
22755 16519 16867 11.567231
23051 16867 17069 7.610792
624 242 17405 33.615597
23275 17405 17162 8.338106
23053 17162 16868 10.228285
22784 16868 16562 10.780326
22785 16562 16642 12.499868
23443 17405 17503 13.988772
9309 5196 7408 33.632587
17261 10944 11924 33.863625
22061 15975 15733 34.225945
8463 4645 5715 34.317932
10103 5715 5849 11.453597
5017 3656 2623 34.31839
4487 2623 2323 10.228357
4121 2323 2111 7.138708
4122 2111 12876 12.06419
19065 12876 12523 13.954129
10945 12523 6291 14.863129
5018 2623 2708 15.484347
4737 2708 2455 9.535249
4738 2455 13515 4.79195
19862 13515 13330 5.57959
20032 13515 13652 18.749775
19947 13652 13422 8.337901
20160 13652 13981 11.567402
20482 13981 14031 4.777004
20529 14031 14117 12.499868
3471 13422 1732 18.490871
6760 13981 3606 23.586613
2731 2334 1326 34.332745
2732 1326 3555 13.095163
4987 2839 2601 34.536694
4986 2601 17015 8.714391
6038 17015 3195 12.246217
4672 2601 2421 23.517185
4165 2421 2133 10.780223
3625 2133 1830 10.780429
3242 1830 1609 9.535269
2456 1609 1178 13.359726
1561 1178 717 13.95391
4671 2421 3023 20.960785
5732 3023 3982 19.673761
7376 3982 4317 10.780429
5739 4877 3026 34.661442
5737 3026 6012 2.40043
3948 2010 6734 34.749538
19169 12635 17437 34.768642
16047 17437 9970 8.386152
11199 9970 6471 22.11553
7354 6471 3970 11.182484
14786 9008 10338 35.122566
16514 10338 11023 20.978693
17354 11023 11024 19.799805
16880 11024 10649 11.262623
17355 11023 11204 20.570953
16681 10649 10474 29.471466
16382 10474 10229 7.610443
16680 10474 11067 19.667896
17408 11067 11718 21.560652
18170 11718 12141 15.221137
17056 11067 10783 22.906561
17055 10783 11120 11.508899
17267 11120 10948 26.486349
17057 10948 10784 8.689448
16765 10784 10551 7.138469
16764 10551 10552 7.615234
16449 10551 10282 8.906637
17266 10948 11313 12.057994
17694 11313 11816 16.508986
18126 11816 11680 15.794867
17565 11313 11205 16.98407
18282 11816 12352 20.306173
18648 12141 12952 30.442722
19486 12952 13637 24.733732
19487 12952 13206 34.536694
19736 13206 13871 24.116707
18963 13206 12424 29.837919
20381 13871 14160 33.061195
20660 14160 14293 17.26811
20773 14293 14379 9.554942
20850 14379 14380 4.568848
20852 14380 14420 7.742436
20736 14420 14247 5.78383
20889 14420 14612 22.040682
18390 14612 11918 8.838796
18388 11918 14476 6.414821
18389 11918 14753 8.429792
20658 14476 14159 9.882216
18391 11918 15049 10.393088
20657 14159 17351 11.521762
16116 17351 10028 16.151783
21480 15049 15726 21.143396
22053 15726 16052 10.228824
22359 16052 16552 15.34375
22778 16552 16756 7.138469
21206 14753 14971 22.041155
21203 14971 14752 8.261221
15293 14971 9384 11.814198
21204 14752 15091 13.373302
20888 14752 14419 15.614179
15294 9384 15928 20.526884
19979 14160 13456 24.733963
22358 16052 16672 24.765348
22885 16672 17049 15.527749
23185 17049 17191 8.689213
23297 17191 17628 12.554199
23597 17628 17839 7.61089
23699 17839 17771 9.554618
101 17839 37 15.221137
100 37 383 10.228357
928 383 651 8.906178
23184 17049 17440 15.43331
23467 17440 17729 8.906345
23668 17729 17973 10.352132
23798 17973 18106 10.050723
23846 18106 18197 13.988484
104 18197 38 6.700766
1025 17973 434 22.832027
23465 17771 17439 26.252502
23407 17439 17343 5.353543
23406 17343 17530 6.356404
23221 17343 17094 18.147238
22960 17094 16755 16.522081
23042 17094 16851 17.378855
22751 16851 16508 26.802654
21316 16508 14872 2.981778
11999 14872 7005 6.633481
103 38 280 26.814898
699 280 17932 19.667633
23408 17932 17344 19.667633
23409 17344 17576 26.814898
19851 14159 13317 26.893942
19401 13317 12864 15.643246
19400 12864 12865 21.323242
10412 15091 5930 29.140352
19167 13456 12633 31.083185
10411 5930 17653 31.388811
2881 17653 1408 19.911282
2880 1408 8944 5.13335
14546 8944 8819 3.99774
2879 1408 13557 11.552441
14544 8819 16423 16.56164
18460 16423 11979 13.496803
20078 13557 13690 21.729485
20201 13690 14025 12.71347
20522 14025 14254 7.138946
20742 14254 14435 7.211841
15826 16423 9801 27.756178
15827 9801 15398 8.549301
4896 15398 2547 14.845011
4897 2547 16395 8.16305
1205 15398 526 18.400318
19691 16395 13150 22.214689
14269 10607 8631 35.146355
14270 8631 12675 12.235547
3445 12675 1718 9.191483
22768 16535 17702 35.189262
8259 17702 4518 10.39424
8261 4518 13183 5.111093
15441 13183 9502 7.873046
15443 9502 9584 5.155327
15442 9502 15684 5.157585
20680 15684 14180 4.062636
17882 15684 11468 14.465231
1528 11468 702 6.549231
14004 11468 8427 8.670297
14003 8427 14760 6.276138
12215 8427 7156 13.099603
12214 7156 10067 4.983391
15132 14180 9268 17.969557
15130 9268 9379 3.194336
15287 9379 11118 9.540658
15131 9268 14641 12.615479
3589 9379 1802 14.535666
2376 1802 1138 6.731934
3587 1802 8086 8.605469
3588 1802 11194 11.237197
16452 11194 10284 5.117432
12648 11194 7465 7.687952
4258 14180 2183 21.310427
4259 2183 6494 5.852791
2163 2183 1028 12.911507
2161 1028 3208 4.873779
18860 17702 12308 28.389893
18861 12308 16628 11.449849
12577 16628 7413 6.93639
12578 7413 15337 6.530142
10200 15337 5783 2.862562
10201 5783 15561 6.189002
10202 5783 6542 7.110947
11307 6542 17825 5.153084
5507 6542 2900 6.999597
5508 2900 4629 8.303136
14543 8818 8957 35.279568
14722 8957 9146 17.65834
14966 9146 9497 13.373469
15432 9497 17314 6.327734
13742 8440 8237 35.472088
3058 6291 1502 35.563324
16831 10911 10612 36.016258
16830 10612 11326 24.212597
17713 11326 11731 12.554199
9755 6551 5483 36.193554
14339 8679 9012 36.365864
14792 9012 9353 9.882254
15256 9353 9408 13.778516
14889 9408 9093 8.906262
15255 9353 9814 14.277467
15846 9814 9862 9.244292
15845 9814 10185 11.567466
16331 10185 10441 8.337564
7548 9655 4086 36.864925
7549 4086 13153 19.403715
3330 4086 1654 25.56493
3331 1654 16087 22.069092
13169 16087 7842 13.126575
3669 13153 1860 31.51627
12340 15337 7248 36.962997
12339 7248 12694 3.590071
19227 12694 14029 4.642479
4425 7248 2284 6.016888
4427 2284 2484 4.672648
4426 2284 12773 5.840848
12341 7248 15731 6.29076
4782 2484 10533 6.979314
2800 12773 1368 7.730719
16410 10533 10252 9.876352
14062 10252 8472 11.987296
2799 1368 8455 35.78669
8139 4636 4441 36.977097
8138 4441 4807 10.228357
8708 4807 5172 11.567402
9269 5172 5420 8.906345
9647 5420 7494 5.496862
7386 4441 3987 12.917939
6872 3987 3674 10.228357
6392 3674 3394 8.906637
6020 3394 3185 5.57959
6781 3674 3620 12.264169
12687 7494 12555 17.121765
19097 12555 14739 32.879177
11728 14739 6825 13.30294
12686 7494 15929 34.404449
11375 6589 7707 38.053066
18699 12186 13215 38.053165
15921 9876 9875 38.07666
21297 14907 14849 38.102207
17081 10802 11691 38.131214
18138 11691 14233 10.7819
14737 14233 8970 15.79268
4082 14233 2089 24.754225
4083 2089 16218 16.191191
4081 2089 11270 18.937561
23463 17437 18024 38.422424
8439 18024 4628 11.140863
8440 4628 17464 3.645329
22152 17464 15820 3.157205
23483 17464 17787 3.393742
15773 15820 9763 11.027501
21731 18024 15348 18.323227
21732 15348 17207 7.546212
21733 15348 16012 9.947669
19224 16012 12692 8.84508
19045 12692 12505 3.653841
6817 12505 3640 7.07346
6816 3640 14316 1.545219
1448 3640 660 7.190085
16010 14316 9940 12.404546
5117 9940 2677 3.735065
5116 2677 3561 2.697343
6684 3561 8065 6.625266
13504 8065 14870 4.555831
13503 8065 15114 5.849711
8359 14870 4583 7.66024
9032 12505 5014 17.365957
9031 5014 15682 11.290481
7697 4176 4480 38.985569
8206 4480 17057 8.863325
20081 13690 13561 39.083519
20082 13561 14434 24.481649
20902 14434 14567 11.452964
21029 14567 14718 11.453418
20609 14434 14115 22.076483
20246 14115 13732 28.775133
20247 13732 14173 14.678389
20674 14173 14298 5.176012
20779 14298 14516 7.610247
20972 14516 14926 12.058446
19988 13732 13465 16.060467
19858 13465 13326 12.883104
21363 14926 15457 18.389622
21753 15457 15371 13.988582
21822 15457 16062 19.667444
22368 16062 16367 10.780429
22636 16367 16594 7.138946
22815 16594 16722 4.453256
22926 16722 16985 9.535463
19565 13326 13024 25.425888
21752 15371 15511 26.228134
21726 15511 15341 14.799591
21461 15341 15025 11.50864
21217 15025 14767 15.380334
21725 15341 16308 21.567278
22592 16308 16715 13.359434
22921 16715 17047 12.058261
23181 17047 17391 10.780429
23373 17391 17302 12.499814
23219 17302 17093 5.783701
23372 17302 17487 5.783701
23183 17093 17048 9.244051
22959 17093 16754 12.7139
22923 16754 16716 7.741955
23500 17487 17838 12.7139
23182 17047 17190 14.332017
23436 17391 17529 14.332017
22309 16308 15999 18.0916
22052 15999 15725 10.352132
22308 15999 16190 12.03337
22483 16190 16355 17.658573
18367 16367 11899 26.715569
17476 11899 11129 19.3249
17475 11129 13383 18.449802
18327 13383 11856 0.389904
19913 13383 16809 1.576783
23007 16809 16904 4.130625
23077 16904 17155 8.506579
23271 17155 17251 3.178631
8266 13383 4520 9.415762
8265 4520 9242 0.978292
8264 4520 13527 5.030739
2173 4520 1034 8.990444
2176 1034 18221 5.974323
2174 1034 13833 12.784979
20043 13527 15940 14.462841
23337 17251 17740 15.892101
22256 15940 16061 17.268585
23008 16809 16948 18.7493
23100 16948 17059 20.237167
23191 17059 17250 20.571423
23126 17250 16984 8.906178
23335 17250 17739 15.221137
23676 17739 18162 15.221137
1216 18162 531 20.306395
1214 531 658 4.453089
1445 658 824 4.453089
1756 824 1221 12.058446
2530 1221 1604 12.058446
3232 1604 7029 11.601531
12032 7029 11189 15.38267
2627 11189 1271 13.827568
5928 11189 3129 17.419794
5927 3129 3473 10.780223
1217 658 532 20.237167
261 532 98 13.95435
955 532 400 15.794867
20 400 6 12.058261
613 400 237 21.730057
612 237 576 10.780664
1292 576 1552 17.817873
1986 18162 937 21.810848
3152 1552 2122 22.248934
4142 2122 2291 5.783701
22600 16984 16316 22.831831
22184 16316 15850 16.009668
5138 15850 2690 3.460843
5137 2690 15410 11.222472
21487 15410 15057 11.567531
21321 15057 14879 6.356404
21082 14879 14624 7.61089
22534 16316 16241 18.488102
6525 3473 4278 25.999449
5614 3129 2953 27.977066
5613 2953 3806 26.719162
19349 16985 12819 28.479393
697 12819 279 10.861553
23070 17487 16894 29.16818
5288 2953 2777 29.470985
19218 13024 12685 29.599182
19015 12685 12474 12.740037
18911 12474 12367 5.175725
18912 12367 12400 7.741868
18867 12367 12318 7.741955
19016 12474 12728 8.906345
18943 12400 12518 14.332484
18428 12367 11952 14.67854
19059 12518 12761 34.536816
17230 11952 10912 35.513714
16695 10912 10487 13.359894
16696 10487 10524 6.249961
16024 10487 9950 17.129578
12033 7029 14730 39.28754
2878 1408 4687 39.443127
8529 4687 13091 31.091946
16762 10548 10549 39.599609
15403 10549 9471 33.358643
6868 17417 3672 40.098701
6867 3672 16157 26.491812
22525 17344 16236 40.101467
22526 16236 16356 12.883264
21973 16236 15638 19.667444
17721 11331 12033 40.260052
12260 7188 8513 40.48563
14103 8513 8509 21.322754
14104 8513 8510 28.938232
14102 8509 8559 33.53635
14178 8559 8792 5.579102
14509 8792 9283 14.032109
14510 8792 8793 16.753906
14511 8793 9282 14.277996
14508 8793 8791 16.753906
14176 8791 8558 5.579102
14175 8558 8560 7.615234
14507 8791 9067 8.369629
12762 8560 7556 30.266645
12763 7556 14728 20.831135
12761 7556 16546 30.474625
15603 16546 9623 10.820056
12425 16546 7304 14.247851
12424 7304 8512 35.693985
3240 1608 17377 40.565865
12281 17377 7208 2.607121
5950 7208 3145 17.544632
8928 5266 4947 40.785633
8929 4947 6862 20.50182
11787 6862 13946 15.477141
10245 13946 5814 23.65534
8248 5814 4509 4.089528
8078 4509 4399 9.554546
10246 5814 8934 10.609553
10244 5814 17992 13.245559
23577 17992 17604 11.002649
20630 17604 14138 12.6344
7527 14138 4073 12.425089
7525 4073 12953 10.235794
7526 4073 5334 10.484261
9524 5334 12969 8.71087
14382 14138 8707 12.785025
9525 5334 16510 14.067665
22436 16510 16141 13.625134
8399 16141 4606 12.171141
8398 4606 8088 13.035958
13536 8088 11434 12.944417
17825 11434 11415 14.729006
13535 8088 15256 14.734254
7981 4399 4341 15.294223
6970 4341 3736 10.533969
6971 3736 15859 9.613926
22190 15859 16200 11.967943
9838 16200 5545 9.886531
6628 5545 3535 11.168319
6174 17604 3273 15.534766
4366 5334 2246 15.536566
4365 2246 16248 6.593303
1603 16248 740 7.837524
1602 740 3609 6.189123
11220 16248 6485 13.85234
11219 6485 14690 9.034468
8397 4606 16468 17.867111
18385 17992 11913 20.008039
394 16141 151 23.511131
5506 16510 2899 24.307966
14693 8934 10203 25.364365
7982 4341 13248 37.391315
5753 13248 3034 2.41151
5880 13248 3109 4.828327
5879 3109 14345 3.868677
4229 14345 2169 20.241777
4227 2169 13844 4.829626
19758 13844 13226 11.301304
18863 13226 12312 4.310081
4228 2169 2274 11.468826
10862 12978 6231 41.333347
10860 6231 7251 11.121681
10859 6231 13116 27.636251
10861 6231 16946 32.633713
12403 16946 7290 37.10239
12402 7290 10357 31.049536
16535 10357 16671 8.282261
6864 16671 3669 7.54323
16536 10357 13961 13.945945
12174 16671 7128 26.406384
9682 7290 5440 31.59721
5735 5440 3024 4.968699
9683 5440 13315 8.483684
5734 3024 16375 26.134111
3758 7128 1909 32.184124
3757 1909 4715 9.310581
4529 4715 2344 13.500404
3756 1909 11046 16.575468
17380 11046 18048 15.850647
14967 9146 9304 41.335186
14662 9304 8914 13.509963
15183 9304 9615 27.211079
14899 9615 9101 19.556665
3012 8934 1474 41.435024
3013 1474 15965 18.556166
4630 15965 2396 24.980463
4628 2396 4211 7.295134
3838 2396 1952 7.798778
3839 1952 14793 8.038179
9209 14793 5136 1.751968
16025 14793 9951 6.270705
9826 9951 5534 5.427398
7761 4211 14386 8.179903
9825 5534 5702 16.128107
3841 1952 11132 20.912109
17482 11132 13591 7.45222
17481 11132 11402 7.97876
10326 11402 5873 7.333814
7296 5702 3935 24.230324
9210 5136 15480 24.408726
7298 3935 9751 26.507088
9824 5534 8059 30.674316
13496 8059 13299 5.819179
19831 13299 14292 31.38501
8176 5534 4461 32.026611
2230 4461 1060 22.090832
6683 4461 3560 26.502686
2319 3560 1109 16.983383
6682 3560 17947 30.491699
17930 17947 11515 1.244808
3874 11515 1973 1.127791
758 17947 303 18.133301
759 303 12327 7.432617
756 12327 302 6.274902
757 303 6965 7.841482
754 302 18123 19.737501
21101 18123 14637 6.510456
21100 14637 17899 3.160574
2320 1109 17072 30.599659
22789 17072 16567 21.635025
21518 16567 15094 10.610921
21231 15094 14783 9.052979
20939 14783 14481 8.718018
20669 14481 14170 9.903564
22788 16567 16566 12.18457
22681 16566 16429 4.453319
22787 16566 16564 13.70752
6097 16429 3229 14.514842
22786 16564 16565 21.322754
11457 14481 6646 23.714355
20940 14481 15534 24.62793
15875 16565 9834 25.803556
15874 9834 14299 16.790085
18393 14299 11922 12.462102
15873 9834 13280 21.575996
13079 13280 7776 12.550293
13078 7776 16828 5.39882
20281 16828 13768 10.391932
13077 7776 10563 14.63623
16777 10563 16330 12.550293
9457 16330 5289 13.722656
4585 5289 2373 13.479004
4583 2373 8417 12.561481
13991 8417 11162 14.636719
7090 11162 3807 14.508341
7088 3807 5360 12.144966
9561 5360 5583 6.165283
7966 5583 4332 12.387267
7965 4332 5354 9.40733
7963 4332 7400 11.083698
7964 4332 16571 11.901593
22791 16571 16855 9.150391
9903 5583 12638 15.337402
13559 12638 8103 1.629883
2617 10563 1265 15.847595
19194 16855 12665 16.323631
767 12665 309 9.565008
768 309 10959 7.016254
17590 12665 11223 11.012591
9456 5289 5823 16.487549
4584 2373 16970 16.513712
9555 5354 14587 18.161116
6541 14587 3484 3.311948
13992 8417 9125 19.793457
9356 9125 5223 1.562549
1838 5223 863 10.142807
14941 9125 17076 11.621094
10463 17076 5957 14.408203
10462 5957 16981 13.722656
2931 16981 1437 12.778809
2933 1437 14929 13.531849
2932 1437 1974 18.412354
8394 5289 4605 19.807373
8395 4605 8697 7.395762
14366 8697 14397 11.946025
14592 14397 8854 9.884108
14160 8854 8547 8.201904
20854 14397 14385 13.713905
8393 4605 7136 16.966797
11682 7136 6797 9.889648
3046 7136 1495 14.164551
3047 1495 15262 13.519809
9562 5360 12794 20.076151
19323 12794 14219 14.22801
18937 14219 12395 11.75308
3052 12794 1500 14.734305
3053 1500 3365 12.483753
3054 1500 8183 14.189759
18900 14219 12355 15.140852
18938 12395 13880 17.997753
14060 12395 8470 19.920042
10420 8470 5934 16.967285
10421 5934 13389 5.504137
10422 5934 17695 20.132675
23649 17695 18061 11.814697
9000 17695 4999 12.664679
9002 4999 14576 10.067195
12075 14576 7058 11.57662
2740 7058 1330 9.43119
2741 1330 14985 10.572164
14291 14985 8648 7.451492
12076 7058 18131 13.163173
20353 18131 13840 9.147055
8337 18131 4571 9.817238
14735 18131 8968 18.40959
2739 1330 9082 21.109837
10871 9082 6238 4.461318
14874 9082 10599 12.58974
16815 10599 11078 6.767366
16814 10599 17785 12.56248
17745 17785 11349 13.088837
16369 10599 10220 17.863729
15445 10220 9505 6.731934
17420 11078 15622 19.963833
2010 15622 946 7.767855
2009 946 8797 7.67627
21957 15622 17132 11.896953
9267 17132 5171 8.794425
9268 5171 9216 8.129693
267 8797 101 13.479465
269 101 12882 5.010035
19413 12882 12883 6.092285
270 101 13888 7.824898
20396 13888 14506 10.109126
3286 14506 1631 10.510482
11927 9216 6964 13.552166
11926 6964 18132 14.427876
3323 6964 1651 15.440873
3324 1651 9515 13.132528
15090 9515 9233 8.411133
20965 14506 16549 15.672482
8989 16549 4992 11.835457
8990 4992 12084 4.311708
16962 12084 10709 11.515233
16963 10709 12992 6.66301
13114 16549 7803 11.933961
19519 12992 17483 12.793465
21085 17483 14626 13.479033
16903 10709 10662 13.741281
4158 12084 2129 15.8275
4156 2129 17534 11.440498
12928 17534 7667 10.107643
4157 2129 7511 11.487418
15168 18132 9292 17.747
15167 9292 12868 13.11365
242 12868 92 6.998628
241 92 13972 2.935267
240 92 5906 10.995543
867 13972 354 16.066319
15166 9292 11784 17.128328
4967 11784 2586 12.346841
4968 2586 4501 13.077525
8239 4501 5004 14.153209
4505 5004 2331 12.785178
9011 5004 10043 13.959342
16133 10043 16223 8.637879
12452 11784 7324 14.683069
962 4501 404 15.35285
12568 10043 7405 16.968576
12570 7405 11648 5.601211
18085 11648 16136 16.951683
4966 2586 12243 18.596191
9256 13888 5163 18.59668
5831 5163 3078 9.097903
5832 3078 12519 19.26475
12706 7511 15237 21.006687
6540 3484 8390 21.272324
10276 8390 5837 10.136027
7795 5837 4228 5.106461
13953 8390 17750 12.017159
8920 17750 4941 12.66704
6813 8390 3639 12.839348
6812 3639 9015 12.09195
5124 9015 2681 10.764091
5123 2681 11920 9.361021
5122 2681 13368 11.807028
18336 13368 11868 12.076385
5121 2681 4398 12.272141
8076 4398 15139 14.007831
736 15139 295 8.410744
20434 17750 13931 18.783895
15467 13931 9520 3.959961
4759 4398 2467 21.354837
4757 2467 6961 12.078125
545 6961 214 10.874648
544 214 10485 11.286982
16692 10485 13507 9.991211
9312 10485 5197 10.483796
9311 5197 5479 9.262207
2210 5479 1051 10.884665
2211 1051 4178 0.875102
9310 5197 13826 11.167386
11409 6961 6610 11.717041
8217 6610 4486 9.548915
543 214 1875 11.872647
7174 5479 3858 11.907392
7453 6961 4031 13.479004
7176 3858 17281 19.60626
17691 17281 11310 10.968596
3833 1974 1949 21.487432
3832 1949 12653 13.970643
7718 12653 4188 10.837603
3620 4188 1824 6.235081
8991 4992 12902 21.621059
19436 12902 15740 8.670297
18665 15740 12156 7.688583
18664 12156 12244 2.789795
18772 12244 12315 2.427002
18866 12315 12572 8.731934
8922 12868 4942 21.725121
14365 8697 12393 22.784668
5576 12393 2932 20.531466
5577 2932 4139 11.719865
7639 4139 4640 9.746579
8454 4640 5898 12.816879
7638 4139 13509 22.632347
8077 4398 16555 23.531256
9554 5354 5674 23.608438
10040 5674 7554 19.330944
7175 3858 12076 24.022112
18573 12076 12128 12.669583
13712 12128 8212 8.372499
18572 12076 14858 13.698278
14745 14858 8975 10.484926
1258 14858 555 14.807117
1257 555 3013 8.901668
5717 3013 13897 12.953184
5718 3013 3253 16.568003
1743 3253 817 4.873156
2640 3253 1276 15.455204
2639 1276 12178 10.388721
2641 1276 7302 11.7887
17104 12178 10821 13.672597
1742 817 17387 26.327999
22966 17387 16765 6.997887
22283 16765 15974 7.874898
23198 17072 17212 27.732561
23013 17212 16815 12.646053
22930 16815 16730 2.789551
22758 16730 16522 6.974609
22682 16522 16430 2.789795
22372 16430 16068 11.158936
19843 16068 13311 4.447834
23305 17212 17749 15.34375
23685 17749 17900 5.78383
23684 17749 17860 7.391117
6577 17900 3507 7.585782
18102 17900 11662 18.670971
18101 11662 11930 8.718018
19844 13311 16877 19.076599
20388 16877 13881 11.322859
18695 13881 12183 8.613989
18696 12183 15991 8.115869
22300 15991 15992 13.70752
21928 15992 15580 12.888672
16078 16877 9998 14.44031
15724 9998 9721 8.843506
15320 15991 9407 16.03915
15322 9407 11670 12.379611
15321 9407 11102 15.671171
17442 11102 13225 13.79694
17441 11102 18058 16.741356
20812 18058 14331 5.450274
45 14331 16 5.520657
44 16 14415 7.598909
9206 18058 5134 13.301067
18322 15992 11853 16.967285
17881 11853 11467 11.605469
18321 11853 14153 16.967079
20652 14153 17948 12.379648
20516 14153 14016 16.049877
11427 14016 6626 11.208934
15623 14016 9639 17.667969
23306 17212 17213 19.799805
13611 16815 8138 20.172884
8532 9639 4689 20.705681
17662 15991 11283 20.888109
8997 11283 4996 14.871348
8996 4996 11340 1.256806
6962 11340 3730 8.74613
14302 11340 8657 14.676085
14303 8657 12939 3.259277
13802 8657 8277 9.792236
17891 12939 11475 11.849121
7192 11475 3870 6.148553
7191 3870 12177 0.982021
17424 11475 11083 11.92627
43 16 8184 21.113981
8534 4689 16560 22.554527
22757 16522 16568 24.409037
17278 15094 10962 28.128593
7717 4188 12762 29.51709
13706 16565 8208 30.116217
13707 8208 14634 28.556284
20400 14634 13892 22.304199
20399 13892 13893 12.18457
7946 13893 4319 15.557652
7947 4319 12890 20.123337
19422 12890 12891 13.70752
19420 12891 12888 13.70752
19419 12888 12887 13.70752
19144 12887 12610 9.76416
19418 12887 12886 13.70752
19417 12886 12885 12.18457
19416 12885 12884 15.230957
18804 12885 12270 20.92334
18620 12270 12120 5.579346
1061 12120 454 6.473295
391 454 150 8.941162
392 150 18220 5.007568
18808 12890 12272 20.92334
18666 12272 12157 4.18457
18667 12157 13918 7.214119
7727 13918 4193 13.489421
7728 4193 6558 9.933205
19993 13918 13472 14.785645
7726 4193 18036 15.391008
20401 13893 14577 22.818855
18806 12886 12271 25.013641
17663 11283 12799 30.130054
19331 12799 14270 11.879629
14155 12799 8543 12.800174
13686 8543 8191 9.903564
13687 8191 12241 8.670297
12779 12241 7568 9.836225
12488 7568 7350 6.276855
12489 7350 11646 3.730373
10493 8543 5978 10.868973
18050 11646 11620 13.718251
17885 11620 11470 4.365967
18242 14270 11779 15.127648
17892 11779 11476 9.052734
17487 11476 11140 10.001221
17167 11140 10862 8.731934
10481 10862 5970 11.515234
4161 10862 2131 13.494266
10494 5978 10577 15.339689
16046 10577 9969 15.156379
16045 9969 16348 10.504388
7339 16348 3960 5.117676
18770 12241 15742 22.784668
8092 11476 4409 26.501699
7435 11140 4019 26.509232
14894 16564 9097 30.269993
9657 9097 5426 7.867321
9239 5426 5153 9.150391
8533 4689 15788 30.877991
22113 15788 15914 16.037985
21476 15914 15043 26.48877
23160 17213 17027 32.467358
23161 17027 17028 10.661621
23162 17028 17407 11.158936
22903 17027 16694 11.15918
23444 17407 17861 16.675739
22904 16694 16775 21.504967
22564 16775 16279 18.683962
22322 16279 16018 9.535482
22499 16279 16209 11.020104
22264 16018 15949 11.020577
21946 15949 15610 10.228357
21833 15610 15471 12.883104
21832 15471 15470 6.092285
21947 15610 15739 12.883183
21840 15739 15476 10.351933
21695 15476 15305 12.03337
21830 15470 15468 13.70752
21829 15468 15469 12.18457
21831 15469 15792 9.76416
22116 15792 16017 6.974365
21425 15469 14993 15.34375
21374 14993 14938 10.752468
21375 14938 15202 8.506579
21376 14938 14994 13.778297
21426 14994 15156 5.783701
21427 14994 14995 15.230469
21430 15476 14996 17.858809
18803 14292 12269 33.91864
8790 15788 4857 35.135738
8570 4857 4717 3.822021
8572 4717 14335 4.708539
12509 14335 7363 0.871515
12447 14587 7317 35.762047
17092 11648 10809 36.724075
17091 10809 10808 28.937988
2248 11662 1070 37.439724
8322 8191 4560 39.08456
1429 651 787 42.251953
6257 3656 3319 42.265926
17513 11204 11161 42.281071
18083 11646 16983 42.302116
10525 5998 13874 42.345493
16803 16087 10587 42.366848
16802 10587 13567 15.887046
5073 16014 2654 42.434719
735 294 17259 42.49831
23197 17259 17070 5.78353
15013 17070 9179 26.547537
15014 9179 9180 9.138184
15016 9180 9231 7.742152
14375 9180 8702 15.221361
19181 12653 18133 43.002449
15980 18133 9920 8.61327
15981 9920 17034 6.828739
8455 4640 7437 43.53828
3167 1830 1565 43.749512
7876 4278 4630 43.749512
8442 4630 4680 13.778323
8518 4680 4797 8.11008
8693 4797 5164 12.7139
9257 5164 5779 28.913927
10196 5779 6064 8.906804
10562 6064 6023 6.249961
8694 4797 5124 37.835335
9193 5124 5245 14.33216
9062 5245 5041 18.76453
9064 5041 5132 19.995346
9204 5132 5301 20.570953
9192 5124 6022 31.784864
9063 5041 6491 36.785271
11095 6491 6399 18.488512
11094 6399 6400 13.70752
11096 6400 6401 9.138184
11230 6491 6621 18.749775
11418 6621 6853 9.535697
11419 6621 6776 22.040682
11653 6776 6960 6.356833
7311 5132 3944 39.690968
7028 3944 3771 8.261221
7103 3944 3815 18.749775
6876 3815 3676 20.237167
6725 3676 3583 13.988582
6289 3583 3334 7.61089
6552 3583 3490 8.11008
7312 3944 4090 20.237167
6874 4090 3675 13.359434
4977 3675 2594 36.175152
4388 2594 2262 11.567402
4324 2262 2221 21.368307
3695 2221 1873 12.058446
2151 1873 1023 18.033947
2150 1023 1122 8.626228
1753 1122 822 9.535463
1108 822 478 10.228357
421 478 162 10.780429
422 162 18020 12.058261
23704 18020 17778 9.535269
23566 17778 17583 6.357067
23705 17778 17848 18.488512
19 17848 5 13.359894
18 5 96 9.554942
254 96 657 17.351233
1372 657 619 12.264169
1443 657 1269 17.812983
2529 1269 1220 13.778323
2623 1269 1720 14.277519
3501 1873 1750 18.749775
3502 1750 12828 16.823572
2044 12828 964 9.176322
1754 964 823 17.268585
1755 823 6418 10.488527
1550 823 713 15.483823
1038 713 440 9.535463
258 440 97 10.780429
260 97 18021 10.780429
23674 18021 17738 10.780429
23441 17738 17400 10.228211
1549 713 17709 11.566764
2919 17709 1429 9.994095
2918 1429 1640 15.379677
3302 1640 2047 15.892529
2737 1429 1328 16.98415
42 1328 15 9.708391
40 15 575 11.707492
2736 1328 1430 12.499923
2920 1430 1512 11.020515
3079 1512 1751 13.553982
3503 1751 1917 13.400884
3770 1917 1999 12.499814
3836 1999 1951 12.264169
1040 575 441 15.794995
502 441 198 7.610443
504 198 18113 10.780223
854 441 347 11.020515
23706 18113 17779 12.058446
23472 17779 17448 10.228211
23269 17448 17154 10.352132
23049 17154 16861 10.228357
22965 16861 16763 11.020515
23642 17779 17686 11.020639
23505 17686 17496 6.356638
23270 17154 17200 13.778323
23641 17686 18114 14.678389
256 96 17777 19.129362
23379 17777 17312 15.220942
853 347 965 19.129362
2045 965 1329 10.780223
2738 1329 16032 10.183197
1444 657 770 19.995346
417 770 161 19.129362
419 161 17847 17.351233
23471 17847 17447 13.95391
418 161 236 18.488512
610 236 17941 17.812525
23542 17941 17541 13.359726
608 236 871 18.700619
1852 871 1471 17.812983
3008 1471 1828 13.359434
1853 871 963 18.488512
2042 963 1602 18.700619
849 963 346 19.129362
850 346 399 9.244051
851 346 18019 17.812983
23737 18019 17849 5.783701
1657 770 1428 19.129826
2916 1428 1790 13.359434
22558 16861 16273 20.305738
22365 16273 16060 7.61089
22559 16273 16315 15.294709
23442 17400 17584 24.999737
23411 17584 17350 7.610694
23048 17350 16860 17.129578
22752 16860 16514 12.057994
23076 17848 16903 31.725592
22488 16903 16195 24.116255
22489 16195 16422 28.288208
22180 16422 15847 19.667633
22111 15847 15783 9.244534
11208 17927 6476 43.971565
11207 6476 8416 1.285648
7949 6476 4321 6.103289
11206 6476 14452 9.204501
6475 3819 3445 44.081364
16790 10960 10572 44.081776
16702 10572 10492 12.499868
15968 10492 9907 18.389622
15969 9907 10001 12.499868
15426 9907 9493 13.359664
15589 10001 9612 13.954129
16083 10001 17672 24.198286
15427 9493 11545 32.716103
9725 5464 13800 44.109402
8718 13800 4814 16.185616
8719 4814 18241 10.847278
696 279 1673 44.388966
3367 1673 2361 25.999693
4978 2594 2963 44.455471
13873 8332 9815 44.532227
9023 5323 5010 45.235325
51 10187 19 45.498577
10250 5816 6910 46.075668
1024 434 1910 46.269394
5945 3770 3141 46.341099
1483 3141 677 10.382778
7373 4278 3979 46.452038
6932 3979 3708 31.590334
7372 3979 5411 45.66386
7875 4278 5743 46.945583
10336 8240 5879 47.090309
15923 9876 9877 47.214844
15609 9877 9627 8.506666
4214 3221 2159 47.318905
4215 2159 2252 6.700664
4051 2252 2072 13.401327
3543 2072 1774 10.780429
4052 2072 5469 13.788108
9736 5469 14342 1.197822
5172 5469 2707 9.043727
5173 2707 8058 5.085499
468 8058 182 3.677519
2705 1774 1311 16.508986
2308 1311 1101 13.401226
2309 1101 10418 9.867561
2307 1101 1245 10.051167
1268 10418 560 16.402012
4302 5469 2209 24.903267
2581 1245 17166 25.466589
17889 17166 11474 9.247125
17890 11474 15721 15.775975
13130 15721 7814 1.225355
12077 7814 7059 13.524643
13129 7814 17924 13.673853
16610 17166 10416 17.682989
16611 10416 11817 15.464522
1267 560 17879 31.083405
20890 17879 14421 9.04377
20891 14421 17129 15.677628
16612 10416 18042 40.971561
14024 8440 9956 47.558746
22562 17688 16276 47.558746
22222 16276 15895 32.947021
22090 17129 15760 47.558971
21508 15760 15083 26.804163
20809 15083 14328 22.318115
20462 14328 13959 12.7139
20300 13959 13787 5.57959
19969 13787 13447 11.262446
19970 13447 13544 8.110164
20063 13544 13545 6.092285
19841 13447 13310 8.689758
19840 13310 13309 6.091797
19705 13310 13172 9.44078
20463 13959 14329 11.567531
21509 15083 15761 32.119171
22091 15761 16263 22.718363
22553 16263 16302 4.777471
22587 16302 17615 43.783714
215 17615 81 24.721397
14025 8441 10079 48.033325
16184 10079 10443 24.845041
16121 10443 10033 20.12962
16406 10443 10247 35.472088
19830 13299 15265 49.04377
8906 18224 4933 49.068626
9641 5414 6781 49.209194
11663 6781 6818 6.249961
2531 1221 1603 49.999474
3080 1603 1513 3.178631
3231 1603 1721 4.453256
19220 13024 12686 49.999474
19219 12686 15308 32.409763
214 81 17925 50.329136
20745 16263 14258 50.447403
6772 14258 3613 31.839626
2109 3613 998 38.132114
20746 14258 16192 43.955658
17433 12525 11093 50.717285
10774 6168 7668 50.73003
11306 6781 6541 50.95277
10974 6541 6313 41.710312
10841 6313 6218 18.488512
9348 6313 5220 36.779003
19491 15638 12957 51.381439
7015 12957 3762 20.795498
16844 12957 10625 33.607536
9177 10625 5111 44.925804
11164 6448 8000 51.393417
13408 8000 8141 4.453089
13616 8141 9129 31.784632
14774 9129 9000 18.749884
14529 9000 8808 24.999737
13307 8808 7932 25.999449
14528 8808 9654 26.66061
15641 9654 15715 21.311689
15897 15715 9854 5.242913
15896 9854 9990 18.749884
15371 9654 9442 24.99926
14249 9442 8610 25.412745
13534 9000 8087 27.908258
12725 8610 7525 33.609802
13617 8141 8226 35.141693
16068 9990 10293 36.016144
15370 9442 10843 48.425194
5015 10843 2622 2.976279
5016 2622 11581 20.605053
17998 11581 11728 7.390979
18130 11728 11685 1.394531
17978 11685 11566 33.517185
3868 11566 1970 37.862564
3869 1970 10697 4.518349
16952 10697 12149 30.230244
3867 1970 15904 41.789917
15979 15904 9919 33.007938
18660 12149 13242 43.789566
15425 9990 9492 50.884727
11205 9492 6475 1.193854
12304 10293 7224 51.31004
12303 7224 9959 1.187016
23324 17615 17233 51.485077
3233 1604 1918 51.48513
23339 17688 17252 51.805279
23303 17252 17206 4.777075
23272 17206 17158 6.249961
23127 17158 16987 29.471466
1478 12694 674 52.213398
3067 1715 1507 52.251728
3066 1507 1634 6.195743
2314 1507 1106 12.058353
2315 1106 1107 12.18457
11922 6960 8577 52.642181
4904 8577 2551 7.277336
4902 2551 9330 14.581902
15219 9330 9932 20.305738
16001 9932 13187 28.080307
2536 13187 1225 16.015478
2537 1225 13022 27.381035
16461 10293 10710 53.284115
16965 10710 10842 14.33216
16964 10710 11684 33.745445
11727 6825 8606 53.400265
14243 8606 8608 7.615234
14247 8608 8609 6.092285
14151 8609 8539 9.244051
14149 8539 8607 16.811884
14244 8606 9190 17.013247
13232 8608 7886 19.588102
14150 8539 9653 30.725267
11668 7886 6787 36.174889
15640 9653 10990 46.457348
17310 10990 13802 4.951009
12277 8607 7206 48.028503
16000 9932 10423 53.629921
6450 3432 12436 54.561703
23698 17769 17929 55.113483
23772 17929 18253 9.882254
814 18253 329 10.228211
812 329 706 12.7139
1538 706 1047 9.882254
2204 1047 1317 7.138708
2712 1317 1711 12.646024
3433 1711 1941 8.369385
813 329 378 19.848886
2713 1317 1374 27.45051
3809 1941 2031 35.14143
3667 2031 1858 27.977304
3208 1858 1587 10.228285
3665 1858 1857 18.276611
3287 1857 1632 8.506623
3664 1857 2164 9.882254
3288 1632 1710 13.988484
2506 1632 1208 14.683314
2507 1208 1316 11.020341
1535 1208 705 19.556665
1537 705 9370 3.512047
1425 9370 649 0.260704
8465 9370 4647 0.653723
1536 705 864 7.390979
14355 9370 8690 10.308143
1426 649 7955 12.436626
687 7955 274 0.749597
13337 7955 18064 14.387971
18499 18064 12014 10.170175
18500 12014 18100 2.110162
23843 18100 18149 10.752226
23859 18149 18148 9.138428
23860 18148 18192 13.778323
4499 18192 2328 6.207006
1089 2328 466 9.217689
1087 466 805 9.882254
1717 805 1207 11.262381
2504 1207 1546 9.764404
3138 1546 1671 4.453173
3364 1671 1709 1.394775
3432 1709 1818 4.212646
3611 1818 1856 1.366943
3663 1856 1992 4.453319
1635 805 757 13.778323
1634 757 3493 9.009055
3910 1992 1991 15.230713
3607 1991 1815 5.783701
3909 1991 1990 13.70752
3606 1990 1814 5.57959
3907 1990 1989 12.18457
3605 1989 1813 5.57959
3908 1989 2359 12.645994
3906 1989 1988 13.70752
3662 1988 1855 4.453319
3429 1855 1707 5.783701
3209 1707 1588 4.18457
2711 1588 1315 8.369385
1928 1315 906 11.158936
1276 906 564 9.882216
488 564 192 11.262655
88 192 32 4.453173
486 192 191 6.092285
487 191 4659 4.675781
8485 4659 13692 2.972687
89 32 18063 6.974609
23752 18063 17882 5.783465
23827 18063 18147 6.700664
4559 2359 11832 14.077852
17907 11832 11491 5.467933
17906 11491 14867 6.093359
21313 14867 16588 4.732133
9560 11832 5358 7.08262
4132 5358 2118 7.89585
22028 16588 15693 8.590643
21785 15693 15417 7.97876
10653 15417 6084 4.17334
4133 2118 14204 9.295486
6086 14204 3224 9.92063
5021 14204 2626 11.443861
6087 3224 14362 12.204687
4555 2626 2357 14.781756
4124 2357 2113 13.554215
552 2113 216 14.64508
549 216 1854 0.410561
551 216 1777 3.157403
3550 1777 4077 6.3656
7533 4077 7320 4.341965
3904 4077 1987 10.38611
3604 1987 1812 8.261221
3059 1777 1503 12.382674
2813 1503 1373 7.390778
2431 1503 1165 11.508899
1714 1165 803 13.373469
1529 803 703 5.353671
4556 2357 2625 14.781958
5020 2625 2826 11.495914
5376 2826 5165 9.761615
9259 5165 17220 2.568084
4557 2625 2358 12.391665
575 4659 224 15.188202
574 224 376 10.051046
573 224 608 12.7139
1188 608 519 6.700664
3911 1992 2030 15.294444
3608 2030 1816 8.337901
3430 1816 1708 4.184814
3978 2030 2407 12.646024
4652 2407 6280 3.960976
10930 6280 8447 14.150451
14031 8447 8632 4.254395
14271 8632 8821 5.42627
14549 8821 15838 4.568829
6423 8447 3416 5.849877
6688 15838 3564 6.387171
6689 3564 16065 6.208405
9504 8632 5322 8.011553
6691 3564 5395 9.477143
6799 8821 3630 10.243414
6798 3630 17383 5.439312
1672 3630 776 5.710711
2346 17383 1123 10.817392
2343 1123 16805 3.232851
2344 1123 6545 3.983663
10820 16805 6201 7.214587
10819 6201 17096 0.84937
8222 17096 4489 2.014109
6522 16805 3471 7.325443
2345 1123 8673 10.429748
7200 8673 3876 5.866158
14328 8673 9665 8.614034
9236 9665 5151 5.093289
6523 3471 5803 13.245739
23841 18192 18099 16.98435
23771 18099 17928 5.57959
3903 1987 2163 17.658264
4222 2163 2289 10.051046
3551 2163 1778 17.49473
3552 1778 2029 10.351933
550 216 1545 18.470612
3061 1545 1504 12.264169
6085 3224 3896 19.52832
7231 3896 3898 13.70752
7234 3898 4078 5.57959
7534 4078 16116 4.056355
5840 16116 3083 2.179494
6712 3898 3575 9.76416
484 703 190 20.574905
219 190 83 3.178416
220 83 17881 16.675669
221 83 1738 17.511257
1395 1738 631 5.323105
1629 1738 754 12.613451
87 754 31 0.89655
1628 754 11041 5.801445
86 31 273 7.610569
7232 3896 4530 21.035456
8279 4530 10914 7.351681
1715 1545 804 21.792248
9505 5322 15922 22.992512
16421 15922 10259 6.351334
17724 15922 11332 7.460932
1409 11332 639 7.417977
16840 11332 10623 8.277654
17723 11332 13801 8.746391
1741 13801 816 5.60484
1739 816 6171 3.54636
10779 6171 15854 3.931732
3788 13801 1930 7.125335
1740 816 17618 12.992267
23253 17882 17136 23.581793
23178 17136 17045 15.483823
23068 17045 16892 5.783701
23434 18148 17389 23.907742
4558 2358 2905 24.688089
5518 2905 3003 11.020577
1532 18100 704 25.10791
1531 704 11366 9.602984
21589 17389 15168 25.780674
13794 15168 8270 10.80689
3666 1857 6067 27.485849
4061 6067 2076 2.281312
4059 2076 4976 11.693352
4964 4976 2585 7.832156
919 705 377 29.101946
16284 17881 10156 29.196342
2945 10156 1442 13.26839
2946 1442 11051 12.549268
3427 11051 1706 4.522604
3428 1706 13563 0.734551
11673 11051 6790 6.236432
11672 6790 11256 5.350393
22554 17136 16265 31.083185
22438 16265 16142 15.79493
22355 16142 16049 15.484107
22354 16049 16353 10.780326
22555 16265 16451 16.220472
22702 16451 16802 12.058353
22703 16451 16504 13.778323
22746 16504 16848 11.158936
22353 16451 16048 13.954129
22048 16048 15722 10.780429
21718 15722 15330 13.954022
21401 15330 14967 12.7139
21069 14967 14608 9.882254
22744 16504 16503 15.230713
22743 16503 16891 12.553955
21311 14967 14865 15.483823
21070 14865 14609 6.974609
21259 14865 14810 7.742196
21170 14810 14711 9.55478
21018 14711 14552 4.453173
21131 14711 14668 9.244014
22437 16142 16626 16.508986
22245 16049 15924 17.268347
22244 15924 16230 10.780429
21913 15924 15557 12.7139
21595 15557 15174 12.058127
21260 15174 14811 12.058446
20923 14811 14468 11.50877
21402 14967 15087 20.237217
5344 15087 2811 12.626221
5345 2811 10762 8.59388
5346 2811 15086 16.312012
21513 15086 15445 11.158936
21810 15445 15831 11.15918
21511 15086 15085 13.707764
21512 15085 15228 12.882874
21456 15228 15019 12.74017
21634 15228 15636 13.359664
22165 15831 15832 15.230469
21811 15445 15446 15.230713
21016 15086 14550 15.34375
21017 15085 14551 15.419146
16745 14550 10532 16.159668
21067 15019 14607 17.675503
21068 14607 14864 7.138946
2472 14607 1186 16.249634
22164 15831 16409 18.197386
22670 16409 16753 11.158936
22669 16409 16408 15.230713
2473 1186 15282 20.204636
21400 15282 14966 9.764404
22805 16753 16584 20.570887
22804 16584 17009 14.678076
22668 16408 16407 21.322754
22023 15832 15688 27.732803
22022 15688 15764 11.020577
7233 16116 3897 31.566782
485 190 1001 32.927952
2112 1001 1249 12.739966
8221 4489 7713 38.814312
10223 10914 5797 39.318966
8121 5797 4431 26.559381
7940 4431 4316 21.504482
6863 4316 3667 33.659367
6170 3667 3271 12.7139
6171 3271 13106 12.168472
19651 13106 14656 4.923319
19652 13106 16949 6.574475
20036 16949 13518 4.784886
3220 13518 1595 6.629493
4649 13518 2406 6.681831
4650 2406 12817 6.015192
4651 2406 9166 11.772561
14994 9166 12316 6.094999
6520 3667 3470 13.401327
23101 16949 17097 16.152933
4382 2406 2256 16.220556
7801 9166 4230 25.873755
2763 4230 1344 2.201657
2598 1344 1257 1.966797
2599 1257 6616 5.651479
2202 1257 1046 5.788818
2203 1046 12050 4.922876
8122 16588 4432 43.63253
8018 4432 4363 3.350383
489 192 6262 48.301628
21972 15636 15637 50.260986
20828 14358 16259 55.321156
4174 16259 2138 32.905083
4173 2138 8463 29.471436
14053 8463 10803 46.447777
20901 14879 14433 56.248959
3600 1810 2251 56.576538
1691 787 3576 56.686012
4965 2585 13071 56.698673
1730 811 17806 56.895309
23123 17806 16979 25.520262
23044 16979 16853 4.453173
4910 16853 2555 39.239361
15908 9864 14614 57.332859
21823 15850 15458 57.447769
7488 6448 4052 57.89682
23045 17252 16858 57.944107
19455 13326 12918 58.053688
19454 12918 17289 13.264438
7169 4317 3854 58.053806
6623 3854 3532 10.780223
7168 3854 16187 12.417277
19007 16187 12466 8.533207
19006 12466 17687 3.546315
15767 12466 9758 8.028275
2072 17687 977 12.076432
2070 977 13665 12.809529
2071 977 17656 13.174033
6751 13665 3600 13.52101
11228 13665 6490 14.881713
11229 6490 7943 8.267449
11227 6490 17629 14.408633
8756 17687 4837 15.30119
11226 6490 14836 16.748711
21648 15895 15247 58.20435
3759 1910 3578 58.338875
3417 3578 1700 50.398148
3415 1700 10304 17.481386
16697 10488 11645 58.697094
5941 3532 3138 58.94236
23756 17900 17901 59.399414
14041 8455 16940 59.449303
16089 16940 10011 48.469933
16090 10011 10897 28.910963
21412 15410 14981 59.533623
719 288 16766 59.609207
17301 12223 10982 61.27549
4437 2421 2293 61.364304
17621 11728 11246 61.832077
22384 16407 16081 62.277981
1921 16081 903 14.565929
1922 903 1832 11.217979
22127 16081 15803 16.192799
14179 15803 8561 9.57371
1920 903 15886 17.083412
16641 10487 10438 62.46138
16639 10438 10439 6.092285
16640 10438 11587 38.687702
21043 14587 17859 62.500679
23111 17859 16961 40.57423
22486 16192 16264 62.688839
8366 16264 4586 39.659523
8365 4586 14110 24.807465
20603 14110 18108 45.677094
8956 15904 4967 63.859447
14109 8513 10732 64.182625
5422 10732 2850 29.831139
16988 10732 11110 48.515656
17454 11110 11555 56.576775
8504 5483 4670 64.514412
8503 4670 17799 23.829008
23713 17799 18188 12.917997
12807 18188 7587 12.914911
12806 7587 7897 10.780326
23533 17799 17525 36.016495
23532 17525 17716 13.401327
23654 17716 17833 15.794867
17622 11246 15763 64.715034
22092 15763 15888 5.353797
21859 15888 15502 35.316681
19562 13022 13867 66.132805
20303 13867 13789 15.483911
20302 13789 14058 8.50706
20556 14058 14290 7.138469
20378 13867 14057 24.999737
13150 14290 7830 43.412579
13149 7830 16696 4.221889
13148 7830 8908 36.869274
3328 8908 1652 18.770756
3326 1652 15236 3.531363
7487 15236 4051 2.140399
4938 4051 2569 7.361437
583 2569 227 1.762509
586 227 15413 0.143489
17991 15413 11577 2.635145
4937 2569 14582 6.627276
4368 11577 2247 7.889485
4149 2247 2125 3.49217
4367 2247 3980 4.912207
7374 3980 17051 4.799397
4148 2125 7925 6.443901
4369 2247 16301 7.206761
21328 16301 14888 1.719015
3327 1652 13585 11.552284
4147 2125 11295 13.183361
3374 11295 1676 4.33627
14695 11295 8935 7.630982
5919 11295 3124 9.753922
5916 3124 12896 2.862999
5917 3124 14557 2.94658
11651 12896 6775 3.489585
11650 6775 13809 2.94658
9305 14557 5194 5.524462
5918 3124 15291 5.57719
11649 6775 14367 8.44305
19633 14557 13085 11.907414
12888 8935 7639 15.459226
11715 7639 6816 9.16502
10805 6816 6194 10.278857
10806 6194 10871 10.393521
16379 14367 10226 15.837319
9067 10226 5042 5.407259
9065 5042 14657 7.024841
19756 14657 13223 4.161839
21121 14657 16303 4.564212
3728 13223 1892 6.997646
9066 5042 11998 7.534369
18477 11998 12789 7.841814
1437 12789 654 11.331972
1436 654 1505 7.160964
3062 1505 10687 6.934101
16936 10687 14023 9.188245
18292 14023 11825 14.187995
18293 11825 17752 10.161558
23120 17752 16974 7.292663
12930 16974 7670 12.567307
16378 10226 17294 14.737578
5947 17294 3142 6.272975
21285 17294 14837 12.34041
20521 14023 18175 14.818097
21325 18175 14887 12.529999
21326 14887 17477 8.488812
3566 18175 1787 13.462109
3565 1787 3523 13.562533
19677 17477 13133 14.549414
2075 3523 979 15.454386
1706 7670 797 15.761073
1704 797 9786 6.100114
15805 9786 13482 10.859513
20318 13809 17569 15.99981
20080 17569 13560 9.307576
1705 797 6425 17.371168
5211 17477 2732 19.724974
5209 2732 15304 13.647182
5924 15304 3128 16.540474
5926 3128 3181 7.741955
6013 3181 3802 19.129362
5925 3128 3801 19.52832
5210 2732 16688 19.728373
2326 3142 1112 21.659847
2325 1112 4438 11.423191
1000 15304 422 24.233944
2076 979 6264 33.340683
10912 6264 8658 6.414034
13295 7925 17971 36.050076
19286 16696 12751 42.862854
7082 3802 12569 48.206421
999 422 13666 48.523705
21454 16890 15017 66.747482
20883 15017 14414 16.738525
20509 14414 14009 13.359497
19317 14009 12788 44.388966
20461 14414 13958 47.774132
1200 17094 523 67.892403
1198 523 910 12.7139
1934 910 2034 36.939316
3983 2034 3577 54.564877
6715 3577 5021 45.66386
431 166 16370 67.900482
11717 6818 8992 68.482712
14763 8992 10069 34.887718
14864 10069 9072 54.699295
14863 9072 11616 29.018856
3135 3377 1543 68.70472
2110 1543 999 15.64315
19712 13637 13178 68.748772
19287 13178 12752 59.533623
17209 10897 13222 69.118118
22679 16987 16426 69.424637
21366 16987 14930 71.028084
20676 14930 14176 23.581562
20677 14176 14300 18.74983
7050 14930 3784 53.199364
7051 3784 16350 21.548042
7052 3784 17601 38.448715
20159 14176 13651 67.596901
5647 17097 2973 71.732399
5648 2973 9729 10.409683
15731 9729 15179 25.596128
21600 15179 17936 15.273148
15027 9190 11492 72.066757
17260 12511 10943 72.133415
17953 11536 11867 72.246834
17762 11867 11364 35.474369
10737 11364 6142 19.515751
18192 13892 11741 72.549919
16492 11741 10323 8.284345
16493 10323 10810 19.654902
698 280 954 72.731857
2025 954 5019 55.689617
3985 5019 2035 60.425385
4826 2506 12073 72.946335
15380 10492 9454 73.706757
5689 9454 2995 28.157701
1348 2995 606 51.108444
1270 606 561 15.294687
1269 561 605 30.492853
677 605 268 51.200878
14105 8510 8511 74.630127
1732 813 17345 75.299522
8562 17345 4710 74.571571
8890 5411 4923 76.19136
8889 4923 6354 46.944946
11033 6354 8178 60.884998
13670 8178 8366 5.783701
13795 8270 14060 76.302048
4223 15803 2165 76.607964
6613 9072 3526 77.82737
14892 9095 11537 79.272766
3064 2035 1506 79.765251
3065 1506 7565 36.20681
10690 7565 6110 19.673231
13938 12435 8383 82.21769
13939 8383 16239 40.472462
1113 16239 480 31.576588
1112 480 11296 8.489779
1111 480 6230 11.34726
18054 16239 11623 35.892014
15761 9751 17657 83.289841
6714 3576 6164 83.716827
10699 6164 6117 13.778809
7989 6117 4345 11.438483
10700 6117 17131 26.528246
6821 17131 3643 20.06078
7988 4345 17264 31.257452
22195 17264 15867 12.264678
22373 17264 16069 15.097309
2895 15867 1415 17.232006
11141 15867 6431 23.825005
11142 6431 8704 4.705206
14379 8704 8937 8.337838
3155 6431 1555 13.70946
14378 8704 14784 41.587585
12949 14784 7681 5.054658
12950 7681 16357 2.63452
4548 16357 2353 5.759226
11398 7681 6602 11.192979
11399 6602 15067 6.1889
12319 15067 7236 7.887573
4549 2353 17975 16.662971
6900 4345 3690 42.024681
14696 8937 11692 50.943272
18140 11692 12719 11.093332
19253 12719 15022 6.627757
1317 15022 588 28.909422
1316 588 924 9.882292
1961 924 1183 10.326878
2467 1183 1438 7.13905
2935 1438 1684 8.506579
3389 1684 1730 4.777543
3467 1730 1924 9.260362
1891 1183 889 9.535034
3388 1924 1683 10.351737
3246 1683 1611 3.178631
3248 1611 17748 6.496207
1676 924 778 14.332017
1675 778 1484 24.765348
19252 12719 13574 44.357674
12476 13574 7340 6.085995
12477 7340 15951 17.690054
21941 15951 15601 0.905309
1892 889 957 50.600582
2031 957 8936 52.775761
2896 1684 1416 65.197395
2897 1416 4104 17.347532
646 13574 252 65.272865
647 252 15184 2.080661
21602 15184 17824 20.795628
3030 1484 18157 66.858757
7481 18157 4047 16.635441
456 17748 176 70.223175
457 176 1583 32.43338
3198 1583 8429 64.745079
14007 8429 14939 13.074583
16685 14939 10478 12.602174
14006 8429 15137 21.252985
18364 15137 11895 8.417497
18461 14939 11981 23.803598
7926 10478 4308 26.258644
7917 8429 4302 28.880619
6046 11895 3201 36.50198
5125 17824 2682 84.381775
5126 2682 12470 25.972706
19010 12470 14101 22.779797
19223 14101 12691 33.20356
8561 4710 4775 85.303154
21777 17924 15399 86.230637
16987 10732 13395 86.536537
19920 13395 13396 48.738037
2028 955 8161 86.829834
13645 8161 8162 47.215088
13646 8162 8163 28.938232
16477 14784 10308 87.013245
5235 10308 2745 15.814011
3310 2745 1644 17.448145
16478 10308 17347 24.600302
5234 2745 13028 38.056606
7270 13028 3920 6.53499
1699 3920 793 19.639967
7271 3920 17874 21.829264
5246 3023 2749 87.513306
22523 16858 16233 88.31144
10014 11555 5658 90.761551
10013 5658 12495 48.221657
19034 12495 12625 11.453191
19156 12625 12851 37.499424
19384 12851 12895 9.244219
19426 12895 13039 17.268467
5618 5658 2956 53.026501
19574 13039 18189 69.774376
16875 18189 10643 73.377365
21353 17735 14915 92.136345
21065 14915 14605 13.553832
20733 14605 14243 20.129957
20414 14243 13909 18.0916
21352 14915 15400 25.049212
21309 15400 14860 30.831453
19134 13909 12595 50.143204
19135 12595 12744 19.10956
19278 12744 12858 14.332088
19394 12858 12945 11.020515
18934 13909 12391 93.259216
1131 12391 488 34.499676
1132 488 10743 33.615955
17004 10743 13633 24.581507
20141 13633 15342 15.770782
15877 15342 9837 4.814013
5862 13633 3099 21.751919
10152 9837 5752 22.753
17003 10743 13428 26.947533
1130 488 17552 60.750774
4550 14415 2354 93.810692
8662 4775 13828 95.079971
1199 523 1319 95.550316
9577 5369 15915 95.916931
7229 9324 3894 95.965141
7228 3894 16960 18.017986
17157 13651 10856 98.338539
13478 16677 8045 101.098183
13476 8045 9936 54.400391
12640 8045 7458 70.552505
16004 9936 12467 78.172905
19008 12467 13641 39.086567
13477 8045 8759 100.9067
14460 8759 17694 75.226212
10413 17694 5931 12.380513
20600 17694 14106 37.625748
8682 5931 4790 46.581287
8681 4790 13506 28.899273
8680 4790 15420 47.622326
12775 7565 7594 101.623985
12821 7594 8627 31.725405
12401 7594 7289 38.985092
12404 10810 7291 101.929131
8742 7291 4828 76.77919
1187 4104 518 102.007866
1186 518 16595 18.910625
18924 16595 12383 17.040955
18925 12383 15310 18.449678
9420 15310 5269 78.768394
20665 17535 14167 103.26638
17419 14167 11077 100.443192
722 289 15852 103.518555
21414 15852 14983 42.721729
21415 14983 18105 15.865419
4911 2555 12301 104.935616
11238 7458 6497 106.559784
5547 6497 2919 9.612196
5545 2919 5838 39.555542
5546 2919 4878 42.464737
7266 4878 3916 27.032959
5297 3916 2783 33.909668
8818 4878 8993 57.200741
7267 3916 17920 57.688385
14001 13242 8423 107.837036
8219 5021 4488 108.956635
8220 4488 8887 17.257994
2677 4828 1294 108.971458
11237 6497 12618 109.295937
19150 12618 17316 25.452669
19482 17316 12944 17.366274
18200 17316 11748 104.311302
2000 11748 942 55.703602
1998 942 6267 65.936127
1999 942 5133 87.897263
9205 5133 13942 84.906013
20253 13740 17305 109.80542
23374 17305 17306 79.199219
21373 17306 14937 63.466873
8948 14937 4960 39.868706
19764 14937 13229 91.765808
19763 13229 16501 47.170029
22315 16501 16008 40.746861
19762 13229 16172 49.089962
22742 16501 17244 73.275627
9016 17244 5006 70.431633
8134 5006 4439 53.619072
9015 5006 11084 61.898369
5848 4439 3090 69.499084
8135 4439 5655 78.259209
10010 5655 7061 43.227295
12079 7061 12515 81.363892
14505 17305 8790 108.680916
14506 8790 11459 44.764053
939 8790 390 45.466843
17872 11459 12928 49.034409
19464 12928 13992 34.774414
19575 13992 13040 65.234955
4906 5133 2553 110.588448
17908 11492 14340 110.72467
20816 14340 15842 44.662205
22096 15842 15767 16.811398
22095 15767 15843 12.264169
22178 15843 15844 13.70752
19029 15844 12489 1.227066
17756 15844 11357 7.328964
13402 15844 7994 23.356453
13401 7994 15791 1.771453
6773 15791 3614 0.749597
13400 7994 15080 15.946175
17757 11357 17432 31.757971
21078 15767 14619 35.004837
22177 15842 17571 57.626274
2311 15763 1102 111.496956
2310 1102 1670 17.812983
3363 1670 2287 25.879198
4430 2287 2584 16.829868
4963 2584 3054 30.096777
5788 3054 3222 12.03337
5787 3054 3380 13.373659
6365 3380 3608 10.326188
6764 3608 3852 14.039549
7165 3852 4135 14.781958
6081 3222 3525 14.782234
6612 3525 3754 12.739628
5845 3525 3087 16.470205
5451 3087 2867 11.495423
7632 4135 4576 18.588099
8348 4576 4970 18.880774
8513 4970 4677 13.554065
8212 4677 4483 14.799591
7633 4135 4623 28.078432
8431 4623 4796 7.391255
8692 4796 4919 6.195923
8271 4919 4524 11.242676
8880 4919 4918 22.845703
8882 4918 13305 11.986702
8347 4576 5121 30.097027
8881 4918 5919 30.725267
10396 5919 5921 13.70752
10395 5919 6482 16.807423
11215 6482 6483 12.18457
11216 6482 6914 13.949219
11864 6914 7047 4.453089
11217 6483 6915 14.277996
10397 6483 5920 17.350761
12062 7047 7873 33.946033
13214 7873 8699 22.524761
3977 2867 2028 39.113678
3806 2028 1940 5.353543
3807 1940 17424 4.082711
23151 17424 17013 24.542992
2347 17013 1124 21.158432
2501 17424 1206 31.2815
3805 1940 3000 34.905308
5698 3000 3002 24.369141
2445 3002 1172 1.203125
8211 4483 5215 39.503506
9342 5215 5324 7.390979
9507 5324 18259 28.601353
19339 18259 12804 25.602053
18344 18259 11875 31.676268
7341 11875 3961 0.797808
14369 8699 10063 41.162224
8691 4918 4795 41.335403
8621 4795 4747 22.888256
8622 4747 13007 26.136948
8511 13007 4676 10.547197
8512 4676 17598 37.031715
12279 17598 7207 23.738037
12280 7207 11278 10.058149
17656 11278 17362 8.629354
1725 11278 808 9.305648
5696 4747 2999 50.21582
5693 2999 2998 7.615234
5695 2999 3001 25.89209
5700 3001 3053 47.23592
2503 1206 17386 61.845634
9261 17386 5167 22.527647
16164 10063 12344 72.099632
18889 12344 12343 9.138184
17336 12343 11012 1.279375
8428 7207 4622 77.914833
8345 4622 4575 47.235435
8031 4575 4373 30.983103
7643 4373 4141 7.610694
7644 4141 17980 6.76477
7640 4141 4140 15.230957
7641 4140 4580 12.917939
19895 17980 13367 16.957167
14404 13367 8723 15.88706
14403 8723 18082 18.61088
5884 18082 3112 15.233673
7545 4140 4085 63.983959
7546 4085 4883 22.370293
8829 4883 5703 25.154055
10083 5703 6921 37.937798
11870 6921 8364 32.11937
706 8364 283 34.070538
11871 6921 7309 44.2061
12433 7309 7364 48.757755
12510 7364 7404 47.235935
7547 4085 17850 51.242119
20069 17850 13550 48.915596
12567 7404 7451 67.029152
704 283 2694 70.573433
12511 7364 10020 77.26107
10563 10020 6024 27.44622
705 283 12167 79.07943
18678 12167 12168 16.753906
18680 12168 14830 33.719402
14582 14830 8842 11.003592
18681 12168 13444 43.268021
19967 13444 13446 12.18457
19968 13444 13445 15.230957
18679 12167 13349 58.707684
6848 17598 3659 81.74633
6847 3659 13757 7.861678
6849 3659 12477 8.684112
2502 1206 17482 82.352188
14939 17482 9124 18.985836
14940 9124 16502 12.300561
23497 17482 17527 32.014782
15786 17850 9774 83.944588
3426 4676 1705 94.083199
3425 1705 14302 6.964329
17746 14302 11350 14.953757
4329 14302 2225 93.619026
4328 2225 15290 52.074074
16222 15290 10110 30.806242
21683 15290 17943 39.538372
17698 13550 11315 95.273842
17697 11315 15932 3.249255
7342 3961 18233 98.341698
6865 18233 3670 5.64493
23227 18233 17110 14.528749
18890 12344 15326 99.154587
21714 15326 16846 48.033844
5425 16846 2853 9.351562
5427 2853 16845 7.401855
23037 16845 16844 7.615234
23001 16846 16798 19.849375
23038 16845 18056 37.785114
21712 16844 15325 51.999142
675 16844 266 52.700558
674 266 1981 53.02964
3890 1981 3467 48.965992
21398 16798 14962 57.372189
14344 14962 8683 31.961151
14345 8683 12390 54.770714
18891 12390 12345 15.294179
14343 8683 14201 70.420883
22918 16798 16710 77.726341
22803 16710 16583 15.794867
11646 16583 6772 25.152962
5338 6772 2807 17.813335
5337 2807 10752 26.392103
21632 16583 15224 42.095409
20882 15224 14413 23.748102
20184 14413 13677 23.712891
19165 15224 12631 87.388596
4841 12631 2515 12.730879
19164 12631 13642 51.465755
4525 13642 2342 11.761124
3938 2342 2005 11.15918
3940 2005 12592 18.195881
18892 12592 12346 8.506579
3939 2005 13169 18.34511
17077 13642 10799 30.338186
2747 10799 1334 1.148833
17079 10799 13756 1.498482
17078 10799 13238 15.308941
19163 13238 12630 20.978693
6449 3467 3431 94.439995
16826 13677 10608 98.604492
16283 10608 10155 13.195801
15011 10155 9178 29.083008
16825 10608 16919 31.36038
13335 10155 7954 60.526859
14371 9178 8700 78.919319
5336 2807 5796 99.24073
13264 11748 7905 111.632393
9827 7905 5535 8.648761
933 5535 385 35.046185
3984 2034 2778 112.498283
19898 13411 13370 112.715179
16318 13370 10176 101.838051
18855 13349 12304 114.078621
18854 12304 15499 90.704994
18154 11705 11755 114.238495
263 11755 100 53.14835
265 100 10210 0.336161
264 100 4521 1.383784
266 100 9279 30.10635
15148 9279 9278 7.615234
15149 9278 9313 56.370777
15194 9313 16449 82.445816
19189 16449 12660 20.820551
1358 16449 612 59.909145
4907 2553 17459 115.240929
19928 18189 13403 115.436539
15723 18108 9720 116.244354
10074 5698 9679 117.170166
7138 7537 3836 119.475807
7139 3836 6595 2.200444
7137 3836 12303 70.424332
2034 5535 958 119.493813
2033 958 17346 55.86459
20471 17346 13969 103.232674
17221 13969 10907 100.443192
6497 17346 3458 115.9897
4791 3458 2489 77.184998
17223 10907 14941 117.111649
1170 14941 510 27.176361
19288 12752 14213 119.513603
4102 14213 2102 65.024368
18383 12685 11908 120.233154
23332 17244 17246 120.322021
23333 17246 17245 89.86084
15189 17245 9308 9.70387
22708 17245 16459 25.154055
9181 9308 5115 42.140987
15188 9308 17193 60.371052
10998 6337 6335 120.322266
10999 6335 6336 18.276855
11000 6336 8115 54.421703
13573 8115 8114 54.830566
10370 8115 5901 76.018867
10368 5901 13551 8.362072
8786 13551 4854 16.301105
8785 4854 14709 9.595456
21168 14709 16156 12.858842
22032 16156 15700 14.046631
10369 5901 11458 21.821194
17871 11458 11700 7.138946
18147 11700 11878 5.579346
16884 11458 10651 53.139648
16193 10651 10090 18.585699
18347 11878 12808 56.174561
19342 12808 14131 19.166504
20626 14131 14130 74.629883
20625 14130 14129 59.399902
20535 14129 14037 30.588425
20534 14037 14228 5.783701
20718 14228 14227 3.046387
20719 14228 15532 39.322964
20717 14227 14311 45.776985
20793 14311 14312 63.96875
20794 14312 14453 4.453089
16604 11700 10410 76.253548
15674 12808 9682 81.57692
33 9682 12 18.597013
32 12 12987 26.278666
34 12 9062 36.479279
11001 6336 12674 87.348351
3037 12674 1489 28.694183
5042 2637 11522 120.499176
6790 11522 3625 12.930908
4980 3625 2596 32.068359
8505 11522 4671 40.242722
6788 3625 3624 117.275879
3926 3624 2000 51.619274
2941 2000 1440 110.185745
2940 1440 10789 16.999603
17063 10789 15741 10.677155
17062 10789 15444 26.213152
14961 15741 9142 30.970749
7498 9142 4057 49.029884
15602 15741 9622 53.570385
2939 1440 9453 67.009079
11223 13349 6488 121.540001
11383 6594 10444 123.049438
16646 10444 11912 47.163357
19108 12569 15787 123.600639
22112 15787 17500 110.955872
2240 17500 1065 66.402069
276 17500 103 69.241653
275 103 2053 76.207726
274 103 1475 95.195435
3014 1475 13438 77.991135
12737 13438 7534 109.01651
12735 7534 9251 48.844566
12736 7534 7535 100.521973
2837 15787 1388 121.876518
2838 1388 7514 81.798286
10162 7514 5756 53.842304
10160 5756 6176 13.359894
12710 7514 10520 71.815369
10788 6176 6226 82.257423
10787 6176 9136 87.996155
2839 1388 2095 103.281494
15199 15461 9315 125.424316
12188 9315 7139 62.774334
15198 9315 16419 103.593376
22674 16419 16420 3.045898
21212 16419 14763 50.21582
21211 14763 14764 4.568848
20083 16202 13564 125.508362
20084 13564 15704 80.791702
19808 15704 13279 1.443305
14725 13564 8958 88.389458
14724 8958 10723 54.79195
16792 10723 10574 7.391117
16976 10723 10758 35.058029
996 10758 420 62.315052
17022 10758 10759 62.445801
14164 10574 8550 63.451408
13563 8550 8107 48.855331
995 420 14445 63.919712
12817 8107 7592 71.721542
12816 7592 7902 9.882458
12815 7592 7843 32.120872
13171 7843 17413 29.039757
17024 10759 14074 96.259361
7536 8958 4080 109.693886
8382 8107 4598 116.037376
6351 3373 12034 127.586029
6295 3339 9645 128.023819
17206 14213 10895 128.492752
2674 4710 1293 128.775162
2675 1293 18226 37.661865
2676 1293 12354 65.56646
10526 5999 17303 128.976837
17966 11554 13695 129.158127
19120 12581 12623 129.467957
8791 16544 4858 129.622971
12273 17303 7203 129.843124
6179 7203 3277 1.311385
6180 3277 5657 1.218344
4421 5657 2281 1.270361
10011 5657 15941 28.031939
22257 15941 16148 6.806885
20806 16148 14325 70.628288
20807 14325 17107 9.083318
20805 14325 16801 36.358768
16058 16801 9980 16.869123
22253 16801 15938 25.194365
20524 15932 14026 129.894547
11703 14026 6811 1.269139
15258 14026 9355 1.68537
20525 14026 17572 41.975163
23299 17572 17194 3.061523
3563 13438 1785 131.076279
12641 7458 12934 131.564117
3034 12691 1485 131.806152
3032 1485 10007 63.538849
9464 6218 5293 132.432251
9266 5293 5170 24.725328
9463 5293 6314 33.609802
4546 5170 2352 71.199013
4545 2352 18117 22.755362
395 18117 152 25.550436
396 152 7454 17.080769
7675 7454 4162 7.750242
7677 4162 15298 6.377323
5539 7454 2915 10.315662
5538 2915 5508 4.471049
9783 5508 5647 4.365723
5540 2915 15821 7.000005
9784 5508 9006 7.234514
6422 4162 3415 37.211815
397 152 17328 39.387276
21209 14764 14761 132.506836
6590 7910 3514 132.654007
4881 3514 2538 30.725267
4803 2538 2494 7.741933
4800 2494 2493 7.615723
4807 2538 2496 9.244033
4805 2496 2495 9.138672
3797 2495 1935 18.133423
3418 1935 1701 8.369385
2961 1701 1450 20.10194
3796 1935 1936 30.460938
3269 1701 1622 86.859268
3268 1622 2539 30.725267
4882 2539 2540 28.938477
2789 2540 1362 39.086445
4795 2493 2491 118.798828
4796 2491 7101 0.914062
12135 7101 12042 41.72802
4798 7101 2492 99.608398
4797 2492 2537 9.244033
4878 2537 2536 13.70752
4879 2536 2893 12.553955
5495 2893 3308 12.553955
6239 3308 3309 10.661621
4880 2537 2894 13.954129
5496 2894 3310 14.683105
5492 2893 2892 24.369141
5493 2892 3082 5.783701
4877 2892 2535 12.645994
1632 2535 755 1.09668
1630 755 2534 18.703125
6240 3310 16818 33.594555
7495 16818 4055 5.272551
7494 4055 5247 3.306049
9377 16818 5238 27.290442
9327 5238 5206 4.777507
23016 16818 18015 37.226696
1631 755 2501 40.043289
4817 2501 8497 8.590332
684 2501 272 22.810078
685 272 12341 13.135008
686 272 16943 27.486692
2964 1450 15318 132.549042
21389 15318 14955 16.522442
21390 14955 15118 8.261221
21300 15118 14851 9.535142
20917 14955 14461 19.557095
20691 14461 14195 8.506786
20689 14851 14194 19.587736
20005 14195 13486 26.191494
19922 13486 13397 4.13079
19921 13397 13532 5.175823
19518 13397 12991 17.556784
19699 13486 13163 17.675425
19468 13163 12932 6.974487
20048 13532 14196 22.266125
17427 14194 11088 42.691895
1293 11088 577 22.672468
3056 11088 1501 36.873047
3055 1501 17218 28.86397
3057 1501 14193 30.095703
19469 14194 12933 45.037418
8047 8472 4382 133.19368
8048 4382 6136 17.900894
14470 8766 8765 134.029541
14079 8765 8490 15.139404
11278 8490 6523 10.270878
14078 8490 8764 53.398682
14469 8764 12541 32.730469
14468 12541 8763 38.853516
19086 12541 17313 48.880699
11555 8764 6708 59.999313
10917 8765 6270 73.944527
15949 9936 9894 134.037033
1018 9894 430 3.640352
18986 13039 12450 134.263611
18988 12450 13233 16.135391
18987 12450 12852 17.299236
4392 12852 2265 101.82666
16874 10643 16873 135.086792
7480 4047 4105 135.559921
4 1 4232 136.073166
11385 6595 11025 136.680634
17358 11025 11261 9.260546
17359 11025 11069 10.752468
17064 11261 10790 52.160954
16320 10790 10178 20.306175
15297 10178 9387 26.660175
16321 10178 10556 33.875175
12380 10790 7274 34.212704
12379 7274 13079 11.189935
16558 13079 10375 9.374796
5913 10375 3122 34.184776
1084 3122 465 16.241213
1086 465 6510 22.163357
11260 6510 16169 30.501896
1085 465 5317 46.507603
14219 10375 8592 57.741268
8560 8592 4709 48.143753
9776 9387 5502 60.895016
5912 3122 9958 62.057598
17635 11261 14164 106.640915
17007 14164 10744 30.078136
10285 10744 5843 25.994745
7371 5843 3978 0.93944
7370 3978 16857 6.692365
22440 16857 16146 5.458408
16177 16857 10073 22.072226
15098 10073 9238 0.935611
15097 9238 14314 32.279694
13191 14314 7857 31.195473
16800 16146 10585 63.045643
16799 10585 16031 56.402416
3441 16031 1716 9.256465
3442 1716 2609 7.202904
2216 16031 1053 39.066799
2214 1053 1717 21.560652
4999 2609 2960 48.360737
5625 2960 5845 48.439537
6286 5845 3330 52.699886
2215 1053 18070 57.150658
3293 18070 1636 58.991268
3292 1636 10670 58.998352
21979 18070 15647 75.121735
21978 15647 17490 13.118052
23331 17490 17242 31.249699
10175 17242 5765 61.029961
14412 17490 8729 73.564072
14411 8729 10006 41.220478
15795 10006 9780 31.249222
7535 9780 4079 19.788036
4560 4079 2360 4.273972
2847 4079 1394 13.856711
2848 1394 10310 21.847525
14347 9780 8685 34.887718
16086 10006 12734 93.838524
10174 5765 8633 93.851364
22439 16146 16895 97.362
1627 2360 753 98.719658
4561 2360 8827 108.370636
14036 8827 8451 9.76416
14496 8827 8783 16.811884
12172 8451 7126 39.057129
7265 7126 3915 26.590221
7263 3915 16206 15.066606
7264 3915 13149 17.354044
616 3915 239 19.694109
9691 7126 5446 51.632816
12173 7126 7127 54.830078
9603 5446 5387 56.370781
14495 8783 11099 70.02597
6515 3467 15059 136.681122
21489 15059 17449 81.167702
1857 17449 874 60.368614
1858 874 875 13.70752
1860 875 876 13.70752
1862 876 877 13.70752
1865 877 878 15.230957
1861 875 1791 27.939487
1867 877 17981 33.511673
1868 878 10116 36.85791
1871 10116 879 1.21875
16228 10116 14365 1.328977
12827 10116 7597 6.999878
12828 7597 15007 9.733748
19089 15007 12545 9.766834
9925 12545 5599 13.823148
5084 5599 2658 14.224079
5083 2658 17953 11.866675
9299 17953 5189 10.165226
9297 5189 5648 9.541089
9298 5189 9648 10.024412
14497 9648 8784 9.306152
15634 9648 9933 9.583008
7567 9933 4094 8.676279
7566 4094 4445 9.76416
8146 4445 4809 9.76416
16002 9933 14334 12.793945
15684 17953 9689 12.900393
4634 17953 2398 13.012508
2128 2398 1009 14.246765
10081 9933 5701 15.108398
10082 5701 13046 16.022949
9924 5599 10932 19.785442
6114 10932 3239 10.345532
6115 3239 10244 9.817516
16401 10244 18047 9.313143
5039 10244 2636 9.81703
262 3239 99 9.992325
8712 4809 4810 19.799805
8652 4810 4767 12.264169
8147 4767 4446 8.506666
7570 4446 4095 9.76416
7569 4095 4096 12.18457
8651 4767 5476 22.37026
9745 5476 5475 13.70752
9746 5475 17315 7.432617
9747 5476 5616 14.332017
21020 17315 14555 15.717773
9947 5616 5663 18.330017
10020 5663 5942 8.369141
10433 5942 5940 6.092301
10430 5940 5939 12.18457
10432 5939 5983 13.778323
9951 5983 5618 11.248592
9948 5618 5617 10.661621
10429 5983 5938 12.264169
9949 5617 16999 13.128522
23135 16999 17292 8.606445
15390 17292 9462 4.418395
6237 17292 3307 10.344974
6235 3307 3677 10.433594
9148 5617 5092 16.807907
9149 5092 5093 9.138672
9147 5092 5094 10.661133
8711 5094 4808 8.506666
8144 4808 4444 10.228357
8141 4444 4443 12.18457
7563 4443 4093 9.882216
7564 4093 13920 0.944336
11030 13920 6352 6.724064
11029 6352 12379 14.480162
12001 12379 7007 16.600298
21066 16999 14606 17.225468
18773 14606 12245 3.304355
18392 12245 11921 10.936035
18058 11921 11629 9.262207
17923 11629 11506 3.626465
18014 12245 11591 11.304379
16309 11591 10169 16.514715
18774 12245 16835 16.527605
19581 16835 13044 10.364004
19580 13044 13381 11.814453
7491 13381 4053 10.431442
7490 4053 4279 6.165527
7878 4279 12720 13.237232
3963 12720 2017 11.440144
3962 2017 5904 13.739605
10373 5904 12166 4.509175
10374 5904 13357 4.7809
16308 10169 11556 17.002378
17968 11556 13237 10.514026
5437 13237 2859 1.376338
1221 13237 534 7.26535
1223 534 6559 8.855527
1222 534 11101 14.364038
9874 11101 5566 13.881927
9873 5566 5980 16.744909
7798 5980 4229 4.210759
7796 4229 12001 6.872096
18480 12001 14318 7.87607
13859 14318 8318 3.487793
9694 14318 5447 7.573228
9693 5447 17585 3.590013
9695 5447 7325 5.864744
18479 12001 12659 8.308036
16769 12659 10555 6.503418
5891 12659 3114 7.167539
5892 3114 15161 8.629354
4570 10555 2366 9.291016
13286 17585 7918 13.479464
13285 7918 16741 8.511857
22942 16741 17203 14.786133
23302 17203 17442 6.708984
11433 17585 6629 14.910139
5267 6629 2759 6.841587
5265 2759 17461 9.062181
15133 17461 9269 14.578772
10309 9269 5863 9.109029
7561 6629 4092 16.361803
10310 5863 7108 17.397091
12143 7108 11551 9.996457
17965 11551 12458 15.566939
18922 12379 13093 18.444384
15478 13093 9532 16.864817
13263 17315 7904 18.86046
9314 7904 5199 10.601962
9316 5199 16994 6.640276
5837 16994 3081 8.704957
5839 3081 14809 3.137701
20169 14809 13664 4.416992
12580 13664 7414 11.606526
5940 7904 3137 11.986816
5838 3081 11995 15.721262
17993 11995 11578 6.458653
17994 11578 13803 9.263005
20312 13803 16573 9.960418
18857 16573 12305 9.235182
21992 16573 15664 14.682677
766 11578 308 15.245664
18013 11591 17481 18.897837
19643 17481 13095 15.124544
20170 13664 14320 20.683105
20801 14320 16299 11.436668
11889 14320 6931 16.679422
11478 6931 6660 8.592285
11887 6931 7241 9.76416
12326 7241 7529 8.369629
11888 6931 6936 12.18457
11477 6660 10947 13.585966
17264 10947 13875 4.645241
11895 6936 6935 13.70752
11894 6935 6934 13.70752
11892 6934 6933 12.18457
11890 6933 6932 7.615234
11893 6933 7240 10.228211
12325 7240 7528 8.507147
9744 14555 5474 21.018555
9743 5474 9199 9.401477
15040 9199 12776 9.568957
6991 12776 3748 16.357428
8834 5474 4886 18.197628
7813 4886 4239 18.197142
6878 4239 3678 16.807907
4000 12776 2043 19.361132
3999 2043 16591 5.733481
3998 2043 4408 16.25127
22810 16591 16939 17.770742
5726 3678 3018 19.587616
4662 3018 2417 19.52832
4663 2417 2466 13.778323
4756 2466 17055 10.724186
23003 17055 16804 8.522949
3623 2417 1829 19.52832
3298 1829 1638 7.14209
2743 1638 1331 9.59668
1877 1331 881 12.554199
54 881 20 1.69043
52 20 17867 12.776855
1878 881 10505 14.911133
3297 1638 16185 15.292019
11644 16185 6771 8.999972
16973 16185 10718 15.696992
16714 10505 12805 15.73291
18132 16185 11686 16.55625
10213 11686 5790 11.728435
10212 5790 8548 11.732247
18131 11686 13025 14.820887
1020 17867 432 18.44537
507 432 199 6.597656
505 199 3693 9.092773
6374 3693 3385 9.066895
6373 3385 10578 13.813965
2265 3385 1078 14.728027
1021 432 15751 15.611418
1102 15751 474 9.712022
15057 15751 9210 9.927323
15058 9210 9889 3.854071
7812 4239 4240 19.799805
7815 4240 4887 18.133301
8836 4887 5477 18.133789
6785 4240 3622 18.197628
5727 3622 3019 18.133301
4664 3019 2418 19.587616
3700 2418 1877 18.197628
2744 1877 1332 18.133301
4587 2418 2374 18.330017
3701 2374 1878 16.807907
2628 1878 1272 19.52832
1856 1272 873 11.15918
1762 873 826 9.24446
4586 2374 2965 19.52832
5632 2965 3623 19.52832
6787 3623 4241 18.133789
7816 4241 4888 18.133301
8837 4888 5478 18.197628
15041 9199 14759 22.390013
14161 8548 9419 23.018555
1876 9419 880 9.899438
6963 9419 3731 10.296362
15336 9419 17401 12.378198
17094 17401 10812 9.311407
10754 10812 6154 5.301596
10753 6154 17465 5.470837
23484 17465 17811 10.434082
10375 5904 7466 24.707645
2350 7466 1125 1.706055
2348 1125 5341 5.07249
2351 1125 7470 15.047852
12653 7470 7469 10.661621
2349 1125 5343 16.174803
12652 7469 7468 18.276367
12649 7468 7467 10.661621
15059 9210 17036 25.211838
23169 17036 17642 1.599121
3097 17036 1523 13.586631
2908 1523 1423 8.422375
2909 1423 1795 13.000488
3096 1523 8991 14.404516
14762 8991 11552 5.278286
13432 11552 8013 9.395876
10282 8991 5841 10.625226
12839 8013 7604 12.037598
10281 5841 9074 16.107494
23605 17642 17644 18.276855
13433 8013 16321 18.41449
10280 5841 12617 20.082636
4895 12617 2546 14.179688
4894 2546 5775 2.376629
10189 5775 11601 5.327022
18026 11601 12153 10.737634
3508 12153 1755 4.721862
10378 12153 5905 8.594225
10376 5905 7709 13.280762
10377 5905 17135 13.814453
10190 5775 7270 14.205206
12372 7270 8730 8.588746
14413 8730 13098 12.761065
12373 7270 12905 14.894788
19439 12905 12906 12.18457
8983 12905 4988 26.546967
8982 4988 11992 7.030867
4123 11992 2112 10.432617
13135 11992 7820 11.347168
23599 17867 17636 26.992878
9487 17636 5309 4.334165
9803 17636 5522 18.879869
5371 5522 2823 3.640137
1118 5522 482 8.041992
1119 482 498 6.444983
22601 16321 16320 31.984375
11165 7470 6449 32.118645
22446 16320 16154 33.9687
9749 5478 6726 38.596191
11585 6726 7471 22.764648
12656 7471 7530 6.249961
12651 7468 8853 39.086323
9382 7529 5241 39.297302
9381 5241 11941 16.966761
1761 826 827 41.122559
22602 16320 17643 42.246761
23506 17643 17497 33.768093
1763 827 2375 48.915752
4588 2375 2685 9.76416
889 2685 364 15.234136
888 364 7996 19.651651
8364 7996 4585 22.434416
8362 4585 5253 19.587616
9398 5253 5254 42.645996
9400 5254 5255 15.230469
8456 5254 4641 18.197142
8148 4641 4447 5.57959
9399 5253 15837 51.683617
12660 15837 7472 16.804432
1145 874 494 55.861904
18015 13357 11592 113.335541
18016 11592 14249 79.427757
20738 14249 17627 43.798767
1722 14249 807 46.100739
1723 807 17815 70.229561
22223 17815 15896 69.057869
1724 807 13797 71.919556
8516 15896 4679 76.674088
8517 4679 13027 54.640598
11676 17815 6792 91.275421
1721 807 15745 105.039635
6287 15745 3331 69.75325
7594 15745 4112 71.708252
7596 4112 14255 37.647026
5672 14255 2986 8.901251
5670 2986 2987 7.615234
3044 14255 1493 61.111496
3042 1493 12603 54.845703
19063 16154 12521 118.768135
13405 7996 9537 126.898125
887 364 11523 129.477203
5574 7467 2931 132.618774
5572 2931 12372 38.608063
5573 2931 15696 130.7565
16850 15696 10629 1.684249
5004 10629 2615 41.860268
16849 10629 17197 50.460976
14778 15696 9003 52.912186
14779 9003 18014 26.465017
2035 18014 959 48.36116
2036 959 1218 11.496108
2526 1218 2044 47.650124
942 2044 392 51.33564
1312 587 5032 136.967026
18853 12301 15169 137.656998
18622 15169 12121 10.000563
18621 12121 12321 6.709229
5108 12321 2672 4.415832
7075 12321 3796 10.824317
18623 12121 16645 105.290886
9540 16645 5345 10.557769
15914 16645 9870 59.517635
14973 9870 9151 6.732642
13653 9151 8167 5.117432
2562 8167 1236 15.360984
15912 9870 11859 32.006001
13654 8167 14923 37.884201
15682 11859 9687 135.394913
15681 9687 15695 5.818115
16603 15695 10409 4.246162
4754 9687 2465 5.913282
18027 17907 11602 137.976364
3015 1475 2472 138.147369
4766 2472 2603 20.237267
4989 2603 10934 107.274452
11119 10934 6417 2.986778
11120 6417 11112 2.956195
17456 11112 11184 9.554475
17251 10934 11113 23.517658
17458 11113 11253 4.170898
16431 11113 10267 25.10791
15984 10267 9922 18.0916
16052 10267 9974 21.495924
15000 9922 9170 26.191702
14743 9170 8974 5.783701
17457 11113 11343 28.284842
17735 11343 11417 3.178202
14744 8974 16517 105.159615
21650 16517 15250 39.086323
16527 15250 10350 33.185551
16526 10350 13887 7.523367
20123 13887 13609 11.508899
18608 13887 12113 60.05727
5045 11112 2640 115.734848
3834 1997 1950 138.605896
3835 1950 15098 34.251244
19315 17413 12786 138.859726
19849 13315 15908 139.221375
18171 15908 11720 39.998863
15783 10643 9772 141.543304
18497 12052 12012 141.651886
12658 7472 14583 143.189896
21040 14583 17789 9.991699
8304 17789 4550 47.641113
8303 4550 6842 77.980957
11764 6842 14584 1.462402
18125 14584 11679 1.582133
8310 14584 4554 2.802384
18124 11679 12494 67.024353
19033 12494 13999 68.390526
7304 13999 3939 27.102123
7305 3939 7960 39.948147
13344 7960 13566 68.889069
8311 4554 14648 117.527481
1662 7960 772 135.567871
13745 8589 8238 143.281036
13744 8238 15611 16.680307
13743 8238 14059 19.273548
21927 15611 15577 77.688789
10677 15577 6102 13.251931
2333 15577 1116 31.238169
20714 15577 14220 40.480316
2334 1116 8209 44.994503
13708 8209 9212 14.256844
7294 9212 3933 30.781374
15062 9212 15612 49.640011
7293 3933 8900 66.220535
14644 8900 12311 43.62262
2187 6102 1039 131.33345
2186 1039 2976 31.176611
5651 2976 5630 78.12838
9969 5630 6674 32.22683
9970 5630 13318 43.441326
8528 13318 4686 14.2887
21041 14584 14875 144.284698
19351 14875 12821 18.799826
19350 12821 17758 6.895953
20774 17758 14295 10.0015
5585 14295 2935 24.240068
5584 2935 3483 15.943359
5583 2935 2936 59.399414
3218 2936 1594 10.190226
474 2936 186 53.521332
475 186 6340 47.014202
11004 6340 6339 63.96875
11005 6339 7812 49.356266
13126 7812 13780 26.184898
16780 13780 10564 25.02751
16778 10564 11508 28.413574
10231 11508 5804 22.92417
10232 5804 15289 17.622126
3769 15289 1915 34.169464
16779 10564 12483 77.39904
17951 12483 11535 68.279472
3767 1915 4683 85.087891
8524 4683 6122 43.241699
10708 6122 7789 51.59668
13095 7789 8039 7.138573
10623 6122 6068 63.983471
13096 7789 9439 85.106651
13470 8039 11358 96.259125
17758 11358 11527 5.57959
9228 10564 5145 101.063354
2852 5145 1396 8.378583
2851 1396 15363 66.420952
2836 15363 1387 37.147503
2835 1387 11886 60.267635
17483 11886 11135 26.32391
18353 11886 15038 34.826248
8632 15038 4751 9.312655
8631 4751 7948 20.47588
2823 7948 1379 7.255729
11896 7948 6938 14.9769
9220 6938 5141 10.83253
9221 5141 8503 1.200078
4741 6938 2457 16.652231
4743 2457 7390 10.954245
12548 7390 7874 14.504038
6300 7874 3341 4.464291
12547 7390 13947 16.119333
9494 7874 5315 17.482195
4742 2457 7669 21.945665
12929 7669 9543 10.35885
5982 9543 3165 15.505282
21472 15038 15096 22.201168
21104 15096 14640 13.335449
21520 15096 15097 15.230469
21074 15097 14616 16.676212
21521 15097 15144 18.329979
4025 4751 2059 24.956211
470 2059 184 9.226341
20307 14640 13798 25.766727
20149 13798 13644 5.783701
20308 13798 17195 8.380713
22607 17195 16327 8.167023
3221 17195 1596 8.305395
8857 13644 4903 8.778887
8858 4903 12295 11.770781
17747 12295 11352 9.701286
17748 11352 16509 10.246429
11777 16509 6855 2.962175
21510 16509 15084 14.323194
13884 15084 8338 9.288672
13883 8338 8773 10.852051
14484 8773 8911 4.366211
19995 15084 13476 11.866479
19996 13476 17374 8.559375
23186 17374 17050 9.262207
5479 17050 2884 10.243296
7871 17050 4275 12.554392
8486 17374 4660 12.61434
3087 2884 1517 14.21139
3088 1517 5413 7.824898
9640 5413 16145 10.544933
11361 16145 6579 14.195261
15434 13476 9499 15.108887
15435 9499 12419 9.835935
16338 12419 10191 11.100442
6213 9499 3296 12.594982
6214 3296 15357 11.215765
7817 15357 4242 10.151296
673 4242 265 5.255347
16339 10191 13139 13.019494
19681 13139 13847 2.879212
20284 13847 13771 3.85366
11778 6855 9058 16.625109
18958 12419 16191 16.724007
17059 13139 10787 17.007219
17060 10787 17310 11.083694
23082 17310 16914 12.135742
3968 10787 2020 13.520624
3969 2020 4168 6.516867
7687 4168 17020 3.645471
20904 17020 14437 1.129465
7686 4168 4364 6.067383
8019 4364 4495 3.083008
8231 4495 4611 3.626465
8409 4611 4756 3.194336
4272 4364 2193 6.572185
8408 4611 5311 6.745789
8640 4756 5444 6.752786
8230 4495 16374 7.435966
8286 4756 4534 8.926018
8285 4534 7301 2.612867
12421 7301 12639 5.143507
7041 12639 3778 2.7754
1318 12639 589 7.33276
16972 14437 10717 12.893564
672 265 17631 17.303577
6871 17631 3673 10.554028
6870 3673 7273 11.095468
12377 7273 15072 7.69453
12378 7273 11860 12.140952
2604 3673 1260 13.494604
9690 5444 9580 17.438965
15540 9580 12411 7.39552
14046 12411 8458 10.586268
14045 8458 12701 5.995323
14586 12701 8847 4.103005
9421 10191 5270 19.281738
11288 8773 6530 20.212017
3760 8338 1911 21.153559
19193 17310 12664 21.853327
9639 5413 17095 23.486111
23222 17095 17323 6.374512
10168 17095 5761 6.537657
18063 17095 11632 9.595306
18062 11632 11633 7.615234
18064 11633 11857 7.138469
18061 11633 11631 12.18457
18060 11631 11771 4.18457
17848 11631 11438 5.57959
17468 11438 11123 9.76416
16562 11123 10377 22.37026
4360 10377 2244 23.762753
4361 2244 14319 24.096378
12696 13847 7501 24.859112
20278 13798 13764 27.450485
20277 13764 14071 9.76416
20566 14071 14337 8.369141
20276 13764 13799 10.752437
20567 14071 14108 13.778273
20601 14108 14383 8.50706
20309 13799 13827 15.294223
20341 13827 16917 10.397966
20071 16917 13552 4.059195
8899 16917 4929 12.621588
20340 13827 13876 15.294223
20384 13876 14210 10.228211
20663 14210 14165 9.244051
20664 14165 14426 8.506666
20383 13876 13922 13.778759
20424 13922 13923 12.184082
20425 13923 13924 13.708008
20426 13924 13925 13.70752
12466 13925 7334 10.922887
12468 7334 7444 0.71582
7225 14210 3893 17.338547
7226 3893 17276 4.865628
19778 13799 13243 18.387335
19493 13243 12959 15.614179
19329 12959 12798 7.211532
19367 12959 12834 17.268585
19330 12798 13321 18.197142
10715 13243 6126 19.155157
7227 3893 12951 21.086946
4218 12951 2161 10.646423
4217 2161 17205 20.204029
17316 17205 10995 8.761225
683 10995 271 10.59338
15942 17205 9888 11.555243
17315 10995 14932 12.064824
16374 12951 10222 21.698547
7401 10222 3998 8.699602
7402 3998 10764 10.441253
16373 10222 18231 13.464903
15068 13922 9217 22.494175
17031 13924 10768 22.848957
10714 6126 12263 25.503906
18463 12263 11984 9.76416
18177 11984 11723 8.506579
17996 11723 11579 4.453089
17798 11579 11394 5.783701
17499 11394 11152 6.974609
17070 11152 10793 11.158691
18419 11984 11944 12.264113
17069 10793 10794 13.70752
17013 10794 10749 10.7525
16775 10749 10561 5.57959
16566 10561 10379 5.57959
16011 10379 9941 12.554199
15552 9941 9588 11.262138
18178 11723 11724 13.70752
18176 11724 11722 10.661621
18175 11722 12020 9.882216
18509 12020 12143 8.689641
18510 12143 12021 4.453089
18172 11722 11721 10.661133
17795 11721 11393 11.508899
17413 11393 11073 9.882216
18418 11944 11945 13.70752
18421 11945 12228 9.882216
18753 12228 12397 13.401327
15551 9588 9589 19.799805
15556 9589 9942 11.158691
16013 9942 10380 12.554199
16567 10380 10386 9.138672
16577 10386 10543 5.230957
16756 10543 10795 7.323242
17072 10795 11153 11.262138
17500 11153 11318 4.453089
17702 11318 11580 8.369629
17997 11580 11725 4.18457
18180 11725 11946 7.138946
15950 9942 9895 13.778273
17701 11318 11319 16.753906
17703 11319 11726 12.554199
17704 11319 11320 16.753418
17572 11320 11209 2.789551
12070 11209 7055 6.408103
12071 7055 10796 6.237653
17073 10796 14558 7.68674
16578 14558 10387 4.959498
16568 10387 10381 4.569336
17705 11320 11682 11.15918
16014 10381 9943 12.554199
15559 9943 9591 11.158691
15369 9591 9440 4.18457
18127 11682 12058 12.646236
13634 12058 8152 6.567826
16015 9943 9944 15.230469
15557 9591 9590 16.753906
13635 8152 12759 17.339949
19297 12759 13061 9.882216
19602 13061 13136 2.790039
14766 9590 8995 17.812983
16571 10387 10382 19.799805
16570 10382 10388 4.568848
16573 10388 10383 6.092285
16579 10388 10750 11.15918
16572 10383 10389 12.18457
16016 10382 9945 12.554199
15734 9945 9731 6.974121
15638 9731 9652 5.353797
15639 9652 15053 7.9939
15550 15053 9587 8.817948
15549 9587 9592 4.568848
17014 10750 11210 14.031676
17573 11210 11634 12.646236
18065 11634 12022 12.645752
18511 12022 12229 7.138946
18755 12229 12230 13.70752
15560 9592 9593 15.230957
15562 9593 9808 6.974121
15561 9593 9594 16.753418
18067 11634 11636 16.753906
18070 11636 11635 1.522949
18069 11635 11637 15.230469
18071 11637 11638 12.18457
17578 11638 11213 12.554199
17575 11213 11212 12.18457
17576 11212 11360 4.18457
15548 11212 9586 7.280273
15547 9586 11211 9.473145
17574 11211 11359 4.18457
17075 11213 10797 12.645752
16821 10797 10605 12.03337
16583 10605 10390 6.974609
16582 10390 10391 4.569336
16584 10391 10392 4.569336
16393 10392 10236 4.18457
8385 10392 4601 7.264648
8386 4601 10384 9.48877
18074 11638 12059 14.031624
18555 12059 12357 9.882292
18904 12357 12641 9.76416
19171 12641 13015 12.645752
19554 13015 13287 9.764648
19816 13287 13597 9.882216
20110 13597 13877 9.76416
19550 13015 13014 13.70752
19551 13014 13137 4.185059
19209 13014 12679 11.262205
19210 12679 12724 15.294179
18903 12357 12358 16.753418
18557 12358 12060 9.76416
18075 12060 11639 14.031624
17945 11639 11530 2.790039
17707 11530 11321 10.326518
19258 12724 12723 16.753906
19257 12723 13062 11.262689
19603 13062 13460 13.94873
16574 10384 10385 18.276855
16576 10385 10906 15.419146
15466 9594 9519 18.330017
15465 9519 9692 4.18457
15464 9519 9595 18.330017
15564 9595 9596 19.799805
15566 9596 9597 19.799805
15568 9597 9598 18.276855
15570 9598 9599 18.276855
15226 9599 9334 6.974609
14321 9334 8666 19.52832
14318 8666 8665 18.276855
14316 8665 8664 19.799805
14314 8664 8663 18.276855
14307 8663 8660 19.799805
14304 8660 8659 18.276855
14306 8659 8662 16.753418
14313 8662 8716 18.330017
13807 8716 8280 11.15918
13304 8280 7930 9.882292
13300 7930 7928 12.184082
13301 7928 7929 12.18457
13302 7929 8279 10.228211
13805 8279 8661 9.76416
13303 7929 7998 10.7525
13032 7998 7744 7.610694
12642 7744 7460 8.369141
12218 7460 7158 9.764648
11722 7158 6822 9.76416
11721 6822 7881 10.43164
11794 7881 6868 1.88449
11793 6868 6922 13.778809
11872 6922 6924 13.70752
13033 7744 7745 15.230957
11875 6924 6923 16.753418
11876 6923 13933 16.100086
11798 13933 6870 2.229931
11796 6870 6869 9.138672
11795 6869 6871 7.615234
20105 13933 13592 11.717285
11112 6869 6411 15.643246
12219 7158 7159 16.753906
12585 7460 7417 16.811884
13227 7881 13382 17.685703
18086 13382 11649 9.870764
18087 11649 14910 8.410235
10158 11649 5755 10.988152
10159 5755 14109 8.991819
9054 14109 5034 10.664327
8644 5034 4760 8.369141
8044 4760 4379 9.76416
7443 4379 4024 9.76416
7444 4024 14845 9.879895
21120 14845 14655 5.57959
20832 14655 14361 8.493129
20586 14361 14091 8.369141
20363 14091 13849 7.138946
20831 14361 14405 9.244534
20094 13849 13582 9.882216
19767 13582 13232 11.262623
17010 13382 10747 13.613815
8043 4379 4378 15.230469
8042 4378 4759 9.76416
9052 5034 5033 15.230469
2475 5033 1189 15.216835
993 4378 418 15.917394
992 418 18060 17.65918
16600 10747 10404 17.664
13407 7998 8046 18.329979
11799 6871 6925 18.330017
9567 14109 5362 18.607262
9565 5362 5363 16.753441
9569 5363 5364 18.276855
9570 5364 5365 6.092285
9055 5365 5036 11.15918
8647 5036 4763 8.369141
8045 4763 4380 9.882216
7445 4380 4025 9.76416
6943 4025 3717 9.76416
6630 3717 3536 5.57959
6223 5755 3301 19.332426
6224 3301 8407 9.603139
13979 8407 15654 10.036949
13980 8407 13391 10.237494
19375 13391 12843 18.510254
7446 4025 4027 19.799805
7447 4027 4322 8.369141
19678 13136 13134 19.799805
19679 13134 13135 16.753906
19296 13135 12758 12.554199
19295 12758 12757 12.184082
19291 12757 12755 15.230957
19292 12755 12756 12.18457
9571 5364 6073 20.92334
14590 9589 8852 20.92334
16564 11073 10378 20.978693
8646 4763 4762 21.322754
16575 10385 10393 21.322754
16586 10393 10839 13.94873
17135 10839 11124 8.369629
17470 11124 11262 4.18457
17637 11262 11489 7.138573
17905 11489 11821 9.76416
18289 11821 12024 7.138946
18516 12024 12359 11.15918
18906 12359 12601 8.506579
18513 12024 12023 12.18457
17134 10839 10840 16.753906
17136 10840 11215 13.509963
17582 11215 11531 9.76416
17581 11215 11214 12.18457
16588 10840 10394 14.031624
17946 11531 11772 14.039549
16587 10394 10395 18.276855
16589 10395 10396 19.799805
17579 11214 11216 19.799805
6548 3536 3488 21.36742
5715 3488 3011 13.94873
5258 3011 2755 8.906804
5259 2755 13583 9.879895
20045 13583 13529 1.39502
20001 13529 13484 1.394531
5714 3011 3012 18.276855
11803 6925 6872 21.36834
11801 6872 6873 18.276855
11804 6873 6874 18.276855
4657 13583 2414 21.38393
18232 11772 12103 22.727947
18464 12103 11985 4.185059
20362 13849 13851 22.845703
8643 4760 4761 22.846191
16591 10396 10397 22.846191
16593 10397 10400 3.045898
16596 10400 10398 19.799805
16595 10398 10751 11.15918
17016 10751 11074 9.76416
17415 11074 11264 5.57959
17640 11264 11265 9.138672
15952 10398 9896 13.94873
15576 9896 9601 9.76416
15230 9601 9337 6.974609
14771 9337 8998 9.76416
14325 8998 8668 9.76416
14324 8668 8669 13.70752
14326 8669 8670 13.70752
13479 8670 8047 16.73877
13306 8047 7931 15.484303
12872 7931 7626 9.882216
16961 10751 10708 16.811884
17638 11264 11263 18.276855
12518 8047 7370 19.764433
12519 7370 7461 12.499923
12517 7370 17617 13.589126
12644 7461 7517 13.778273
12716 7517 7697 5.57959
17361 11074 11027 19.848886
13305 7931 8594 20.305738
14223 8594 8999 11.15918
14772 8999 9390 11.15918
15233 9390 9338 16.811884
15232 9338 9732 11.262623
15735 9732 9733 10.661621
15736 9732 10344 18.197142
11935 10344 6969 2.193359
16520 10344 10606 8.50706
14222 8594 8595 18.276855
14225 8595 8596 12.18457
14227 8596 8597 13.70752
14228 8597 8600 9.138184
14231 8600 8598 7.615723
13724 8598 8225 9.76416
14232 8598 8599 16.753418
14233 8599 8604 9.138672
14237 8604 8601 6.092285
14235 8601 8602 13.70752
13677 8602 8185 11.262689
14238 8602 8603 13.70752
16518 10344 10343 19.799805
11808 7517 6875 20.45657
11809 6875 6876 15.230469
11811 6876 7012 4.453089
13164 8597 7838 20.92334
12721 7838 7519 9.882216
12321 7519 7237 8.369141
12720 7519 7520 15.230469
12222 7520 7161 11.15918
13163 7838 7840 16.753906
13166 7840 7839 15.230469
12718 7839 7518 9.76416
12717 7518 7521 12.18457
12223 7521 7162 11.15918
12646 7521 7463 15.294179
12224 7463 7163 9.764648
12645 7463 7464 15.230957
12521 7464 7371 2.790039
12647 7464 7793 9.76416
12520 7371 7372 13.70752
12522 7372 7523 4.453256
12275 7372 7204 5.57959
11882 7204 6927 8.369141
12723 7523 7524 10.661621
12724 7523 7883 11.262689
13102 7793 7794 13.708008
13099 7794 7792 13.70752
11666 7371 6785 18.197182
11667 6785 6786 9.138184
3936 6786 2004 5.091205
11114 6786 6414 12.554199
10637 6414 6075 9.882216
3937 2004 16389 15.212036
11724 16389 6823 14.755271
11362 6823 6581 8.369141
10977 6581 6318 11.315225
10849 6318 6221 3.178631
4109 6221 2106 6.788163
4108 2106 10761 13.739752
17025 10761 15033 8.419623
11861 15033 6911 9.734252
11720 6823 6821 15.230469
9944 6075 5614 17.556686
9945 5614 5708 4.130265
2812 6821 1372 18.703279
2811 1372 7014 15.380833
12009 7014 7013 12.18457
12010 7013 7160 4.453089
11550 7013 6705 10.228211
11038 6705 6361 11.567531
11039 6361 6412 6.249961
10574 6361 6032 9.882216
12011 7014 7462 14.277892
11037 6361 6362 16.753906
11041 6362 6580 6.974609
11040 6362 6413 13.778323
11113 6413 6498 2.790039
13229 7883 7884 19.799805
13168 7884 7841 6.249961
12722 7841 7522 9.882292
13167 7841 7885 10.752015
13230 7884 8281 11.15918
13809 8281 8671 9.76416
12784 7885 7572 12.382975
13103 7885 7795 15.484303
13104 7795 8282 16.675535
13810 8282 8807 13.94873
14527 8807 8947 5.175725
14398 8807 8718 15.483823
14399 8718 9340 18.133301
14526 8807 9397 19.070965
13228 8595 7882 20.960608
13162 7882 7837 18.330017
14241 8603 9339 20.978693
15235 9339 9396 13.778323
15308 9396 9693 8.906345
15306 9396 9394 15.230469
15307 9394 9395 6.092285
11551 6705 6877 22.041155
11308 6877 6543 11.262623
17639 11263 11986 22.317871
18465 11986 12554 19.52832
14230 8598 9392 22.318359
15303 9392 9441 9.244534
15300 9441 9391 10.752015
15301 9391 9853 14.031624
15304 9392 9393 16.753418
14322 8668 8667 22.845703
14323 8667 8996 9.76416
14768 8996 9335 9.76416
15227 9335 9600 6.974609
14769 8996 8997 10.661621
15228 9335 9336 12.18457
20044 13582 13528 22.888742
10634 6073 7642 24.042742
7442 4024 4026 24.369141
9053 5034 5035 24.369141
4110 2106 6095 24.511677
2817 6095 1376 9.403955
2171 1376 1033 9.150879
2172 1033 5198 9.403955
9313 5198 6930 10.391822
4027 6930 2060 19.424145
10636 6873 6074 25.10791
10472 6074 5964 3.319824
10471 5964 13895 13.559314
9642 5964 5415 16.333984
9141 5415 5088 11.033691
9140 5088 5090 4.568848
2894 5415 1414 13.610827
9142 5090 5089 13.708008
9138 5088 5087 16.753906
8705 5087 4803 8.506579
8704 4803 4804 9.138184
9139 5087 5366 9.76416
8046 4803 4381 11.262623
8228 5089 4493 16.807907
8227 4493 4494 12.18457
8229 4494 4805 8.369629
8706 4805 4806 4.568848
8707 4805 5091 8.369141
9146 5091 5224 4.18457
9145 5091 5130 7.741955
7550 4494 4087 11.158691
7551 4087 4145 4.776933
9144 5091 14663 13.259395
9143 5091 13598 13.397682
17864 13598 11451 9.308214
17342 11451 11015 7.570263
17343 11015 14120 0.351641
8225 4493 4492 13.70752
8226 4492 4764 7.13905
7952 4492 4323 10.051167
7646 4323 4143 5.78383
7647 4143 4144 7.615723
17863 11451 15359 15.127636
1841 4494 865 16.692877
1840 865 16262 6.662768
1842 865 1166 8.383301
2433 1166 1188 0.878906
18333 16262 11865 17.679144
12963 11865 7689 6.77351
17869 11865 11455 12.23291
6768 11455 3611 7.165636
12961 7689 9344 14.236405
14832 9344 9044 8.620605
15241 9344 16613 10.34602
15973 16613 9912 6.856696
15972 9912 10083 5.42627
14260 11455 8619 15.118675
12962 7689 10003 17.756697
16084 10003 13616 8.385909
6635 4143 3538 18.133301
6634 3538 11980 16.509766
11997 11980 7004 5.574219
6546 7004 3486 11.508204
6545 3486 14733 6.821443
6637 14733 3539 8.472784
924 3539 381 6.769178
922 381 3619 6.529762
6636 3539 3974 7.742717
7360 3974 9866 4.820906
11160 9866 6445 7.661133
15610 9866 9628 7.881348
11350 9628 6572 9.197449
1910 3974 897 10.047289
10863 6572 6232 10.433594
10865 6232 8591 9.3087
14218 8591 12430 8.385909
1250 8591 549 9.313143
1251 549 16010 5.504772
18632 12430 12129 10.433594
18631 12129 12738 6.731934
17224 12430 10908 11.849609
11351 6572 12170 12.549805
13380 12129 7979 13.031974
11349 6572 17715 14.408203
7361 3974 15249 14.422482
5180 15249 2713 10.939241
5179 2713 3282 3.007818
5181 2713 5693 9.579802
6187 3282 3283 15.230469
6188 3283 5850 5.765436
10291 5850 14055 1.142017
10315 14055 5866 10.917647
6547 5850 3487 14.012381
10316 5866 16115 14.175532
20435 16115 13932 13.979613
5128 17715 2683 16.197128
5129 2683 10446 13.717007
5127 2683 6208 16.03503
6190 3283 4776 17.504713
8663 4776 8123 4.485536
13586 8123 14374 7.207855
8664 4776 8409 11.655617
10317 5866 11716 17.840137
10569 6074 6029 18.330017
7308 4143 3941 20.570953
20611 14120 16310 20.911621
22594 16310 17880 7.087799
9889 16310 5574 12.894052
18167 11716 13231 21.729973
10565 6029 6028 22.846191
9741 6028 5472 16.807423
8040 4381 4377 24.369141
13035 8664 7746 25.10791
13034 7746 7747 18.276855
13037 7747 7748 18.276855
13036 7746 7749 19.799805
6631 4377 3537 25.154055
6632 3537 15822 24.19302
15951 9896 9897 25.89209
12323 9897 7239 8.925392
15953 9897 10399 13.94873
7318 10399 3950 9.171678
7319 3950 8367 10.066827
13922 8367 11122 3.131756
12467 7334 16072 26.174776
22377 16072 17890 4.577395
10062 17890 5688 12.680154
22055 17890 15727 12.846736
10061 5688 10093 16.091721
8447 10093 4635 13.47102
2953 4635 1445 9.609381
4270 5688 2191 23.248999
3545 2191 1775 13.516113
4711 5198 2441 26.304722
4712 2441 10610 9.915848
11545 10610 6698 7.382971
4710 2441 12687 10.405863
9136 12687 5086 14.063852
10571 16310 6030 27.28908
3989 6030 2036 3.910989
3987 2036 6031 5.274531
3988 2036 5276 18.644751
9434 5276 12310 15.253511
9435 5276 9241 24.414236
15302 9392 10345 27.897461
15631 10345 9646 9.77832
16521 10345 10346 18.276367
16522 10346 10348 9.138672
2883 2244 1409 27.939487
2882 1409 15927 12.143569
21322 15927 14880 10.933277
11032 14880 6353 16.987577
9977 6353 5635 14.665286
9979 5635 13579 9.378793
6312 13579 3350 17.319017
9978 5635 8244 17.694271
13752 8244 8823 15.330078
13206 8244 7867 17.664
13205 7867 8164 7.979004
1152 7867 499 8.53759
2875 8244 1407 17.84539
2876 1407 5337 10.987284
2884 1409 11427 17.978596
2877 1407 5750 22.555872
2952 1445 6806 27.940714
3405 6806 1694 11.579372
3406 1694 13921 12.208372
9757 13921 5485 12.166986
9756 5485 11260 6.447836
4753 11260 2464 6.328937
13944 11260 8385 13.58983
11697 6806 8342 14.180516
3404 1694 14262 14.913316
4428 13921 2285 15.321878
5826 5485 3075 23.169247
14396 16145 8715 27.972399
3038 8715 1490 0.168163
5591 8715 2939 1.873535
5582 8715 2934 13.357422
5589 2939 2938 15.230469
5587 2938 2937 16.753906
14552 8823 9781 28.19043
11082 10768 6390 28.360359
15309 9397 10290 28.567034
16456 10290 10291 22.845703
16458 10291 10292 13.708008
16460 10292 17271 12.199707
23350 17271 17270 7.615234
8015 17271 4362 17.192362
8016 4362 7759 1.38211
16459 10291 17869 21.855465
12996 17270 7715 27.902344
7241 7715 3903 14.454102
7240 3903 11469 16.542749
11689 11469 6802 7.935449
11548 6802 6700 3.822266
11389 6700 6597 3.626465
11390 6597 10774 5.615016
16846 10774 10627 4.254395
10811 10627 6196 2.612255
10812 6196 10453 3.32627
8683 10627 4791 13.250488
8009 6700 4359 21.20492
17884 11469 17548 21.856174
21781 17548 15411 6.405824
22928 17548 16724 11.79271
11388 6597 16506 26.03289
18741 16506 12219 6.663184
18475 12219 11996 7.351074
22749 16506 16727 7.545898
22929 16727 16944 6.709473
23096 16944 17189 8.090332
7239 3903 17511 27.613281
23351 17511 17273 12.275879
4189 17273 2147 22.991104
4190 2147 3417 15.456038
6426 3417 7590 11.084353
8268 7590 4522 9.192826
3224 4522 1598 11.531152
3225 1598 6677 8.124172
11511 6677 6958 23.505754
11919 6958 14174 8.143674
20675 14174 14508 10.866211
20967 14508 14828 8.82959
8992 14437 4993 28.789454
19815 13287 13288 28.937988
19817 13288 13289 7.615234
19818 13289 13553 8.369141
19604 13288 13063 8.369629
20072 13553 13878 11.15918
20386 13878 13879 16.753906
20387 13879 14673 23.761745
21134 14673 14975 8.369141
14310 8661 8717 28.971594
19766 13232 13267 28.971594
5178 2755 2712 28.972082
15234 9339 10347 29.332043
15553 9588 16673 29.421349
14010 16673 8431 14.194196
5057 16673 2647 16.350546
5056 2647 6363 0.492081
20829 14361 14360 30.461426
20629 14360 14136 7.138469
20830 14360 14654 8.493129
20361 14136 13848 8.50706
21118 14654 14653 9.138184
20092 13848 13580 9.882216
19797 13580 13266 9.76416
20093 13580 13581 16.753906
20360 13848 13850 16.753906
20585 14136 14090 16.811884
21116 14653 14652 24.369141
21117 14652 14902 6.974609
21342 14902 15267 11.158691
21662 15267 15543 8.369629
21899 15543 15870 9.76416
22199 15870 16178 9.76416
22468 16178 16336 5.783701
6828 16336 3648 5.377512
6829 3648 3931 8.396973
7291 3931 18097 7.481614
21900 15543 15544 13.70752
22198 15870 15871 15.230469
21661 15267 15268 16.753906
21291 14902 14844 16.811884
22417 16178 16123 16.811884
15024 14652 9187 18.628132
8917 9187 4940 8.529402
8918 4940 17545 4.301309
15025 9187 14651 13.359064
21115 14651 14900 7.138946
21340 14900 15213 9.76416
21621 15213 15540 9.882216
21897 15540 15869 9.76416
22197 15869 16122 8.369141
21898 15540 15541 15.230469
13115 14651 7804 16.144918
13116 7804 14732 8.028596
6603 17545 3520 16.916456
6605 3520 9043 7.430067
14465 9043 8761 8.090332
13649 9043 8165 9.305664
13647 8165 8492 9.680176
6604 3520 13286 13.479846
3747 13286 1905 12.809535
3749 1905 3036 11.753321
2850 3036 1395 5.933779
2022 1395 953 8.727911
2021 953 13037 11.340758
13648 8165 16699 13.4899
19517 13037 12989 15.294223
2024 953 8462 16.04711
9265 8462 5169 10.312165
19077 12989 12535 16.508986
3585 17545 1801 16.988129
3584 1801 16925 15.099949
21896 15540 15542 18.276855
22196 15869 15912 18.330017
21341 14900 14901 19.799805
5755 3036 12249 20.210938
2514 12249 1212 7.370782
8919 4940 13898 20.211426
6827 3648 15923 20.242008
18588 15923 12091 7.29907
18587 12091 12326 7.867188
11406 18097 6607 20.579374
11407 6607 6867 9.789765
11791 6867 7790 12.73291
13097 7790 15205 13.142409
11405 6607 17210 20.662766
8180 17210 4463 17.413799
8179 4463 12475 9.962453
19018 12475 13437 9.404524
19961 13437 14407 4.3253
8178 4463 17466 15.277969
861 1212 351 24.022188
19516 12989 12990 24.369141
19192 12990 12663 11.262623
19155 12663 12624 12.264169
21895 15541 15538 27.415527
21588 15538 15166 11.15918
21336 15166 14897 8.369141
21114 14897 14650 7.138946
21893 15538 15910 11.15918
22232 15910 16121 6.974121
22415 16121 16287 5.57959
7430 16287 4016 7.277956
7429 4016 4217 5.523926
7771 4217 6094 6.760313
7428 4016 5601 14.193584
3414 5601 1699 8.67054
7772 4217 6898 15.150862
9678 5601 5437 16.097422
9679 5437 16335 5.48798
22233 16335 15911 14.031624
21894 15538 15539 16.753418
21891 15539 15536 1.522949
21890 15536 15537 12.18457
21742 15537 15356 5.57959
21889 15537 15535 6.092285
22414 16121 16120 16.753418
22128 16120 15805 9.76416
22413 16120 16119 13.70752
21338 14897 14898 18.276367
9677 5437 12777 20.17893
21111 15535 14649 26.50293
21113 14649 15212 18.335752
21619 15212 16490 11.629144
14720 16490 8955 11.413925
6576 15212 3506 14.175043
6575 3506 16995 5.574219
22972 16995 16772 7.225586
9515 16772 5329 8.760001
6896 8955 3688 14.85768
5447 3688 2866 7.447754
6897 3688 16011 10.476906
5448 2866 14562 14.384263
1766 5329 829 15.874652
1615 829 744 2.259766
1614 744 10276 6.488341
16444 10276 11222 2.676602
1659 11222 771 9.291016
1660 771 4896 10.657037
1661 771 17403 11.849121
21367 17403 14931 3.259766
17203 14931 10894 12.77832
6899 10894 3689 1.629883
6898 3689 9359 12.549805
14797 9359 9017 9.79248
14092 9017 8502 13.61377
5483 8502 2886 12.549805
5482 2886 3347 13.61377
5481 2886 4440 14.180176
14093 8502 16651 14.277514
3516 16651 1758 6.070039
4480 16651 2320 8.67054
4479 2320 12894 7.67627
4311 12894 2213 8.385909
19153 12894 12622 9.791992
4310 2213 2523 10.433594
19154 12622 13543 11.078363
514 12622 202 12.566195
4481 2320 12189 13.479358
18703 12189 13646 9.473674
4309 2213 3665 14.194684
6858 3665 11439 6.762439
17849 11439 17996 9.191298
17002 11439 10742 9.802924
17001 10742 17796 5.471322
12247 10742 7178 8.412046
12246 7178 11249 1.499149
6859 3665 4000 10.53125
20152 13646 16380 14.194934
19298 16380 12760 8.831383
12102 12760 7076 10.858002
14798 9017 15996 14.418486
12587 15996 7419 13.479467
21918 15996 15565 13.516602
12588 7419 17241 14.340653
20789 17241 14308 12.46265
46 17241 17 13.632946
48 17 895 12.547424
1907 895 2925 6.543328
1908 895 3042 12.19045
2227 3042 1059 8.202754
2228 1059 16901 7.409507
2229 1059 16663 10.067392
3539 16901 1771 14.397173
3538 1771 10929 12.765229
17245 10929 11163 7.979004
17515 11163 11499 9.903809
17916 11499 11789 8.620117
6866 11789 3671 6.74707
709 10276 284 14.543731
708 284 12609 10.220338
18982 12609 12447 5.425781
7683 12609 4167 14.194196
7685 4167 17760 7.42047
7684 4167 13873 13.479004
18757 13873 12233 10.23533
18758 12233 15253 9.718546
20151 13646 14092 14.604492
5374 16901 2824 15.584277
5373 2824 2978 2.88558
11863 7419 6913 15.748047
14220 15253 8593 16.038086
14221 8593 8907 8.718262
14656 8907 11150 7.593901
14657 8907 14245 12.566195
20478 14245 13976 7.90918
20438 13976 13935 1.338867
17497 11150 12364 16.792459
12248 7178 7666 18.189383
20061 13543 14083 18.353027
18814 14083 12276 10.342402
7155 12276 3844 8.510153
17451 12276 11108 8.788483
894 11108 367 8.258729
15504 14083 9558 10.442966
15505 9558 13470 9.288672
19992 13470 17531 15.115079
6159 17531 3264 5.079368
15213 9558 9325 18.368164
18222 13935 11764 19.297363
14955 14245 9138 19.540409
14956 9138 9420 7.336914
15338 9420 9759 10.322266
15769 9759 9973 6.709473
16050 9973 16992 7.216259
18184 16992 11735 3.412326
7757 16992 4210 12.553712
7759 4210 17704 6.610585
7758 4210 8402 7.534409
13570 8402 8112 8.508789
13140 8112 7825 7.769531
14957 9138 14586 14.880791
8360 14586 4584 9.892288
11471 17704 6655 15.216586
11470 6655 11942 12.566539
18414 11942 16314 3.960359
15768 9759 14889 19.533453
19860 13935 13328 19.584473
5722 3688 3016 19.695801
273 3016 102 13.827568
272 102 14501 11.100442
271 102 12971 12.549805
15337 9420 10250 21.159697
14074 9359 8487 21.161905
6556 8402 3492 21.847244
14503 12760 8788 22.008518
13571 8112 12025 22.069551
4501 17531 2329 26.039793
4502 2329 9240 9.81703
2682 9240 1296 2.180411
15101 9240 14936 10.92041
2683 1296 2162 13.170417
4220 2162 9637 2.320992
14329 9637 8674 5.130519
4500 2329 17741 13.479004
443 17741 171 6.731934
23678 17741 18028 9.79248
373 18028 141 10.433594
12551 14936 7393 13.631764
4221 2162 17445 14.012258
16713 17445 10504 5.558771
10405 7393 5926 14.179688
10406 5926 6143 6.165039
22035 18028 15702 19.308027
21888 15535 16387 26.546164
14672 16387 8922 9.174275
14673 8922 9444 11.299407
15372 9444 17221 6.081844
23311 17221 17909 20.92334
19820 17909 13290 15.032715
19812 13290 13285 0.083496
19819 13290 17897 20.683727
15373 9444 11414 21.468323
17824 11414 16162 7.546415
4998 16162 2608 12.160981
17823 11414 18084 19.123426
18521 18084 12027 12.000565
3082 12027 1515 10.21875
3084 1515 16108 9.980459
9521 18084 5332 15.180604
22454 16162 17844 20.911118
20949 17844 14490 7.784583
10972 17844 6312 9.390574
3491 6312 1744 10.586268
3083 1515 13291 22.585054
17406 13291 11065 6.975254
17407 11065 15691 2.546906
5334 11065 2806 9.312655
5335 2806 17898 17.69775
13055 17898 7761 11.637532
9608 7761 5390 7.921872
13056 7761 7869 16.038086
9912 7869 5589 10.04405
3745 5589 1904 17.71509
1166 1904 508 13.721454
1168 508 17022 15.72876
21676 17022 15279 13.363765
20116 15279 13604 8.687841
5707 13604 3006 9.151786
20117 13604 17736 9.163209
21675 15279 18206 11.973026
22667 17022 16406 20.240816
17634 16406 11257 7.842545
10973 6312 17079 22.770292
16132 13285 10042 24.453569
4722 10042 2446 10.986203
1003 2446 423 14.265609
1002 423 16793 6.369622
1004 423 4048 25.119213
7482 4048 10877 22.056343
17183 10877 11334 13.404785
8297 11334 4542 11.816076
17184 10877 14209 14.504939
5360 14209 2818 11.572911
5361 2818 11919 1.423381
15849 11919 9817 4.349114
5359 2818 7137 20.050459
18001 11919 11582 24.995052
18000 11582 16280 10.951408
16310 16280 10170 5.559361
2451 16280 1175 6.513834
2452 1175 4563 6.654084
8324 4563 7696 5.649601
12973 7696 16362 11.697398
12972 7696 7909 11.806076
8323 4563 18109 11.986457
14635 18109 8893 5.696357
2450 1175 16646 12.306767
17895 16646 11478 5.010761
16311 10170 12800 12.892273
13314 12800 7938 8.13341
2324 7938 1111 8.529401
19332 12800 16494 12.961126
17999 11582 11937 13.531798
7029 16494 3772 17.104208
9591 16494 5379 19.719837
9590 5379 14863 13.388366
13620 14863 8143 10.742275
2765 14863 1345 15.428381
2764 1345 12382 9.918546
3258 12382 1617 5.900706
2766 1345 16456 18.414251
22225 16456 15899 1.446847
2331 15899 1115 19.69618
2332 1115 1310 12.526599
19075 15899 12534 19.863165
3804 12534 1939 1.462402
21337 14897 14899 27.415527
21587 15166 15214 27.450996
19076 12534 17060 27.612825
2023 953 16243 28.366632
21953 16243 15618 19.165527
21663 15618 15269 10.950195
19484 15618 12946 18.204607
7094 12946 3810 8.99109
17714 12946 11327 12.902483
17715 11327 13117 20.776648
6201 13117 3289 13.479004
6200 3289 7807 6.77351
6199 3289 15110 23.478613
21419 15110 14988 4.324219
21379 14988 14942 1.101562
10795 15110 6183 11.226046
10905 16380 6259 28.375168
10906 6259 16385 8.178759
10904 6259 6540 8.355469
11305 6540 6596 1.869141
11387 6596 6675 2.915527
11507 6675 6716 1.631836
11386 6596 7255 10.021523
10019 6259 5662 17.868164
9907 5662 5586 2.371582
10018 5662 6374 10.02245
11790 7790 6866 28.390137
18306 12663 11838 28.554934
18029 11838 11603 7.138946
18028 11603 11664 13.778323
18206 11838 11756 18.488585
18208 11756 11999 8.906637
18207 11756 13077 23.725645
19621 13077 18217 7.538162
17676 18217 11297 7.713573
21601 18217 15180 17.794439
19620 13077 14819 20.236248
18035 11664 11606 25.929644
18032 11606 11604 6.092285
18031 11604 11605 12.18457
17678 11605 11298 9.882216
17288 11298 10969 9.76416
16933 10969 10683 8.506579
16609 10683 10414 8.369629
16144 10414 10049 9.882216
16142 10049 10048 7.615234
16141 10048 10047 4.569336
15712 10048 9710 11.15918
15709 9710 9708 3.046387
15711 9710 9709 7.615234
15710 9709 9711 4.569336
15713 9711 16713 10.685011
22627 16713 16358 10.949707
16139 10047 10046 12.18457
15707 9708 9707 13.70752
16137 10046 10045 13.70752
15763 10045 9754 9.76416
18033 11605 11607 15.230469
18037 11607 12000 12.554199
15069 9754 9218 15.34375
14990 9707 9163 15.419146
17383 11604 11049 16.807907
17382 11049 11048 12.18457
17381 11048 11047 12.18457
18034 11606 12130 16.807953
14855 9709 9066 18.133301
14854 9066 15167 5.969886
20112 15167 13599 7.668441
19713 13599 13179 14.144043
7937 13179 4315 11.876568
7938 4315 4547 6.277344
7939 4315 14010 13.489411
20235 14010 13721 9.791992
9774 14010 5501 13.489411
5480 5501 2885 3.219992
9775 5501 15683 15.811725
3672 15683 1863 13.533976
3673 1863 5764 4.587679
10173 5764 12446 14.767681
14853 12446 9065 10.009699
16608 10414 10415 24.369141
17628 11298 11250 24.409037
16932 10683 10684 25.89209
17287 10969 10970 25.89209
20038 15180 13520 26.559122
19182 13520 12654 11.438242
19183 12654 16055 15.233695
22034 16055 15701 11.061523
18089 15701 11652 12.794905
1355 11652 610 10.457063
18090 11652 16918 12.549805
22845 16918 16627 9.150391
3359 16918 1668 9.835981
18585 16627 12089 11.194801
18186 12089 11736 11.605469
14831 11736 9042 7.021484
13993 16918 8418 13.479004
13523 8418 8076 9.889648
12995 8076 7714 10.015137
13994 8418 8817 10.433594
13524 8076 11193 15.80957
6737 11193 3590 9.177178
4752 11193 2463 13.52985
3946 2463 2008 10.342835
3945 2008 13590 8.663396
3879 2463 1976 15.97168
3881 1976 10483 7.242864
3880 1976 13302 15.355896
3944 2008 18049 20.210938
22360 16055 16500 25.110981
18462 16500 11982 10.457095
3967 11982 2019 11.618043
10334 11982 5878 21.57579
10335 5878 11783 14.178609
18246 11783 12074 9.680176
17657 13590 11280 27.635866
13814 16713 8284 28.366814
13815 8284 10965 10.324296
17033 10965 10769 5.538086
13813 8284 8688 10.419922
14353 8688 10050 8.761935
17032 10769 16964 19.98291
3706 16964 1880 15.88706
3704 1880 4966 26.028809
4996 10769 2607 30.159283
10208 6785 5786 30.6875
1203 5786 525 18.400928
19838 16925 13308 31.398518
1505 7759 687 31.664442
1504 687 847 5.175725
18036 11607 11608 31.984375
17773 11608 11375 7.138946
18038 11608 11882 8.506579
4191 2147 15968 32.093922
22280 15968 17272 18.064333
13964 14975 8399 32.203709
13965 8399 17054 26.580332
23125 17054 16982 4.004459
23124 16982 17101 4.18457
23223 17101 17733 18.133789
23671 17733 18009 9.76416
783 18009 315 16.09668
16457 10290 11822 33.041939
3494 15822 1746 33.143715
3495 1746 1789 7.741955
3496 1789 1747 6.249961
1366 1746 616 33.477539
1368 616 11514 11.570927
17679 11514 11299 6.974609
17335 11299 11011 10.351449
17097 11011 10815 6.357067
16934 10815 10685 4.18457
17334 11011 11180 6.357067
16930 11011 10682 11.50864
16486 10815 10317 15.64315
16712 11180 10503 27.78182
16488 10503 10319 5.783701
16487 10503 10318 7.211841
16931 10682 10817 30.287823
15070 10817 9219 12.980704
13777 9219 8257 30.567507
13458 8257 8030 7.138469
13068 8030 7769 6.974609
12758 7769 7553 7.138573
13457 8030 15206 10.687918
13518 15206 8073 10.684499
13132 8073 7816 6.974121
12499 7816 7356 16.675535
12363 7356 7264 5.353797
12362 7264 7357 3.178631
11852 7356 6905 17.556778
11907 7553 6950 19.129826
11851 6950 6904 4.777543
11634 6904 6762 5.175725
12500 7357 8074 22.265779
10821 6905 6202 22.369772
12364 7264 13558 26.344685
10824 13558 6203 9.075943
10748 6203 6151 13.778809
10747 6151 6347 6.356833
11018 6347 6470 8.689213
11017 6347 6615 11.315225
10602 6151 6052 12.499338
10539 6052 6007 6.249961
10127 6052 5732 9.882216
9542 6151 5346 23.761778
9541 5346 5396 21.368793
9182 5396 5116 9.882216
9615 5396 5397 13.70752
9616 5397 5680 8.50706
10047 5680 5681 12.18457
10049 5681 5772 12.499814
9916 5772 5592 5.783701
2972 5772 1454 11.047551
2973 1454 5869 1.452376
9440 5681 5279 12.646236
10322 5869 6562 22.266071
11332 6562 14664 12.793186
13136 14664 7821 3.874623
9280 14664 5177 14.488856
9278 5177 13151 4.569679
9279 5177 7995 6.249083
19463 13151 12927 6.918945
15277 13151 9368 8.911608
15276 9368 10405 5.676091
13404 7995 8471 13.93457
14061 8471 8573 2.552734
14197 8573 16173 8.361816
22465 16173 16234 1.924805
18763 16173 12236 2.643185
14198 8573 8973 10.963867
14742 8973 16137 5.69264
3594 8973 1806 8.316512
3595 1806 16843 12.854682
7628 12927 4132 14.134942
11279 6562 6524 15.294709
11280 6524 6763 8.506579
18955 12927 12416 17.65918
13403 7995 8890 21.162394
15278 9368 15216 30.048143
13517 8073 9164 31.286396
21623 15216 15422 32.075874
21692 15422 15301 4.366211
12727 15422 7527 6.113789
22505 17272 16214 33.512161
22504 16214 16215 12.18457
22507 16215 16823 19.587616
23018 16823 16824 7.615234
22506 16215 16216 19.799805
22509 16216 16383 5.57959
21955 16216 15620 18.197182
22508 16216 16334 27.732561
22612 16334 16487 4.185059
16823 10606 11727 33.61533
18182 11727 12144 14.031624
18651 12144 12145 15.230469
18654 12145 12146 15.230469
18656 12146 12147 15.230957
18658 12147 12148 6.092285
18423 12147 11947 7.138469
18653 12144 12182 18.330017
18693 12182 12181 10.661621
18657 12146 12912 26.50293
19444 12912 12911 13.70752
19447 12912 12913 15.230957
19449 12913 12914 6.092285
19446 12911 12961 16.811398
19496 12961 13505 18.197142
20026 13505 13687 14.799591
20027 13505 13926 15.892101
19494 12961 12960 18.276855
19495 12960 12962 7.615234
20197 13687 13966 19.39155
20469 13966 14211 15.379898
20705 14211 14338 8.689213
20706 14211 14617 17.494555
21075 14617 15024 22.727947
7603 15024 4118 15.393391
22054 15727 16806 33.615376
10864 6232 13761 34.414555
20274 13761 14069 9.680664
6400 14069 3399 8.378613
1128 14069 487 9.928077
1127 487 10686 9.780991
16935 10686 11864 5.17994
11624 10686 6754 8.385909
1129 487 2852 13.708202
5423 2852 14928 1.040902
5459 14928 2872 1.129797
5458 2872 3140 8.507147
13455 13721 8029 36.098793
8289 5786 4537 37.785076
8290 4537 5564 31.618261
6465 4537 3439 32.068359
6466 3439 12667 15.825376
6464 3439 11005 15.972685
572 3439 223 19.909323
2269 11005 1080 32.586094
2267 1080 5867 17.90645
10318 5867 7548 12.121455
2444 7548 1171 7.460258
9461 7548 5292 11.003172
9460 5292 8263 10.363518
7636 8263 4137 4.98378
9462 5292 5509 18.368504
13784 8263 16986 18.59668
10319 5867 11754 28.803188
1968 4635 929 38.399666
13452 10483 8028 39.907284
21133 14673 14822 41.335403
20568 14822 14072 27.906351
20468 14072 13965 4.130955
20196 13965 13686 14.456783
20279 14072 13765 27.671991
20111 13598 16559 42.066895
14463 10291 8760 44.636719
8605 6203 4734 44.740032
8604 4734 4736 38.07666
8606 4736 4735 35.030273
7688 4735 4169 15.419146
711 10503 285 45.312531
710 285 570 13.554367
2268 1080 3480 45.909756
5588 2937 4516 46.03125
784 315 1870 46.672852
5590 2938 4562 47.450714
21407 14975 14976 48.737793
5440 17733 2861 49.373489
243 2861 93 27.699892
11157 18009 6442 51.016018
3689 1870 13372 51.800602
22552 16362 16261 57.069401
7604 4118 13984 59.805805
9306 13984 5195 3.028257
4362 2244 8321 61.641209
12144 8760 7109 64.807846
12084 7109 7063 7.741955
11880 7063 6926 6.195923
12083 7063 7321 12.391486
12012 7063 7015 32.014782
13520 8074 10316 64.812492
16485 10316 15706 22.494864
22037 15706 18017 4.09653
20404 15706 13901 4.558797
17549 13901 11191 13.574107
18020 13901 11597 14.559665
597 18017 232 26.768063
20499 16214 13995 67.110329
11169 13995 6450 61.357265
7553 6450 4088 21.068188
6386 4088 3391 20.909668
7552 4088 11511 38.091797
11168 6450 8159 40.742962
20467 13965 14823 67.30397
20896 14823 14427 11.567531
21271 14823 15766 29.332043
22093 15766 15930 11.453597
3690 1870 17793 69.758095
12899 17793 7648 61.486912
3685 11135 1868 70.196381
6418 11886 3411 71.830505
6419 3411 13096 51.298817
10886 12667 6246 71.926491
601 6246 233 11.331596
600 233 13915 13.099235
20420 13915 17868 18.840912
602 233 14035 41.016113
20533 14035 17586 25.023926
15728 17586 9727 11.895999
6972 6246 3737 41.640438
2625 3480 1270 74.332367
4282 4734 2199 76.77919
20498 13995 13996 77.67627
23071 17054 16897 79.300301
15094 16897 9236 51.863968
3996 7648 2042 80.373466
3997 2042 9103 22.953062
8852 9103 4899 31.343073
14903 9103 9104 42.645996
8851 4899 7779 61.431343
10238 7779 5808 6.392497
10210 5808 5789 0.558105
13083 7779 16311 13.48943
10209 5789 16177 17.62207
7990 5789 4346 42.683594
7955 4346 4325 0.557617
7752 4325 4207 3.626953
15225 16177 9333 56.246582
15224 9333 15632 75.451729
1207 15632 527 14.426845
17438 15632 11098 46.10017
6430 11098 3420 39.558422
17437 11098 16328 43.168385
21228 16328 14780 43.733829
21227 14780 15419 47.410324
13575 15419 8117 28.803343
13574 8117 8732 28.321592
14414 8732 9266 26.26997
15127 9266 9914 20.055664
15975 9914 10150 14.039306
16278 10150 10309 4.453548
15704 10150 9704 13.94873
14802 9704 9020 19.587616
14801 9020 9367 19.391129
15274 9367 10363 31.725592
12491 9020 7351 47.42627
12614 8117 7434 48.293385
12615 7434 7811 17.675503
11765 7434 6843 22.731705
12494 7434 7352 36.660034
12418 7352 7299 12.264113
14979 9914 9156 49.487423
16544 10363 11336 50.489437
16479 10309 14104 69.812096
20599 14104 16437 52.983135
21952 16437 15617 44.639198
12490 7351 7392 73.120239
12550 7392 8346 27.897949
6467 11336 3440 80.878349
23376 18009 17307 82.284279
23375 17307 17395 27.556595
3683 1868 4685 86.496323
6913 6762 3697 92.175797
4281 2199 2200 98.999023
18515 12024 13322 100.33625
410 3391 158 100.53553
411 158 15187 99.608795
21572 15187 15147 62.46138
8527 4685 8041 101.8125
13473 8041 11485 100.443672
4621 11485 2392 66.971779
4622 2392 4001 50.238922
7405 4001 7346 100.432129
14905 9104 12484 103.23291
599 233 15146 103.322746
18425 15147 11949 103.322762
5586 2935 10314 104.278191
5676 10314 2990 0.822388
5678 2990 7179 29.060059
5677 2990 6127 29.387463
10716 6127 14333 12.819246
1334 14333 598 33.362999
5675 7179 2989 44.047363
5673 2989 2988 92.906738
5666 2988 2985 12.18457
5667 2985 3076 2.789551
5827 3076 6199 92.0625
10816 6199 13058 37.56609
19598 13058 16349 33.143486
18935 16349 12392 10.811075
15867 12392 9829 25.900349
15865 9829 13075 101.838051
3684 1868 5192 105.137207
3688 5192 1869 34.984375
9302 5192 14073 37.652172
17158 14073 10857 3.305976
14713 14073 8949 49.988567
17675 14073 11294 53.888081
11156 6442 15385 108.049622
19222 16437 12689 112.742424
17942 11527 15140 115.775391
389 15140 149 100.443672
388 149 1819 50.238911
3497 1747 12818 124.914528
3301 17272 1639 125.845932
3300 1639 17174 12.780785
3299 1639 14236 38.541119
23279 17174 17173 39.600098
23192 17173 17061 46.499077
21617 17173 15210 61.450558
20166 17061 13658 107.387192
5660 17174 2982 125.622681
8494 4735 4664 126.422249
19617 13075 15165 127.763512
13469 8039 8040 132.506348
13472 8040 11484 100.432129
8526 8040 4684 101.8125
3681 4684 1867 86.496323
17903 11484 15141 117.179817
386 15141 148 100.443672
6914 3697 3742 132.513687
12350 12392 7257 133.705368
12351 7257 9052 95.928291
14629 9052 8889 17.918911
14630 8889 13733 8.625968
14631 8889 12019 19.74288
18508 12019 16194 40.526287
4633 16194 2397 23.379507
4632 2397 17025 9.640749
9087 17025 5053 22.131014
22487 16194 16590 56.249435
897 16590 368 27.82654
898 368 1879 27.814068
3702 1879 5114 48.071789
1644 1879 763 60.51041
22809 16590 17148 79.764778
3703 1879 7768 128.56134
23263 17148 18208 133.376526
23777 18208 17937 10.351737
1104 18208 475 20.574905
1105 475 11487 9.39643
2329 11487 1114 18.612604
2330 1114 1380 11.496108
2824 1380 2784 84.603577
5298 2784 3057 8.369141
5796 3057 3184 6.195923
5797 3057 3092 12.264169
3222 3184 1597 78.480736
5849 3092 4802 89.180305
8641 4802 4758 12.264169
8642 4758 5129 11.262623
8038 4758 4376 16.829584
9200 5129 7157 112.116035
12216 7157 7997 30.184307
12217 7157 7791 32.430782
13098 7791 8851 52.999481
14588 8851 9691 42.301823
15687 9691 9939 59.986347
15686 9691 10901 64.474632
17213 10901 11900 55.040638
18368 11900 13643 87.871269
20148 13643 14019 59.222298
20147 13643 15563 64.682266
20517 14019 16003 109.310104
18492 16003 12010 44.96706
18495 12010 14909 0.986154
18494 12010 15591 55.003437
21863 15591 15508 56.422516
12301 15508 7221 32.826965
6276 7221 3326 27.294453
6275 3326 6819 34.412052
6277 3326 13668 48.31419
402 7221 155 56.476089
400 155 154 30.461426
401 155 1215 30.6875
2518 1215 3811 82.312431
7095 3811 4436 18.133301
7096 3811 3812 25.89209
7098 3812 3813 76.15332
6721 3813 3581 14.039549
6722 3581 3857 33.061195
22311 16003 17732 105.643791
23670 17732 18202 34.107391
1035 18202 438 13.94873
1033 438 613 27.977304
1279 613 567 3.350179
1280 567 17976 25.154558
1278 567 1259 38.782677
1034 438 1996 47.42627
3918 1996 2513 16.80793
22629 17732 16361 51.759327
16664 16361 10462 25.180399
16665 10462 17977 1.229056
8130 4436 8424 119.946289
1179 8424 515 14.716457
1177 515 15531 100.488068
7173 3857 14951 131.006195
19570 14951 13033 59.97998
19571 13033 13034 24.369141
16279 13033 10151 90.667969
16131 10151 10041 2.789551
15860 10041 9826 6.974609
15650 9826 9666 5.57959
13710 9666 8211 40.480328
13711 8211 8251 48.757996
13766 8251 9369 30.725279
15343 10151 9423 70.633438
8417 9423 4615 3.412942
8416 4615 9459 5.903797
8415 4615 5871 11.147803
15061 9459 9211 20.992319
15060 9211 9544 10.780326
14558 9211 8828 12.058353
14500 8828 8786 2.065478
14350 8786 8686 4.130445
13577 8686 8118 17.858934
14349 8686 8918 18.147463
14172 8828 8554 23.886726
14089 8554 8499 2.065478
13898 8499 8350 5.175869
13579 8350 8119 8.337972
13580 8119 8120 4.569092
14171 8554 8962 12.057901
14670 8962 8919 4.7774
14669 8919 9424 14.277415
13581 8120 8252 21.729723
13768 8252 8253 4.569092
11410 8120 6611 46.131931
10814 6611 6198 35.782017
6338 6198 3364 85.665756
3525 3364 1764 60.718029
2401 1764 1152 26.320004
2402 1152 17324 58.14101
13767 8251 8296 100.532143
8938 8296 4954 101.82666
6139 4954 3255 54.564877
5193 3255 2721 38.155277
3336 3255 1657 57.719654
3335 1657 17515 91.708588
22944 17515 16743 30.892288
13831 8296 8349 134.036804
13897 8349 12736 132.513672
19270 12736 12988 8.50706
8939 4954 9059 134.868073
14847 9059 11529 40.102589
11675 11529 6791 125.501335
8427 6791 4621 81.834999
8426 4621 5696 32.151855
10072 5696 14327 2.561015
11729 14327 6826 6.732854
11730 6826 18232 4.555831
11731 6826 7861 10.92041
2355 7861 1127 6.269221
13196 7861 11008 15.809326
3036 11008 1488 5.898395
10071 5696 6334 19.012207
10997 6334 7001 21.509277
11990 7001 15687 2.559956
13682 15687 8188 6.731934
6469 8188 3442 9.399687
6470 3442 7032 6.776227
13683 8188 17938 9.721284
3593 17938 1805 6.298389
23134 17938 16996 11.24744
2591 16996 1253 5.615497
6471 3442 16268 11.736683
5761 16268 3039 4.345531
10379 16268 5907 13.467782
6138 5907 3254 14.762737
5386 3254 2832 10.011211
5388 2832 15545 8.707549
20813 15545 14336 9.397007
5939 14336 3136 6.002089
6561 15545 3497 9.876063
5387 2832 5481 9.988084
1962 5481 925 15.644196
1726 925 809 2.330322
11991 7001 7976 29.15332
13283 7976 7917 28.971594
13284 7917 14953 27.357306
13019 14953 7731 3.789419
12050 7731 7040 6.732862
5081 7731 2657 10.26177
7116 7731 3825 15.901945
7117 3825 5031 13.2512
7118 3825 9812 23.709776
15841 9812 12774 10.438706
8804 12774 4869 6.787745
13308 9812 7933 10.525086
4237 12774 2172 20.003294
4236 2172 5829 0.670166
4234 2172 15845 1.383168
4235 2172 5831 6.945312
9854 5831 5554 8.50706
10268 5831 6159 9.76416
10759 6159 6481 9.76416
11214 6481 6770 9.882254
11643 6770 7100 9.882254
12134 7100 7362 9.535151
9855 5554 5607 12.264169
9936 5607 5830 6.974609
9934 5607 5606 12.18457
9935 5606 5739 4.453089
9340 5554 5214 12.7139
8879 5214 4917 8.506579
8510 4917 4675 7.138946
6454 4675 3434 5.633716
6455 3434 13207 13.489655
16605 13207 10411 9.94728
14849 13207 9064 12.778564
14609 9064 8868 9.550798
938 3434 389 14.717351
9932 5606 5605 15.230469
9933 5605 5738 4.18457
9927 5605 5602 12.18457
9383 5602 5242 11.262655
8877 5242 4915 9.882254
7944 4915 4318 6.266062
7945 4318 9327 5.741454
9928 5602 6017 12.554199
10557 6017 6307 8.506623
3487 6017 1742 10.94536
3488 1742 6059 1.318757
1803 6059 845 11.856751
10966 6307 6694 12.645781
11539 6694 6957 8.369629
11918 6957 7308 11.262655
1804 845 10992 14.004056
15215 9327 16318 14.52018
22374 16318 16070 7.979004
12508 7362 7403 16.811642
12566 7403 7975 16.80793
19146 16318 12614 16.821133
8423 12614 4620 8.271013
8425 4620 4914 8.369141
19147 12614 16147 10.985264
8875 4914 5285 11.15918
9449 5285 11861 10.877658
4590 11861 2376 13.230976
4591 2376 6306 6.854131
10279 6307 5840 18.093994
10894 6306 6252 18.330017
10893 6252 6251 16.753662
10891 6251 6250 13.70752
10892 6250 6304 12.264169
10965 6304 6305 13.70752
8424 4620 11076 18.812798
5031 11076 2631 14.989406
5030 2631 2680 1.353027
4740 2631 2456 5.998047
4739 2456 6630 15.118692
9931 6251 5604 19.52832
9853 5604 5553 13.778323
9850 5553 5552 13.70752
9846 5552 5550 13.70752
9847 5550 5694 6.195923
10069 5694 5870 7.211687
10323 5870 5918 10.752257
9491 5694 5313 12.884527
9492 5313 5646 6.990967
9999 5646 6058 12.645781
10614 6058 6207 8.689427
10611 6058 6057 13.70752
10612 6057 6206 4.18457
10613 6057 12231 8.074284
18183 12231 11733 1.035033
10554 12231 6016 13.294024
10556 6016 15990 11.240868
16048 15990 9972 1.814627
7335 9972 3958 10.92041
10553 6016 8672 12.785867
7337 3958 13720 13.479358
20099 13720 13586 4.366211
9930 6057 5603 13.94873
10828 6207 6648 14.032135
11461 6648 6956 9.76416
11916 6956 7009 1.715332
6495 3958 3457 15.218262
6494 3457 5148 11.849768
9233 5148 5445 9.680176
9849 5604 5551 15.294466
9553 5551 5353 5.57959
10169 13720 5762 16.303921
10170 5762 6182 12.456543
10171 5762 15436 13.479248
21566 15436 15138 9.583008
11788 15436 6863 13.479464
6453 6863 3433 8.420027
3830 3433 1948 8.953279
3829 1948 9090 1.282538
2306 9090 1100 9.680251
1454 9090 662 12.063426
1453 662 8469 9.560452
1452 662 13790 16.527575
1750 12231 820 17.849806
8957 5550 4968 18.387375
8958 4968 4969 7.615234
8341 4968 4574 11.15918
8343 4574 16415 1.186056
2602 16415 1258 4.18294
2601 1258 6704 12.550049
5709 6863 3007 18.404545
7336 3958 4656 19.570312
10938 9972 6284 19.592348
10172 5762 11873 20.70706
18343 11873 14777 15.107137
7223 4620 3892 20.92334
7224 3892 6699 8.654
13371 7975 8749 20.92334
14445 8749 9177 12.645781
15010 9177 9512 9.76416
15458 9512 9886 11.15918
15939 9886 10167 8.506579
16305 10167 10642 13.94873
16873 10642 11063 12.554199
17405 11063 11477 12.554199
17893 11477 11850 11.158691
18320 11850 12217 12.540039
18737 12217 12591 12.554199
19132 12591 12943 12.553711
17404 11063 11062 15.230713
15397 9512 9467 15.294466
8344 4574 10242 20.960415
7203 4968 3879 21.064672
25 3879 9 9.835981
24 9 4981 5.849877
11460 6648 6649 21.322998
11462 6649 6912 8.369141
4589 2376 5623 22.175892
3765 6306 1913 23.058365
3764 1913 2217 9.889648
4318 2217 7974 19.005199
13368 7974 7973 16.753662
12635 7973 7450 15.34375
12316 7450 7234 6.974609
12565 7450 7402 16.811642
13370 7974 8748 20.97871
14444 8748 8979 6.974121
14749 8979 9176 5.57959
15009 9176 9378 5.57959
15286 9378 9636 6.974609
15621 9636 9885 8.369141
15938 9885 10165 8.369141
16302 10165 10640 13.94873
16870 10640 11060 12.554199
17401 11060 11761 20.90918
18218 11761 12216 15.419146
18735 12216 12340 4.18457
18887 12340 12589 8.369629
19128 12589 12899 11.15918
19433 12899 13045 4.18457
19582 13045 13755 23.712891
20272 13755 14152 12.554199
20270 13755 13754 13.70752
20271 13754 14151 12.554199
20648 14151 14602 13.94873
21061 14602 14603 13.70752
21062 14603 14604 15.230713
20766 14604 14285 9.882216
20410 14285 13906 11.15918
20180 13906 13675 8.369141
20059 13675 13541 4.453548
20765 14285 14286 15.230713
20768 14286 15002 9.764172
20767 14286 14642 10.676758
21105 14642 14643 9.138428
21107 14643 15003 9.76416
20412 14642 13907 11.15919
20183 13907 13676 8.369141
20060 13676 13542 4.185059
21063 14603 15133 15.34375
21435 15002 15482 15.34375
21437 15003 15483 15.34375
21844 15482 15979 15.419146
22289 15979 16211 7.610345
22500 16211 16606 14.683314
22826 16606 16966 12.7139
21846 15483 16025 16.73877
22329 16025 16486 15.892101
22726 16486 16780 11.508899
22940 16780 16739 7.741955
22645 16739 16382 11.262623
22332 16382 16026 11.158691
21848 16026 15484 16.73877
21439 15484 15004 15.34375
21108 15004 14644 9.76416
20795 14644 14313 9.76416
20497 14313 13994 9.76416
21564 15133 16023 16.738777
22325 16023 16024 12.18457
22327 16024 16333 10.228285
22326 16023 16436 12.645781
22691 16436 16822 12.554199
23017 16822 17118 9.76416
23237 17118 17370 7.138469
23422 17370 17659 8.369629
23613 17659 17865 6.974121
22019 16023 15681 13.722656
22020 15681 16044 11.566996
22351 16044 16779 12.914911
22977 16779 17078 9.882216
22610 16333 16738 13.95391
22938 16738 17033 10.780326
164 17865 61 14.031651
162 61 313 6.974609
778 313 684 11.262623
1500 684 1083 11.262655
2275 1083 1237 4.18457
2274 1083 1085 15.230713
1501 1085 685 11.15918
1400 685 634 7.741955
650 685 254 12.646266
344 254 130 4.18457
345 130 18086 9.535151
343 130 209 9.554852
531 209 255 4.777166
22017 15681 15680 15.230713
22018 15680 15962 8.906262
22275 15962 16347 13.359351
22624 16347 16545 6.35695
22777 16545 16661 4.453173
2565 1237 13766 15.276334
3403 13766 1693 14.987474
21060 14602 14601 16.753662
21056 14601 14599 12.18457
21057 14599 14600 9.138428
21054 14600 14598 9.138428
21015 14598 14549 4.777309
20644 14598 14149 14.031624
20227 14149 13713 13.949219
20647 14599 14150 14.031624
20269 14150 13753 12.554199
20103 13753 13589 5.57959
21055 14598 15130 15.34375
21557 15130 15129 4.569092
21558 15130 15131 9.138428
21059 14601 15132 15.34375
21556 15129 15678 16.73877
22011 15678 15677 12.18457
22012 15677 15995 9.76416
22013 15678 15679 13.70752
22016 15679 15827 4.453089
22161 15827 16229 12.917997
22520 16229 16404 6.35695
22664 16404 16403 6.092285
22435 16403 16135 8.369141
11943 16135 6974 12.533016
11944 6974 16080 4.278632
2272 1693 1082 18.133301
1498 1082 683 11.262623
776 683 312 11.262655
340 312 129 5.57959
342 129 18043 12.382674
22331 16026 16027 18.276611
22333 16027 16531 15.418683
21008 14549 14546 18.276855
20593 14546 14099 13.94873
20225 14099 13712 12.646236
21009 14546 14548 16.753662
21013 14548 14597 9.244292
21011 14597 14547 4.777309
21006 14547 14545 13.707764
20640 14545 14146 12.645781
20642 14146 14147 9.138428
20643 14597 14148 13.94873
20223 14146 13711 13.949219
20058 13711 13540 5.783765
20221 14148 13710 14.032109
21005 14545 15126 16.73877
21551 15126 15127 13.707764
21553 15127 15128 13.70752
21555 15128 15676 16.73877
22006 15676 15675 15.230713
22007 15675 16083 12.645781
22008 15675 15720 13.778273
22047 15720 15961 6.974609
22386 16083 16184 13.988484
23820 18043 18229 19.10956
892 18229 365 13.5101
890 365 682 9.76416
1495 682 1081 11.15918
2270 1081 1142 18.329979
1594 1142 736 11.158691
1330 736 596 4.185059
529 596 208 13.50956
530 208 311 9.554708
774 311 790 14.031624
1694 790 1141 9.76416
2382 1141 1692 16.807907
652 255 421 20.237267
997 421 550 11.453418
165 550 62 15.221584
1252 550 686 15.794867
998 421 1084 22.24905
2276 1084 1086 4.569336
2277 1084 1297 17.65834
19534 13710 13001 23.712891
18842 13001 12292 23.712891
18272 12292 11806 16.73877
17392 11806 11056 22.318359
16861 11056 10635 12.553711
16368 10635 10218 12.540039
15516 10218 9566 19.52832
15084 9566 9229 9.76416
14688 9229 8930 8.369629
14194 8930 8570 9.76416
13363 8570 7970 16.738281
13364 7970 7971 12.184326
15517 9566 9567 22.845947
15519 9567 10161 18.133301
16294 10161 10636 13.94873
16863 10636 11057 12.540039
17395 11057 11351 8.369629
19537 13712 13002 23.712891
19538 13002 13003 1.523193
19536 13002 13004 22.845947
18886 13004 12339 22.318359
18215 12339 11760 19.587635
17396 11760 11058 20.92334
16865 11058 10637 12.540039
16296 10637 10162 13.94873
16297 10162 10164 16.753662
16300 10164 10163 15.230713
16299 10163 10639 13.94873
16868 10639 11059 12.554199
17399 11059 11425 11.14502
16866 10639 10638 15.230713
16661 10638 10459 5.579102
15521 10162 9568 18.133301
15086 9568 9230 9.76416
14690 9230 8931 8.369629
14134 8931 8528 11.158691
13367 8528 7972 15.34375
15522 10163 9569 18.197142
15162 9569 9289 8.50706
14692 9289 8932 9.76416
14196 8932 8571 9.76416
14051 8571 8461 2.789551
14195 8571 8572 12.18457
18216 11760 11762 22.845947
18220 11762 12338 19.52832
18884 12338 12672 11.15918
3871 15436 1971 24.057621
3870 1971 10964 11.8884
17280 10964 11181 14.138868
14880 11181 9087 11.350175
14879 9087 13477 5.881773
13359 13477 7968 11.843716
4709 11181 2440 13.489411
937 9087 388 13.499505
13844 11181 8306 14.03729
13843 8306 8625 7.783691
3074 1971 1511 15.265993
3076 1511 2610 12.220386
6378 10964 3388 16.040409
18980 13477 12444 19.344835
1502 686 15606 24.361187
3114 15606 1532 18.565773
2384 15606 1143 23.024183
2383 1143 1298 17.268467
2279 1298 1087 5.57959
1492 1087 681 11.262655
2684 1298 1895 19.52832
3641 1895 1840 6.249961
3402 1693 2419 24.675781
4666 2419 2442 0.432129
4714 2442 17513 0.670166
4665 2419 16004 1.567399
4717 17513 2443 9.991211
20358 17513 13846 11.62235
20359 13846 15386 7.053822
6218 13846 3298 21.091335
6131 3298 3248 6.249961
2971 3298 1453 8.05675
2970 1453 3249 4.249512
6132 3249 3250 6.092285
6129 3248 3247 12.18457
21438 15004 15005 25.89209
21440 15005 15261 8.369141
21988 16027 15661 26.802654
21736 15661 15351 26.252275
21735 15351 15350 3.046143
21615 15350 15208 4.185059
21613 15208 15207 3.046143
21383 15208 14944 8.369141
21380 14944 14943 3.046143
21734 15350 15980 19.52832
22291 15980 16073 2.789551
22292 15980 16028 4.777309
22378 16073 16572 15.34375
22792 16572 16701 4.18457
19129 12591 12590 27.415039
18792 12590 12258 11.15918
19130 12590 12942 12.553711
18318 12258 11849 14.031651
17837 11849 11426 12.540039
17403 11426 11061 11.15918
16872 11061 10641 12.554199
16304 10641 10166 13.94873
18329 11861 13276 28.035107
3763 1913 14556 28.595089
17390 11056 11055 28.938232
16859 11055 10634 12.645781
16292 10634 10160 13.935059
17391 11055 11759 20.92334
18165 11759 11714 15.294421
18166 11714 11715 7.615234
18214 11759 12291 18.197649
18838 12291 12290 13.70752
18839 12290 12337 13.778273
18835 12337 12289 15.294421
18834 12289 12288 13.70752
18832 12288 12287 15.230713
18491 12287 12008 9.76416
18159 12008 11711 9.76416
18830 12287 12286 13.70752
18828 12286 12285 13.707764
18826 12285 12284 13.70752
18823 12284 12283 13.70752
18824 12283 12615 10.740723
19148 12615 12710 3.208008
19245 12710 12743 9.244292
19244 12710 13236 18.197142
19773 13236 13401 10.706924
19772 13236 13492 14.782234
20013 13492 13674 12.03337
20178 13674 14005 11.566931
20505 14005 14250 7.407227
20739 14250 14543 9.331543
19966 13674 13443 12.7401
19890 13443 13358 6.700562
19477 13358 12940 13.949219
19476 12940 12941 13.70752
19478 12941 12996 15.294466
19525 12996 12997 13.70752
19526 12997 12998 15.230713
19529 12998 12999 13.70752
19531 12999 13000 15.230713
19965 13443 13905 16.508986
20408 13905 14006 13.988484
20506 14006 14143 15.795232
20637 14143 14144 13.70752
20638 14144 14145 16.753662
20639 14145 14200 10.752193
20507 14200 14007 7.211841
20700 14200 14596 12.918471
21053 14596 15125 15.34375
21549 15125 15276 4.18457
21672 15276 15674 12.554199
22005 15674 15885 5.783294
22214 15885 17384 6.16936
22586 17384 16300 16.312281
3137 16300 1544 14.94708
3136 1544 4738 1.361853
19731 13443 13200 17.378639
18161 12283 11712 19.764469
18162 11712 11713 15.230713
5341 4738 2809 20.42201
5340 2809 3805 10.983055
5342 2809 9047 11.001186
13138 9047 7822 11.364305
1347 7822 604 20.286163
1346 604 698 2.790039
1523 698 798 2.789551
1524 798 699 9.554475
1707 798 1366 15.34375
7086 3805 5953 20.444729
10459 5953 9482 8.376953
12258 9482 7187 14.657569
12259 7187 14462 0.756601
20918 14462 17514 8.878506
9212 7187 5137 11.932139
10458 5953 9148 14.926396
8932 9148 4949 15.108958
14525 9148 8806 17.652344
9213 5137 17369 18.225704
22551 17369 16258 0.754792
1805 17369 846 1.277441
22088 17369 15759 14.888428
16634 13401 10433 20.732298
9414 10433 5265 1.956766
16633 10433 11247 6.836508
17623 11247 15081 8.249889
18010 15081 11588 6.179707
16632 10433 17544 10.77944
656 17544 259 1.241172
20231 17544 13717 1.768402
17624 11247 13709 17.728218
20459 15081 13955 18.50878
21912 15759 15554 20.992319
7087 3805 17159 21.403969
6120 12615 3242 22.019358
6119 3242 8242 18.091179
13750 8242 9979 1.98467
11181 8242 6458 2.923213
11180 6458 7345 8.644894
8120 9979 4430 9.222826
4448 15554 2300 22.582443
4447 2300 8980 5.452489
4658 8980 2415 5.945937
17255 11712 10938 24.149601
17256 10938 10939 7.615234
12105 10938 7078 14.597089
12104 7078 10875 5.252013
2393 10875 1147 8.108358
17182 10875 11188 9.76416
15175 14250 9296 24.758316
21052 14596 14595 25.89209
21004 14595 14544 15.294223
17103 11711 10820 26.50293
16615 10820 10420 12.918471
16616 10420 10421 9.138428
16103 10420 10018 11.262138
15996 10018 9929 21.504757
15998 9929 9930 7.615234
15995 9930 9928 9.138428
15993 9928 9927 13.707764
15997 9929 10512 17.013683
15994 9928 10541 18.133301
15079 9927 9226 20.90918
15078 9226 9227 13.707764
14686 9227 8929 8.369629
14129 8929 8525 11.158691
14130 8525 8526 1.523193
15081 9227 9635 11.15918
15620 9635 9676 9.244219
14124 8526 8521 12.18457
14123 8521 8524 13.70752
13356 8521 7967 15.34375
14119 8524 8520 16.753662
13845 8520 8307 5.783733
3145 8307 1549 3.265502
14120 8520 8882 9.76416
14121 8520 8523 12.18457
3144 1549 4153 12.322989
14117 8523 8519 15.230591
14115 8519 8518 6.092285
14118 8519 10219 6.939758
14116 8518 16958 7.295012
3163 16958 1561 4.983368
21854 16958 15494 14.18025
19166 15494 12632 10.474877
18413 12632 11940 7.496223
14128 8524 9175 18.197142
15006 9175 9173 12.18457
15007 9173 9174 3.046143
15004 9174 9172 10.661499
15005 9173 9564 11.248609
15515 9564 9565 10.661499
15514 9564 9634 13.779884
14125 8525 8522 19.799805
13846 8522 8308 5.783701
13848 8308 11435 19.221272
14126 8522 11626 20.744141
14132 11626 8527 2.101807
14131 8527 8883 9.882254
14622 8883 9228 9.76416
13847 8308 8336 22.859774
1935 12632 912 22.939621
13358 7967 12464 23.119431
19005 12464 17696 10.804549
23121 17696 16976 6.762439
10668 17696 6097 10.560132
10667 6097 13660 6.943672
10670 6097 8214 12.660131
12848 8214 7611 17.770508
12849 7611 10248 13.515401
11218 10248 6484 11.193849
10669 6097 6184 18.854424
3146 1549 17420 23.15255
2796 1366 2487 26.502934
4789 2487 10896 23.924158
17208 10896 12566 1.656402
15413 9482 17862 26.775299
20125 17862 13612 14.508341
20126 13612 13818 7.44873
17139 13818 10844 10.00625
17670 13818 11290 18.072695
12072 11290 7056 15.217089
9762 7056 5488 11.866966
9339 5488 5213 9.164551
9338 5213 17832 9.572775
9337 5213 17109 11.19458
17669 11290 16462 15.391688
7396 16462 3994 12.896965
2612 3994 1263 13.753824
12073 7056 11955 15.455204
2557 11955 1234 8.386395
23365 17832 17288 16.738281
23293 17288 17185 6.700766
14929 17185 9117 0.303616
14927 9117 11002 0.54213
9191 11002 5123 1.346709
17325 11002 16660 16.473444
22843 16660 16622 9.243978
18110 16622 11668 7.935866
18109 11668 16257 3.782262
18108 11668 16401 6.439915
22844 16622 16933 9.882254
22213 16257 15884 12.646266
21858 15884 15498 11.158691
22662 16401 16402 15.230713
22663 16402 16658 8.369141
22877 16658 16659 6.092285
22876 16658 16889 6.974609
22385 16402 16082 9.76416
22349 16082 16043 6.249961
23064 16889 17285 12.554199
23363 17285 17286 7.615234
23361 17285 17287 12.18457
18337 17287 11869 5.45975
23362 17285 17713 12.553711
23653 17713 17831 4.18457
16451 17831 10283 7.241349
4415 10283 2277 11.71933
4412 2277 9845 9.214621
4414 2277 5154 10.073549
9241 5154 15556 11.203334
20966 15556 14507 11.496723
20079 14507 13559 11.663678
18584 17713 12083 11.925781
18583 12083 17714 1.781982
22002 16082 15672 12.645752
22003 15672 15673 7.615234
21775 15672 15396 8.50706
21453 15396 15016 12.645781
16450 10283 11091 15.064327
1110 14507 479 17.349279
18432 11955 12492 18.524414
641 16402 250 18.737896
642 250 4765 6.768522
8648 4765 7732 19.817097
5711 15556 3009 20.060236
4951 5154 2577 24.157377
7672 15494 4160 27.308472
7671 4160 11694 3.838135
18142 11694 11974 9.150391
13397 11974 7991 11.948772
13396 7991 9953 7.568556
10666 9953 6096 19.089592
681 7991 270 22.078539
2609 1263 9557 28.134771
8630 12492 4750 28.811712
8628 4750 15866 6.036155
5515 3892 2904 29.332043
8419 8672 4617 29.806702
7532 4617 4076 15.419169
7220 4076 3890 5.57959
6854 3890 3662 7.138998
5513 3662 2902 22.369789
13360 7970 7969 30.461426
13361 7969 8460 13.94873
12672 7969 7484 28.897436
18219 11761 11763 30.461426
18736 12217 12218 30.461426
18740 12218 12892 12.554209
19424 12892 13261 12.553711
19793 13261 13262 27.415283
19794 13262 13433 7.211687
19425 13262 12893 12.645752
19031 12893 12490 13.935059
18670 12490 12159 11.15918
18254 12159 11791 12.553711
18253 11791 11835 9.244292
14714 11974 8950 31.414351
14715 8950 9317 10.53125
15200 9317 9661 9.150391
15646 9661 10328 20.211914
13460 8950 8033 25.652344
16502 10328 10329 30.461304
8878 4915 4916 31.984375
16501 10328 11424 33.477051
6518 4621 3469 33.512161
6167 3469 3269 5.57959
5921 3269 3126 4.18457
5229 3126 2741 12.553711
3976 2741 2027 23.713379
2808 2027 1371 22.317871
2810 1371 9061 3.348212
12348 7991 7254 34.398693
13057 9953 7762 34.637222
5517 2904 15008 34.821476
1056 15008 451 18.250189
460 451 178 1.286448
21441 15008 16874 19.521046
643 250 6773 35.655041
6779 6773 3617 13.607398
568 3617 221 10.419074
567 221 13659 5.085477
18967 13659 12429 1.0877
6778 3617 15973 16.408823
566 221 9112 16.448746
565 221 10481 19.111582
16690 10481 13744 13.452787
19370 13744 12837 10.203628
17727 12837 11335 5.48265
19369 12837 18022 12.626917
4441 18022 2295 8.92544
4440 2295 15201 11.103579
2567 18022 1239 15.976142
2570 1239 8869 15.75301
7207 8869 3881 4.677044
4031 3881 2061 8.320227
4032 2061 14857 6.519928
21251 14857 14803 3.350179
21167 14803 14705 2.790039
20999 14705 14542 6.195833
16928 14857 10680 6.327637
4030 2061 17157 7.282274
12783 10680 7571 8.411831
7205 3881 6359 12.856348
11036 6359 7682 13.357155
12951 7682 11776 12.417933
14038 11776 8453 10.003112
14039 8453 13205 5.931749
7206 3881 9867 14.41038
16689 10481 10576 17.562
20553 14542 14053 25.049212
20168 13659 17231 31.320225
5510 2902 2901 38.07666
7218 3890 3889 38.07666
7216 3889 3888 16.753662
7217 3888 6945 6.703052
7215 3888 3973 15.484063
7081 3888 3800 16.98439
1491 681 1032 39.308662
9347 11974 5218 39.508301
8420 4617 4618 39.599854
6227 4618 3302 5.741943
6225 3302 18203 4.538726
19074 18203 12532 6.353168
6741 18203 3593 7.678418
14456 12532 8757 14.484158
6742 3593 12417 15.742571
5071 3593 2653 16.243193
5072 2653 5318 0.943932
5070 2653 2659 13.709574
2648 2659 1280 14.185311
2650 1280 17160 0.30475
9497 5318 15492 16.199322
6226 3302 7622 17.682617
8422 7622 4619 8.559814
14817 9177 9032 39.820091
14367 9032 8698 9.76416
19106 12566 17755 40.164539
11771 17755 6851 8.857348
11772 6851 16965 14.097246
23112 16965 17556 17.97998
23546 17556 18079 16.501465
10769 18079 6165 12.719273
2136 6165 1014 0.533147
10236 6165 5807 10.335938
2137 1014 6640 14.767433
16729 17755 10519 18.112152
3917 10519 1995 16.163639
5872 10519 3105 19.929632
7902 17556 4294 20.226627
16730 10519 12812 31.212238
12545 12812 7389 3.749528
19346 12812 17701 6.040172
12546 7389 17232 12.987597
20444 17701 13943 14.80744
2494 16965 1201 34.543686
11449 6640 7781 35.416016
4979 7781 2595 0.535909
6391 17701 3393 38.194195
6390 3393 16439 24.188843
12150 16439 7112 8.180053
12148 7112 16697 6.146073
13914 16439 8358 11.64434
8421 4619 8448 41.868896
14032 8448 8848 10.475586
21711 15674 15324 44.0816
6133 3250 10082 44.260254
16187 10082 12983 42.066895
6136 12983 3251 43.133301
6135 3251 4045 23.39209
7475 4045 15934 7.975713
6664 15934 3552 5.155813
6666 3552 17376 7.506433
6665 3552 4361 9.305908
8013 4361 15851 6.887697
8306 15851 4552 2.553109
8014 4361 8360 7.936756
8308 4552 15486 8.10651
8012 4361 12910 11.605957
12674 12910 7486 3.48916
12675 7486 17834 6.747777
12676 7486 14244 9.080278
20429 17834 13927 9.308189
20428 13927 14252 9.791992
19443 12910 13278 12.344727
9604 13278 5388 11.533156
22249 15934 16352 13.614258
5162 13927 2703 14.422482
5164 2703 16125 16.502176
1564 16125 719 13.479712
1565 719 5355 12.908469
2657 5355 1285 15.126962
2659 1285 15163 10.34499
5615 15163 2954 7.913574
5616 2954 10131 7.128416
2658 1285 15860 10.553524
3781 15860 1923 10.34499
20723 15860 14231 11.850132
3779 1923 16575 12.266229
5163 2703 5956 17.265745
10461 5956 6346 11.494141
5768 6346 3044 9.991933
1484 3044 678 5.821182
11016 6346 7799 14.179688
3674 5956 1864 15.122503
13109 7799 14885 17.576525
4975 14252 2591 18.368164
4974 2591 2793 7.351074
4973 2591 13794 14.408203
20305 13794 14003 6.709473
7476 4045 4712 18.45459
8566 4712 4995 8.369141
8994 4995 5312 9.76416
9489 5312 5494 5.57959
8565 4712 4713 18.276855
19572 17834 13035 20.76298
3780 1923 8445 23.476448
14030 8445 15753 8.835953
9688 15753 5442 1.736189
9199 5442 5128 10.322266
9198 5128 15588 7.67627
8697 5128 4799 9.903809
8132 4799 4437 9.680176
8133 4437 10311 14.174474
9687 5442 11314 14.174474
8131 4437 15641 14.408203
17696 11314 11777 21.124775
13085 7781 8102 44.810276
13558 8102 12402 8.238949
18776 12402 12247 4.895996
18777 12247 16128 6.138605
18112 16128 11669 13.436952
18111 11669 12512 16.762524
9698 12512 5448 14.854126
9697 5448 9028 12.21463
9696 5448 12528 15.343502
7885 12528 4283 11.62126
7883 4283 15509 14.408203
13900 15509 8351 16.738525
13901 8351 8961 16.724609
18386 12402 11914 19.751345
5870 11914 3104 16.548025
5871 3104 16830 11.739955
22861 16830 16640 6.067871
10198 12247 5781 20.054989
7884 4283 5007 20.435059
9017 5007 16443 16.627779
15352 16443 9430 16.755451
15273 9430 9366 1.71582
7198 11669 3874 24.399914
4073 12528 2085 24.884737
4072 2085 2263 16.224667
13461 8033 15553 45.724453
7322 15553 3952 14.925666
7607 7781 4120 46.675896
7606 4120 10089 19.744987
13969 10089 8400 1.187988
13968 8400 12009 1.325981
16192 10089 12568 26.105919
13966 8400 10261 46.374165
7763 10261 4212 20.221552
2303 4212 1099 9.991832
2302 1099 3130 14.243994
5929 3130 4205 6.27211
2305 1099 2233 17.024736
4343 2233 17021 7.153162
2304 1099 1349 18.368164
4344 2233 5649 33.594578
10000 5649 11808 4.265221
7807 5649 4235 17.379827
7808 4235 9971 13.645074
1845 9971 867 6.54351
7806 4235 15452 14.408203
2133 5649 1011 19.770037
7762 4212 13254 33.937634
5516 2904 8207 46.699375
12255 8207 7185 30.464355
5514 8207 2903 37.108131
4306 2903 2211 23.762249
6853 3662 3891 47.727211
20138 14053 13630 49.232422
20057 13630 13539 2.790039
19897 13539 13369 5.286621
20137 13630 14593 30.725273
21049 14593 14704 2.789551
21165 14704 15440 22.318359
21350 15440 14914 29.564091
21808 15440 17035 49.937012
6519 3469 3524 50.280586
6610 3524 3663 26.228056
6856 3663 13718 12.781837
20232 13718 14538 14.011966
21050 14705 14594 50.338463
5784 3126 3052 50.338581
3668 4212 1859 52.28854
8689 8448 4794 52.727348
6928 4794 3705 16.623232
2706 2902 1313 53.005859
4268 2904 2190 53.474701
10847 8033 6220 55.446289
10848 6220 17165 1.743718
10846 6220 11858 27.049686
20769 17165 14288 35.776245
20770 14288 18034 40.556339
22036 17165 15705 46.03125
20531 15705 14033 50.21582
20323 14033 13812 7.138972
11234 13812 6495 29.864819
9767 5494 7549 62.77002
12752 7549 14263 4.241217
12690 7549 7498 45.713184
1789 18034 838 64.167183
1787 838 837 22.845947
1783 837 836 25.89209
1784 836 888 25.929644
1888 888 8843 16.098761
14408 8843 8726 29.654053
1785 836 6710 32.585701
3515 6710 1757 24.891989
3512 1757 6686 22.705112
3514 1757 17308 23.242907
21351 14914 14961 65.506554
21382 14944 14945 67.014893
21384 14945 14946 16.753662
21385 14946 14947 15.230713
21386 14947 14948 18.276855
15854 14948 9821 12.458496
15853 9821 18051 54.567188
15855 9821 14949 62.171631
5161 14949 2702 29.147882
5160 2702 16212 9.938443
22503 16212 16607 12.554199
22502 16212 16213 13.707764
5159 2702 13161 19.156492
21127 16607 14661 24.688965
21128 14661 17512 7.84375
11738 14661 6829 12.916728
11737 6829 16969 10.336604
4572 16969 2367 12.460752
4571 2367 13522 30.843258
10007 13522 5654 8.779997
10009 5654 15685 12.43953
21841 15685 15477 6.137207
22021 15685 16000 10.057129
21388 15477 14950 16.543457
21198 14950 14745 5.244629
4934 14950 2567 14.682373
22310 16000 16608 18.873047
20572 14745 14077 20.211914
19795 14077 13263 26.140137
4718 14077 2444 37.992851
22828 16608 18228 50.238918
16128 14263 10037 68.308464
16126 10037 10146 2.790039
16268 10146 14919 2.756836
16269 10146 11370 36.183105
17768 11370 11409 1.478516
8853 11370 4900 29.931978
17816 11409 12413 32.333496
18952 12413 12984 19.277344
19513 12984 12985 19.799805
19514 12984 13645 21.830078
20150 13645 13702 1.882812
3744 13645 1903 9.764132
20212 13702 15092 42.516113
21517 15092 15862 23.043457
22191 15862 16110 8.507103
22411 16110 16529 12.645781
22764 16529 16604 3.178748
22410 16110 16111 22.845947
10003 16604 5651 41.23241
10629 12413 6070 46.243301
10628 6070 10562 15.023163
10627 6070 9075 16.035036
16127 10037 10038 48.738037
14913 13702 9107 50.462009
14912 9107 12191 12.505607
18705 12191 12602 12.872125
15844 12191 9813 42.405468
15842 9813 10129 24.212208
15843 9813 11547 30.84371
4905 11547 2552 4.889477
6127 11547 3246 16.274218
6128 3246 13057 8.984049
19597 13057 14396 10.580364
10836 13057 6214 16.883492
3157 2552 1556 34.7024
3070 1556 1509 1.241211
3069 1509 11730 29.892582
16682 11730 10475 35.601669
11134 10129 6427 39.82917
16274 11730 10148 46.979492
12712 16604 7515 59.979984
16272 14919 10147 61.211914
16271 10147 10672 15.34375
16918 10672 10674 6.092285
16919 10672 10673 44.168945
22192 15862 15863 70.060791
23866 18228 18230 70.061035
8995 4995 5060 70.074921
17815 11409 11457 70.074921
2499 1371 1205 70.18589
2419 1205 1160 21.36834
2707 1313 17133 71.13916
14848 9061 16935 76.174675
12683 17133 7490 76.71875
10199 7490 5782 52.168457
2809 1371 13911 78.851624
1889 888 17814 78.885086
17037 17814 10771 1.730047
2420 1160 1204 79.211746
2498 1204 1252 1.506348
2590 1252 1312 1.283203
13373 7976 9474 82.001953
13896 9474 8348 27.674072
3694 17035 1872 92.787598
3693 1872 3703 58.138672
6922 3703 3797 3.178689
7076 3797 3936 4.407715
7300 3936 4372 12.721191
8030 4372 4596 6.012207
8380 4596 5544 28.469238
9837 5544 6300 22.318359
10958 6300 8375 1.127075
13929 8375 12309 1.241583
10954 8375 6298 39.995605
10955 6298 6299 4.569214
10546 6298 6011 8.369141
10956 6299 6766 16.009634
10957 6299 6435 24.725689
11146 6435 6721 10.228285
11147 6435 6529 11.020521
10547 6011 12259 25.846548
4777 12259 2480 8.537624
8083 12259 4402 33.121246
8085 4402 17026 8.326258
8084 4402 14105 11.754356
13928 8375 12342 90.62133
15803 12342 9784 12.637282
5147 5782 2697 92.885254
4355 2697 2241 15.34375
986 2241 416 57.836796
2710 13911 1314 94.783379
2709 1314 16759 74.508301
4933 2567 3918 97.232422
5985 18228 3166 99.036621
5984 3166 3252 2.790039
17036 10771 13525 99.309608
20041 13525 13839 20.324892
19411 13839 12880 32.118645
19785 13254 16528 100.431641
22763 16528 16649 4.18457
16900 16649 10660 2.772006
3400 16649 1691 99.04882
3398 1691 16340 2.177979
3397 16340 1690 61.790771
3399 1691 7091 93.030014
10803 7091 6192 45.057491
10802 6192 6750 18.197628
8567 14593 4714 106.751587
8568 4714 12155 92.175781
18663 12155 14592 23.440063
10664 14592 6092 43.179707
8776 14704 4849 106.754761
8777 4849 11641 30.370796
18076 11641 14638 63.117733
1886 8726 886 108.07666
20139 13630 14882 109.193306
14110 14882 8514 71.203598
8660 8514 4772 19.813957
8659 4772 5484 23.134932
3513 1757 15593 110.635544
5817 15593 3069 8.660989
5816 3069 3152 6.700562
5962 3152 3243 6.700766
4687 3152 2429 54.200531
1957 2429 922 98.924431
1887 922 887 7.741987
1958 922 17458 104.94397
23417 17458 17361 4.130445
23416 17458 17360 5.353439
19796 13263 15164 117.212166
6122 3243 7118 117.72258
12158 7118 7635 15.419157
927 7635 382 117.393555
2768 5544 1346 118.211304
2769 1346 5507 17.348724
2767 1346 6027 19.683538
8117 15705 4428 125.031052
2708 1314 15327 128.473633
21633 15327 15226 3.178631
21455 15226 15018 44.716225
19733 15226 13203 63.668991
19050 13203 12509 24.482996
19734 13203 13919 74.028198
20423 13919 14054 11.383283
925 382 3848 131.515869
7160 3848 18246 27.667454
5286 3848 2775 32.115173
13967 8400 10088 132.841553
19611 17361 13067 133.90918
10271 13067 5833 135.567993
6973 5833 3738 27.329502
6974 3738 18190 50.684357
10272 5833 7650 55.816193
12903 7650 7778 4.453131
21746 17133 15365 135.979248
21745 15365 17134 1.09668
18672 15365 12162 1.228388
18671 12162 13623 1.18873
10070 15365 5695 21.338173
3480 5695 1737 40.439808
166 5695 63 45.771477
6299 13623 3340 72.987694
6298 3340 4913 14.179688
4620 2392 2393 137.075684
4623 2393 17322 101.82666
12684 7490 7491 137.075928
3156 1556 1593 137.082779
3216 1593 1783 6.974609
3559 1783 2123 11.158691
3217 1593 4054 53.31295
7492 4054 17141 26.281054
7493 4054 5359 31.114716
4143 2123 2168 77.688797
4144 2123 5519 103.22168
19088 16935 12544 138.127335
18120 12544 11675 29.919313
12484 7346 7347 138.599121
4535 2393 2347 138.605652
4536 2347 17267 101.82666
5370 10896 2822 140.069504
12412 7347 7294 140.129013
12411 7294 11653 126.971107
18092 11653 12443 26.50293
18091 11653 11742 41.217064
18979 12443 13988 51.610352
20489 13988 15614 48.845036
10409 15614 5928 129.232422
14261 12443 8620 130.208679
12410 7294 14707 132.430176
12408 14707 7293 77.752441
6909 7293 3695 63.169384
6908 3695 4261 28.905712
12407 7293 7292 71.583984
12405 7292 10928 62.798428
12406 7292 14473 70.076172
19322 14473 12793 54.421703
12409 7293 10133 82.312431
4463 10928 2309 89.312683
4462 2309 17268 100.431641
8766 16649 4843 142.986877
8767 4843 17580 66.650261
22907 17580 16700 69.087059
22762 16700 16527 5.57959
22906 16700 18164 45.654785
645 18164 251 10.140625
644 251 1786 45.473145
3564 1786 5584 116.319824
9904 5584 9102 120.303185
14902 9102 9360 11.495914
15264 9360 9617 12.7401
14166 9617 8551 42.260727
14901 9102 10130 45.436459
16249 10130 10450 17.378532
20490 13988 13989 143.167969
19462 13989 12926 34.87207
20491 13989 13990 42.645996
20492 13990 14886 26.50293
20493 13990 13991 94.429688
12711 7515 12350 143.67334
18896 12350 12549 7.138998
19094 12549 15503 93.455765
21860 15503 15504 120.322021
18849 12350 12298 120.330109
7894 5375 4289 145.232803
6474 4289 3444 26.719162
1446 4289 659 65.452148
3490 3152 1743 145.675888
19879 13396 13348 146.220764
2589 8620 1251 147.007721
19009 12467 12553 147.763641
10641 11077 6077 147.889297
10095 6077 5710 39.678196
10096 5710 6782 64.018333
9466 6782 5295 106.262253
4085 5710 2091 117.081924
17840 17131 11428 148.327545
16072 14763 9993 150.633667
16071 9993 9994 4.568848
15629 15617 9643 150.717178
15628 9643 9644 102.04541
5738 3026 14670 151.139923
21132 14670 16369 56.782375
21606 16369 15192 45.463169
21607 15192 17781 22.204781
20743 17781 14256 17.539042
18259 14256 11794 10.229653
13715 14670 8215 72.555855
12603 17781 7427 92.254913
12606 7427 8815 9.953305
14418 8815 8734 2.440918
14420 8734 11799 22.846098
14419 8734 10899 34.637051
10439 10899 5943 13.423073
4899 5943 2550 22.267931
4901 2550 9045 22.147797
6553 5943 3491 33.011116
6555 3491 4389 22.325994
6846 4389 3658 21.495117
6053 3658 3205 12.986328
6054 3205 6193 32.63501
7921 6193 4304 10.235107
7712 4304 4185 3.612793
6479 4304 3447 23.382542
6478 3447 15391 21.506535
14980 15391 9157 22.259071
358 9157 136 36.949463
359 136 568 13.084473
361 136 1064 21.575283
742 1064 297 22.248047
744 297 1216 22.743027
2523 1216 10497 16.810148
13753 10497 8245 22.210297
7667 8245 4159 17.464725
7670 4159 12375 8.633527
7668 4159 16126 22.886698
17898 16126 11481 23.338083
1283 568 17099 39.983978
22919 17099 16712 12.875
20781 17099 14301 13.996293
20782 14301 14394 2.789551
20862 14394 14628 6.974609
21087 14628 14681 32.014782
16223 12375 10111 40.003132
15017 10111 9182 5.117432
14907 9182 9105 1.924805
7751 9182 4206 23.867701
7750 4206 6111 21.597605
9439 6111 5277 23.604988
9437 5277 5516 7.336914
4117 4206 2110 37.011051
4119 2110 15587 21.109554
4118 2110 10145 24.601778
11337 10145 6566 23.21537
1581 15587 729 24.818172
1407 729 638 2.343262
1580 729 17266 4.252975
1582 729 15598 32.760654
14057 15598 8467 24.759258
9083 8467 5051 21.25865
9082 5051 15710 23.671297
2803 15710 1369 23.365147
2802 1369 4848 6.765292
2805 1369 13118 32.884808
19663 13118 16513 23.535927
18436 16513 11959 22.788628
18244 11959 11781 5.635254
17202 11781 10892 5.170552
2745 11781 1333 15.776822
1069 1333 459 24.689453
21088 14628 15970 40.4375
11336 6566 8001 43.841309
13410 8001 11168 12.379648
12584 13118 7416 43.846905
4380 7416 2254 12.941926
4379 2254 14344 3.407881
15266 14344 9361 39.226261
15265 9361 9498 4.254395
15267 9361 14393 11.25192
15433 9498 16196 32.790035
19459 16196 12923 6.080333
19458 12923 13158 7.336914
4036 13158 2064 4.311669
680 11799 269 49.976093
679 269 4716 14.188214
15218 10892 9329 50.00082
1071 459 10997 53.147579
20817 14393 14343 53.325611
22281 15970 17891 60.672142
12604 7427 12320 70.396584
15217 9329 13620 92.216934
5188 17891 2717 94.901436
5187 2717 6080 100.443192
10645 6080 6130 71.597572
12245 16369 7177 105.643158
12244 7177 8259 36.982346
10646 6080 6272 134.145874
5185 6272 2716 106.054985
5186 2716 17451 112.202057
23193 17451 17062 20.130095
22676 17062 16424 47.50185
12365 16424 7266 95.749016
11698 7266 6807 16.675669
7629 6807 4133 81.260956
5228 4133 2740 52.670151
1526 2740 700 77.897278
1525 700 8555 110.21772
14173 8555 17468 0.512892
10719 6272 6129 129.528061
3010 16424 1472 142.202377
1178 515 13796 151.281738
6759 13796 3605 56.180599
6758 3605 12075 46.415222
4101 3605 2101 130.651672
3612 1819 13941 152.04248
11657 13941 6778 117.291016
11658 6778 6779 7.615234
11659 6778 8422 48.820801
18856 12304 12465 152.408813
15630 9643 14474 153.445068
20932 14474 17805 101.838051
5233 17805 2744 99.048325
5232 2744 2828 3.178631
5380 2828 4531 50.238911
8281 4531 6253 51.61084
10895 6253 9680 100.431641
15670 9680 11192 46.03125
17551 11192 12859 72.021545
19395 12859 12860 38.07666
23718 17805 17804 111.183594
5231 2744 2743 135.552734
5113 2743 2675 73.160622
5230 2743 6213 103.22168
8039 4376 7664 153.48999
12925 7664 8805 58.349674
19064 12521 12561 153.835907
10834 6213 13338 153.851059
16507 17360 10333 153.851181
16506 10333 10335 42.645756
1139 10333 492 43.339359
1140 492 543 1.296875
16511 10335 11928 52.089878
14138 11928 8532 0.810376
16375 10335 10223 135.581451
11543 10223 6696 103.232422
10077 6696 5699 80.693115
1800 6696 844 82.025208
1801 844 4017 7.249573
7432 4017 15714 8.042266
5022 15714 2627 79.531494
4830 2627 2509 7.390979
4831 2509 11182 30.334908
17539 11182 18258 46.44429
22884 18258 16669 6.427307
22883 16669 18257 1.187988
16376 10223 13448 103.252464
19972 13448 13788 11.262639
5682 13788 2992 38.023632
5683 2992 10349 4.088305
16525 10349 12371 38.361012
18915 12371 17873 14.026735
1390 17873 628 26.944572
1391 628 7859 10.697544
20301 13788 13864 41.21722
5176 17873 2710 44.369686
13297 12371 7926 49.088131
3886 7926 1979 15.200732
13296 7926 17718 42.014545
8188 17718 4469 20.226555
963 4469 405 2.710649
3151 4469 1551 12.095376
964 405 8649 12.919898
14292 8649 17431 9.534465
3150 1551 14554 22.801746
16889 14554 10653 18.064201
15804 14554 9785 22.766582
3149 1551 14275 28.919319
10924 14275 6276 9.485199
893 14275 366 10.456571
10367 6276 5900 10.963867
4055 5900 2074 8.459462
16887 10653 16893 34.47921
17422 16893 11081 29.212482
16108 16893 10022 34.096416
16107 10022 10698 19.472656
8888 10022 4922 26.1075
7400 4922 3997 19.589676
16888 10653 11958 39.37793
18435 11958 17436 8.477633
14293 8649 13495 44.463943
5681 2992 7153 51.911533
10897 7153 6254 18.826933
10896 6254 13490 12.549316
20011 13490 16589 5.649111
7975 16589 4337 21.803144
1362 13490 614 21.970619
4153 4337 2128 26.448389
1361 614 6557 30.604883
12210 7153 11493 36.974606
11761 10349 6840 65.993202
11762 6840 17717 11.870762
4532 17431 2345 72.439857
4531 2345 3917 17.942432
4154 2128 17253 94.568268
12639 17253 7457 44.840252
5565 17253 2927 67.853363
5564 2927 13406 32.639713
16617 13406 10422 96.245453
16618 10422 14068 1.381195
16313 10422 10171 87.094376
15216 10171 9328 25.292017
19931 13406 16752 103.266129
22956 16752 17130 12.554199
23252 17130 17616 13.94873
23177 17130 17044 54.90126
23251 17130 17293 64.105476
1802 844 15071 130.147446
20445 15071 13944 18.591396
19341 15071 12807 68.959412
8900 12807 4930 10.655152
17372 18258 11042 138.78949
17373 11042 11169 4.185059
17523 11169 11482 9.052734
17900 11482 11504 0.711426
10233 11482 5805 1.316881
16341 11504 10192 82.88607
7911 10192 4298 80.235069
7910 4298 10339 46.309521
16515 10339 12580 3.603601
6823 12580 3644 3.921097
6822 3644 6681 11.60585
11520 6681 6865 1.690673
11519 6681 13886 16.824379
6824 3644 10989 21.572857
13262 11042 7903 90.718636
234 7903 89 12.824811
235 89 4426 44.382141
8114 4426 7504 42.909863
12698 7504 8311 25.750832
236 89 3051 68.84317
16340 10192 14521 138.102142
11948 17717 6977 140.476959
11752 6977 6836 132.572662
11751 6836 7384 67.596962
4862 2697 2528 153.93074
4864 2528 16791 15.920479
4617 16791 2390 7.907079
4616 2390 2437 7.741987
4704 2437 16386 8.925171
4099 2437 2100 11.262639
4863 2528 4113 66.856842
4697 16386 2433 83.981689
4100 2100 17366 93.885254
20947 17366 14488 88.718124
20715 14488 14224 8.369629
20402 14224 13894 9.76416
20403 13894 16781 58.419777
4696 2433 5802 101.838051
4693 2433 2432 105.091553
4695 2432 17116 108.787109
23236 17116 17751 76.801514
2440 16781 1169 113.157654
1026 1169 435 20.978701
232 435 88 9.76416
233 88 18200 4.18457
23861 18200 18156 1.283203
10229 5802 5859 153.835907
10302 5859 6839 30.6875
2678 1294 14454 154.03447
8116 17616 4427 154.832031
8115 4427 7916 106.011719
13282 7916 8881 38.130966
14621 8881 9323 23.444407
15211 9323 9511 12.033261
15457 9511 9675 10.050889
14192 9675 8569 38.257809
15210 9323 10275 41.305637
15667 9675 12588 110.96209
2051 12588 968 131.739319
2833 10275 1386 141.73143
10765 15787 6161 155.088074
6975 3738 18066 155.425858
22482 18066 16189 58.584961
15389 18066 9461 66.695938
1430 9461 652 55.320286
9843 9461 5548 66.854927
4433 5548 2290 26.447712
9842 5548 8582 34.45166
14206 8582 8581 7.615356
1432 652 4496 89.108231
8232 4496 18199 55.454754
22853 18199 16633 1.188314
1431 652 6637 118.174507
23829 18066 18067 137.075806
4330 2225 12111 155.95047
18899 12354 14359 157.286865
18898 14359 12353 1.111816
18897 12353 12394 89.871666
18936 12394 12425 33.536343
18965 12425 13013 19.587616
19549 13013 14972 61.845665
21315 14972 14869 76.204155
21021 14869 14559 24.330635
20892 14559 14422 32.256981
19740 14559 13209 43.668518
21314 14869 15640 51.478752
21406 14972 16341 92.187752
19251 16341 12717 32.627735
1731 12717 812 1.475971
19149 12618 17658 157.688293
23612 17658 17753 100.561165
3194 17753 1580 42.448219
8091 17658 4407 153.505508
8090 4407 8166 112.995621
13650 8166 10811 76.765526
15056 10811 9209 68.0242
15055 9209 15111 68.750877
13123 8166 7809 151.099014
17868 12075 11453 158.28772
17867 11453 12119 20.92334
18619 12119 12770 22.318359
17866 11453 12813 59.670475
9796 12770 5518 140.137207
9797 5518 5520 140.121826
4568 5520 2365 94.852051
4569 2365 2410 33.536331
2832 2365 1385 106.351334
2831 1385 15407 54.089703
20703 15407 14208 36.298565
1702 11437 794 158.461319
1700 794 3512 96.580231
6586 3512 15274 25.097795
9098 15274 5063 30.315004
12169 15274 7125 31.06806
12168 7125 10544 16.001873
11431 10544 6628 27.50247
14431 10544 8741 86.474182
6585 3512 3923 90.733521
1701 794 14903 144.256088
11530 14903 6689 36.30991
11532 6689 16365 13.479248
2468 16365 1184 10.529796
2469 1184 17365 9.805775
2470 1184 6604 30.193705
9441 6604 5280 13.260492
5252 17365 2752 36.498318
5253 2752 9341 21.14043
9423 16365 5271 41.886116
9422 5271 13808 29.31098
12822 14903 7595 108.930145
8400 7595 4607 52.768555
13041 9341 7750 148.211594
12976 7750 7698 141.651886
12977 7698 8049 129.828156
11314 8049 6547 46.017334
5785 3052 11628 159.032364
9455 11628 5288 39.325684
13005 12991 7724 159.265335
12766 7724 7558 5.783642
12630 7558 7447 23.015896
12130 7447 7096 11.262502
11211 7096 6478 19.528442
11210 6478 6479 13.70752
11212 6479 6567 5.353671
10826 6479 6205 11.315314
10827 6205 13138 26.271671
8273 13138 4525 24.036503
8272 4525 12055 9.313322
10063 6478 5689 26.660284
10065 5689 16368 13.633802
8614 16368 4743 21.722795
10064 5689 6477 27.389835
11209 6477 6690 6.974426
11534 6690 7043 11.159119
12056 7043 7505 13.948853
12699 7505 7646 21.729496
8757 6477 4838 51.335163
4824 12055 2505 52.355362
2007 2505 945 48.84473
1995 4838 940 57.007496
1994 940 3220 0.837061
6078 3220 8915 3.526482
6254 8915 3317 7.49408
6252 3317 3849 15.34375
6253 3317 3375 16.811388
14664 8915 13252 19.906218
1993 940 15070 21.672132
6357 3375 13060 21.833019
10943 13060 6290 16.040808
6356 3375 4174 23.907833
4893 3220 2545 27.019773
14448 13060 8751 29.808451
2102 2545 994 76.888474
1016 994 429 16.738647
75 429 27 11.262502
74 27 327 21.495996
809 327 943 22.731461
2002 943 1578 21.846951
3191 1578 1809 20.10194
3193 1809 1579 8.369263
2005 1579 944 18.197386
3598 1809 2504 22.781128
2099 994 993 36.553223
2101 993 18069 18.733887
6685 18069 3562 13.757063
2098 18069 992 37.619629
2096 992 2025 32.118465
1017 429 17480 38.258919
76 27 17042 39.141739
2100 993 2503 47.450531
18553 12055 13510 89.875603
5205 7558 2730 107.626007
9718 7043 5461 121.430145
9719 5461 16034 19.912142
5065 16034 2650 24.068275
22097 16034 15768 87.704742
8000 15768 4354 7.337781
20205 15768 13696 105.67099
8807 13696 4871 48.008114
8806 4871 17952 12.657091
8808 4871 12324 53.110027
18706 12324 12192 4.184631
16737 12192 10526 51.633183
15647 10526 9662 26.54653
9532 10526 5339 33.081551
9533 5339 5563 37.985855
1218 5563 533 10.235015
1220 533 1714 17.210653
3439 1714 2851 14.075398
1219 533 8639 23.715231
9869 5563 16351 38.020309
3440 1714 10280 41.702255
16446 10280 16217 33.289604
18868 12324 13978 60.291409
12342 9662 7249 68.335449
9164 7249 5101 66.954468
14607 9662 8864 88.163155
14605 8864 8863 3.046387
14606 8863 11071 114.40094
9285 11071 5182 4.879452
1101 11071 473 31.822126
9286 5182 16764 53.400669
20481 13978 17588 118.160156
972 17588 408 32.226601
971 408 1679 38.151497
3378 1679 12875 59.090897
7661 12875 4155 19.156221
7660 4155 4502 9.76416
8240 4502 4544 70.074432
8241 4502 7022 76.76516
10381 7022 5908 21.122831
5213 5908 2733 44.980358
5214 2733 16534 71.294983
10380 5908 17301 76.76696
5835 7022 3080 98.970924
5834 3080 9724 38.288979
15726 9724 15402 23.686615
15725 9724 13021 30.517838
10576 13021 6034 0.829916
12376 13021 7272 20.228809
6583 7272 3510 5.119439
3019 1679 1477 109.88221
5836 3080 7069 112.739731
12091 7069 10926 1.461914
17243 10926 17988 2.31543
16205 10926 10100 23.336426
16207 10100 17970 19.775686
16206 10100 15491 24.151236
12090 7069 8486 41.87426
23201 17988 17077 104.116455
1633 17077 756 25.606598
12089 17077 7068 30.705078
11049 7068 6369 22.370016
10145 6369 5746 18.52417
9958 5746 5624 3.780151
10144 5746 8867 35.203411
11050 6369 7142 36.721191
12193 7142 14913 28.011818
12088 7068 8485 41.957279
12022 7068 7021 68.552032
12023 7021 12607 3.411621
12021 12607 7020 2.680664
12020 7020 7937 64.943359
9075 7142 5047 90.134727
9076 5047 17441 59.658474
14073 8486 12110 107.503281
18606 12110 13647 51.70055
20153 13647 13649 70.060547
20154 13647 13648 70.061279
20156 13648 13693 42.66856
16784 13649 10568 99.142197
20155 13648 16905 113.702309
6924 8863 3704 125.317909
6925 3704 8910 65.073837
10112 8910 5722 94.864395
6926 3704 9450 95.709389
5212 2733 13650 136.206985
13313 7937 18057 137.639404
21199 18057 14746 101.858177
21138 14746 14676 2.301636
21137 14676 17646 0.944438
18893 14676 12347 76.55793
10796 17042 6185 138.25975
10033 6185 5669 15.419193
9898 5669 5579 9.554528
9897 5579 12542 15.626032
9669 5669 5432 19.562363
9223 5432 5142 11.508899
9165 5142 5102 24.409031
9166 5102 5431 14.423279
7259 5102 3913 33.615513
9899 5579 9120 36.099022
14934 9120 14747 30.645624
14933 9120 17103 55.405361
19047 12542 12507 65.506554
19046 12507 12543 13.77831
19087 12543 13493 32.082336
17210 12543 10898 45.314304
17211 10898 12506 81.107941
21200 14747 14859 85.336662
15089 12507 9232 100.477875
3718 9232 1887 68.567413
3719 1887 1925 60.93882
3720 1887 16773 101.9291
18957 12506 12418 140.149841
16057 12418 9978 75.339188
18845 12418 12293 137.139542
18844 12293 12294 6.092285
14752 12293 8982 100.535591
18607 12110 12152 141.651886
5206 2730 7645 148.264206
12841 7645 7605 6.249934
9332 7645 5210 75.339195
12895 7645 10536 83.803833
10483 10536 5971 14.795397
10482 5971 11144 3.401871
16657 10536 10456 65.550499
17490 11144 14238 100.535652
20726 14238 14239 6.092285
2104 5210 995 128.365555
2103 995 996 4.569336
2106 996 997 132.506348
2107 997 8096 141.687622
9890 8096 5575 76.733742
2055 5575 970 140.883423
14659 8910 8909 153.82959
2057 970 14499 157.494553
926 382 5686 161.583496
10057 5686 7868 66.954102
13207 7868 8032 4.185059
13459 8032 9833 51.63282
15872 9833 11446 48.151367
10058 5686 7602 103.243965
17857 11446 14794 108.075684
21240 14794 16222 43.268513
15800 9833 9783 155.358917
15798 9783 11610 54.400391
13713 8213 14682 162.018097
2834 1386 2950 162.306747
5609 2950 6503 156.571228
23298 17193 17555 163.515625
9351 17555 5221 26.213182
9349 5221 5611 12.646024
7872 17555 4276 99.427185
15275 9367 15830 163.561401
22163 15830 18016 108.661423
20460 18016 13957 27.481104
8770 18016 4844 119.634773
8769 4844 4928 6.700766
8898 4928 5084 6.195923
3995 4844 2041 85.07373
3197 4844 1582 100.038048
3196 1582 15454 8.795946
16989 15454 10733 49.027348
8312 10733 4555 5.418293
10204 10733 5785 24.8563
10206 5785 7736 55.60371
13021 7736 7737 10.661621
13024 7737 7989 16.751284
13023 7737 8376 18.197142
13931 8376 8943 15.419146
14706 8943 9081 4.18457
14873 9081 9186 2.790039
13394 7989 8892 27.277781
13022 7736 7828 27.556595
13146 7828 8480 28.441118
12443 8480 7315 18.317051
12442 7315 14964 20.033373
4490 7737 2324 35.895546
4491 2324 9755 4.896581
6018 9755 3183 15.750181
4488 2324 11423 39.996094
17834 11423 12640 39.447266
12441 7315 10893 46.849304
17467 12640 11121 47.549805
10599 11121 6050 27.704594
10598 6050 13346 8.346191
12242 13346 7175 16.47998
2421 7175 1161 14.106896
8741 6050 4827 46.281399
3458 4827 1727 37.330055
3459 1727 10080 10.949869
16185 10080 18129 15.302097
14777 18129 9002 5.595878
37 9002 14 3.097967
38 14 123 4.130955
327 123 307 7.211841
23783 18129 17950 7.211841
36 14 14188 13.526987
454 14188 175 26.500441
455 175 363 5.57959
886 363 784 12.918414
1686 784 1342 25.049212
2761 1342 1526 10.707341
331 175 124 32.014763
324 124 122 10.661133
330 124 493 11.158691
1141 493 783 11.315586
1685 783 927 8.689213
322 122 11133 12.286516
144 11133 55 9.082314
146 55 362 9.535034
884 362 9405 7.195129
1327 9405 595 8.184769
1965 927 1400 12.646296
329 124 9198 12.839116
15039 9198 17498 10.536105
2861 1400 1568 14.79986
2860 1568 1399 10.70667
145 55 119 15.294223
2429 17498 1164 16.523281
2430 1164 1861 8.805561
3670 1861 16737 1.534866
2372 1399 1136 16.751488
2370 1136 9202 8.832596
1963 9202 926 5.966998
1799 926 843 4.130265
1588 843 732 3.178631
1587 732 731 16.753906
1326 731 594 4.18457
1586 731 1025 8.369141
2154 1025 8182 1.157814
2312 8182 1103 6.795384
2065 1103 974 0.809046
2155 1025 1398 9.882699
2858 1398 1525 4.453089
3099 1525 1570 1.53418
3172 1570 1687 4.04541
2938 1525 1439 4.130955
2857 1398 11894 6.960449
3394 1687 2014 11.158691
3957 2014 2045 1.018555
4002 2045 2239 5.956055
4350 2239 11797 4.188993
4351 2239 2431 7.138946
4692 2431 2572 4.18457
4944 2572 2649 2.789551
5064 2649 2882 8.369629
5475 2882 3035 4.18457
4691 2431 17892 11.364691
5754 3035 3452 12.553711
6487 3452 3451 12.18457
6488 3452 3872 12.554199
7195 3872 3954 2.789551
7328 3954 4251 8.369629
7830 4251 4702 12.553711
453 594 174 12.646236
2066 974 5538 12.793945
2062 5538 973 2.436523
2063 973 17599 1.858398
2064 973 1135 4.453256
2369 1135 1287 4.18457
2661 1287 1350 1.71582
2771 1350 1397 1.074219
2660 1287 1286 9.138184
2855 1397 1688 9.76416
3395 1688 1967 9.76416
7327 3954 3955 13.70752
2937 1439 13454 13.875309
3316 13454 1648 1.50459
3315 1648 13524 2.058244
8552 4702 5186 13.94873
9293 5186 5307 4.185059
9485 5307 5631 9.76416
9971 5631 5995 11.262138
10520 5995 6377 11.15918
11062 6377 15590 1.111816
21642 15590 15241 0.154066
6417 3452 3408 15.294179
6415 3408 3407 3.046387
6416 3407 3409 10.661133
6317 3409 3352 6.249961
6318 3352 3354 12.18457
6321 3354 3355 4.569336
6323 3355 3410 6.249961
6330 3410 3358 12.264169
6316 3352 3827 13.94873
7121 3827 4253 12.554199
7834 4253 4704 12.64581
8556 4704 5143 12.554199
6322 3355 3828 13.94873
7123 3828 4254 12.554199
7836 4254 4655 11.158691
8480 4655 5104 12.646236
6414 3407 3873 13.94873
7197 3873 4252 11.15918
7832 4252 4703 12.553711
8554 4703 5187 13.94873
9295 5187 5581 12.554199
6329 3358 3829 14.031624
7125 3829 4202 11.262623
7743 4202 4705 13.94873
8557 4705 5144 12.554199
3317 1648 1800 16.220327
3583 1800 1928 4.453089
2061 17599 972 16.418457
6324 3358 3356 16.753418
7745 4202 4203 16.753418
2067 1400 975 17.675503
5200 3035 2727 18.0916
4945 2727 2573 13.401327
4946 2573 2764 7.138469
6326 3356 3357 18.276855
6328 3357 3359 16.753906
6331 3359 3360 18.276855
5203 2764 2728 18.329979
4860 2728 2527 7.138946
4861 2527 2574 12.264169
4781 2574 2483 11.020639
7747 4203 4255 18.330017
7837 4255 4707 12.553711
8559 4707 5106 11.15918
9172 5106 5105 16.753418
6485 3451 3641 19.10956
6573 3641 3504 5.175725
6320 3504 3353 6.195923
6124 3353 3244 5.353797
5972 3244 3158 4.130265
6123 3244 3556 14.782234
5969 3158 3412 15.379898
19907 15590 13378 19.223351
9681 13378 5439 8.567919
9173 5106 5725 19.587616
10115 5725 6188 14.031624
10800 6188 6189 15.230957
10798 6189 6187 7.615234
9902 6189 5582 18.133301
10799 6188 6748 18.197628
6411 3412 3406 19.799805
6412 3406 9181 3.396484
6410 9181 3405 4.219238
6413 3406 3594 5.579102
5551 3405 2921 14.032162
5552 2921 12207 16.031811
17870 12207 11456 6.277695
13889 11456 8344 2.108225
13890 8344 8719 9.359863
12271 8344 7198 11.350982
12272 7198 14977 8.021036
21408 14977 16114 10.102768
6030 16114 3191 1.94572
6031 3191 11782 11.367007
18245 11782 17394 2.938816
21975 17394 15643 2.044484
9397 17394 5252 11.12319
16455 15643 10289 11.331972
19305 15643 12772 13.999075
12516 12772 7369 11.067634
17096 12772 10814 11.139682
7862 7198 4271 14.224286
321 10814 121 14.439751
319 121 16726 4.960511
18243 16726 11780 4.44242
9094 11780 5059 12.124677
9093 5059 8465 8.0349
6362 8465 3378 15.929555
6361 3378 17798 18.246094
23712 17798 18134 10.879883
10139 17798 5742 14.956543
10140 5742 6098 10.726562
7171 5742 3856 11.758301
3857 16114 1963 18.398626
3858 1963 2238 8.369141
3859 1963 1964 18.276855
3861 1964 1965 19.799805
3111 1965 1531 9.249563
3862 1965 1966 13.70752
3391 1966 1686 9.76416
3110 1531 2379 14.72554
3201 2379 1584 7.774423
3200 1584 14868 11.912873
3390 1686 1685 15.230469
11352 14868 6573 20.484137
11052 17498 6371 20.62207
19456 14977 12921 21.819727
3462 12921 1728 0.828044
3236 1728 1606 4.366211
3235 1606 17238 13.500628
23329 17238 17602 10.531738
18812 17238 12274 13.629372
18811 12274 17319 9.294381
17791 12274 11390 14.150212
23382 17319 17708 15.623175
23515 17708 17509 5.928223
22262 17509 15947 1.191995
2266 17708 1079 10.328286
23516 17509 17526 10.676942
3616 17526 1821 7.839789
22263 15947 16582 11.580475
3615 1821 12904 12.198636
19438 12904 12948 5.24671
448 16582 173 12.658902
449 173 17866 16.543457
317 17866 120 9.360381
316 120 9616 5.109489
1924 9616 904 1.294434
15593 9616 14662 4.620075
3321 14662 1650 12.316711
3320 1650 4757 5.384473
3277 4757 1626 2.417471
3278 1626 16099 15.938371
15588 16099 9611 1.634388
9818 17238 5531 17.652695
9817 5531 15597 9.965575
3524 5531 1763 13.436952
7275 15597 3922 14.539095
450 173 802 18.789062
1713 802 810 0.111816
2078 12948 981 20.243244
1710 981 800 5.720067
1683 800 782 1.621991
1711 800 5724 4.863379
1325 782 593 10.706924
883 593 361 8.337838
447 782 172 21.847153
446 172 9033 1.512712
14818 9033 13708 16.235865
293 13708 111 3.244141
294 111 117 0.111816
7276 3922 5917 22.998081
3461 1728 5546 23.58667
6313 5546 3351 5.155954
6314 3351 3595 6.974121
6744 3595 7570 0.796005
12781 7570 11967 3.935472
7826 11967 4248 18.142054
7827 4248 15372 21.463619
18445 11967 14751 22.26709
966 14751 406 18.133358
9345 14751 5216 20.287109
9344 5216 6606 18.346832
9498 6606 5319 11.224618
7172 3856 14353 23.853634
20823 14353 14695 9.791992
15668 14695 9677 12.289006
3206 9677 1586 2.894348
3207 1586 14492 2.772291
4678 12904 2424 24.766779
3396 2483 1689 26.502441
6333 3360 4256 26.546679
7839 4256 4708 12.553711
3924 4708 1998 11.57845
3923 1998 5434 10.741599
3573 1998 1794 15.13916
9673 5434 5435 15.230957
9675 5435 5489 6.249853
9674 5435 5801 11.567531
10227 5801 5800 7.615234
7840 4256 10972 15.855966
17289 10972 11431 9.930176
7842 11431 4257 9.245969
2117 1794 1003 19.633039
2118 1003 5386 9.179034
9601 5386 12041 6.917048
15978 12041 9917 9.762593
10589 9917 6042 4.280967
10590 6042 6462 12.646296
11187 6462 6795 11.158691
11681 6795 7082 8.369629
12109 7082 7341 8.369141
12478 7341 7386 10.7525
12542 7386 7545 4.18457
11186 6462 6461 12.18457
9602 5386 5436 15.294223
8514 7082 4678 18.779297
994 7341 419 19.718468
9676 5436 6141 20.92334
10735 6141 13069 12.667494
11400 13069 6603 2.010583
10736 6141 13817 18.370975
2011 13817 947 16.969824
2012 947 15023 11.627254
21460 15023 15460 0.792481
12111 15023 7083 1.8476
12112 7083 7342 8.369141
12480 7342 11565 4.784764
13119 11565 7806 9.206104
13118 7806 12486 7.005874
18574 12486 12077 6.823256
18575 12077 12409 11.396484
2013 947 16664 15.444077
17268 16664 10949 14.082703
16890 10949 10654 8.090332
17269 10949 17809 14.408203
11131 17809 6424 8.02333
20230 17809 13715 15.115066
19117 13715 12578 10.885037
11970 12578 6990 14.073489
11969 6990 14133 6.282959
11968 6990 15435 15.809962
17896 15435 11480 6.218799
2998 15435 1466 12.778806
2997 1466 15493 15.540327
11564 15493 6714 13.390609
11563 6714 13157 13.526313
20229 13715 14667 16.006477
989 14667 417 13.022721
990 417 11445 10.123365
7631 11445 4134 14.414697
7104 4134 3816 9.261719
7630 4134 12822 13.486433
19170 12822 12636 6.597656
10039 12822 5673 14.414697
434 5673 168 12.550299
433 168 507 10.322266
19116 12578 14565 16.156305
19600 14565 13059 11.85146
12887 13059 7638 0.441406
19599 13059 15583 9.169614
21930 15583 17638 11.207645
14386 15583 8709 12.078414
14385 8709 12201 11.215683
5405 17638 2841 13.433318
14387 8709 18040 15.550318
4724 18040 2447 11.400068
23819 18040 18038 13.707549
432 18038 167 10.852539
9363 15583 5227 16.098688
9362 5227 16971 9.079102
2053 16971 969 9.312794
2052 969 2348 9.86068
9360 5227 12499 10.646032
12175 12499 7129 10.387733
7497 7129 4056 8.621463
19036 12499 12881 13.488281
9361 5227 15364 14.452491
13120 7806 8398 16.696777
6837 8398 3652 8.039884
10038 5673 14979 18.232542
435 168 15362 20.664324
10561 15362 6021 14.103516
5484 6021 2887 9.109705
5486 2887 10207 10.140911
15893 10207 9850 10.53125
9317 10207 5200 19.517836
5485 2887 5503 19.588617
7438 15362 4022 20.718889
7439 4022 13573 4.347711
7440 4022 15986 9.008547
19811 13573 13284 9.039062
8101 15986 4418 11.083694
7500 4418 4058 9.90332
2525 4058 1217 10.044537
2524 1217 11841 7.68297
8102 4418 16872 10.92041
1738 1217 815 11.284668
7499 4058 12956 11.864746
1736 815 12184 19.37586
1134 12184 489 17.469816
1133 489 8866 9.181055
459 8866 177 9.373203
4332 8866 2227 11.148886
4333 2227 11103 8.110057
4334 2227 17673 9.041093
5894 17673 3115 8.361341
5893 3115 16199 14.264782
20873 16199 14404 15.270654
1462 14404 667 5.49965
15383 14404 9456 11.04248
15384 9456 9952 15.134277
16028 9952 10039 3.180664
1463 667 14321 18.285805
12497 12184 7354 18.474693
13596 17673 8129 18.764166
1256 8129 554 17.156687
13597 8129 15185 17.576969
84 15185 30 5.049525
83 30 14815 6.346846
17856 11445 17647 20.879419
23391 17647 17330 9.150391
5903 17330 3118 10.7837
5901 3118 17978 13.293004
12204 17978 7149 6.025898
12206 7149 14684 11.089366
12205 7149 18171 13.722656
16032 17978 9957 14.986816
5902 3118 10352 15.12403
14336 10352 8678 11.849121
14932 9850 9119 21.216309
14875 9119 9083 1.241699
5406 2841 15819 22.404314
2054 969 5173 22.586273
9271 5173 17143 19.071085
16879 17143 10648 9.849837
9672 5434 13265 22.612123
14931 9119 12966 24.341364
11437 12966 6633 11.208929
11438 6633 16484 5.389787
4765 12966 2471 20.393072
3319 16484 1649 22.304533
8558 4708 4706 24.368652
12176 7129 13842 24.622345
4618 13842 2391 5.803453
4619 2391 12700 14.871385
1479 12700 675 22.80884
1735 815 3291 24.998041
9170 5105 5954 26.546679
4353 2572 2240 26.802654
4188 14695 2146 26.958496
12107 13265 7081 27.627539
12108 7081 7385 9.76416
12541 7385 8397 29.29248
13962 8397 9201 22.318359
9839 5546 7355 31.558107
9484 5307 5308 31.984375
9486 5308 12557 27.447071
15444 12557 9504 14.077055
11092 9616 6397 33.370144
6977 6397 3739 8.653315
6976 3739 5858 8.032096
1708 3739 799 8.384183
14997 10352 9168 34.230469
5010 9168 2619 15.047852
6674 3556 4250 34.487251
7829 4250 4654 17.675194
11064 15590 6379 35.441803
3318 1649 11988 36.529491
18467 11988 12584 4.186907
1019 12584 431 19.677406
12666 15372 7476 36.79599
11391 7476 6598 5.117676
10734 6598 6140 5.95428
10194 7476 5778 17.896017
10195 5778 15462 18.505392
11392 6598 10330 25.533127
882 593 360 38.710171
881 360 455 3.178631
309 360 116 6.974121
308 116 118 9.138672
307 116 10588 18.129662
11845 17950 6899 39.068054
6205 3291 3292 39.599609
6207 3292 3293 28.938477
6208 3293 9910 2.863281
451 174 1163 41.306557
2427 1163 12963 9.265769
19497 12963 16736 1.060505
2426 1163 16852 10.874512
22865 16852 16650 6.192871
23043 16852 17392 16.73877
23437 17392 17747 10.322266
23683 17747 17918 5.998047
8006 17747 4357 9.427734
8005 4357 4579 5.788574
13528 17392 8080 23.973145
22937 16736 16735 35.030762
9419 12557 5268 50.247952
3521 3359 1761 51.633305
9226 5144 6963 56.700062
11925 6963 7010 1.54834
12007 7010 9316 18.687988
12008 7010 8446 42.265137
14634 8892 17169 59.224716
6017 3183 9503 61.061737
15971 9910 14417 67.212891
20886 14417 14418 70.060547
20887 14418 14472 6.249961
13393 9186 7988 73.552078
2718 9503 1321 80.479507
2717 1321 17808 51.610352
2422 1161 4632 84.331711
8573 13378 4718 89.297249
20000 16736 13480 100.443672
18473 13480 11994 50.224754
20968 17808 14511 100.443687
313 118 15109 100.477837
19955 15109 13430 51.633305
18439 13430 11961 50.225246
9153 11961 5095 37.958576
2458 5095 1179 83.746872
2459 1179 2589 27.623711
2460 1179 2836 39.983742
14085 11994 8496 103.266624
14086 8496 17843 50.239372
23719 17843 17807 1.394531
23733 17843 17884 60.938332
9154 5095 6752 115.601456
11619 6752 16784 75.909668
20194 17807 13685 127.016785
20195 13685 13728 71.597565
17700 13685 11317 78.128616
16684 11317 10477 25.154055
15543 10477 9583 26.677383
16683 10477 10476 74.630371
17699 11317 11316 86.814453
10710 9583 6123 101.838051
6626 6123 3534 76.778725
2442 3534 1170 75.339615
2443 1170 17682 51.59668
22557 17682 16270 43.348389
22530 16270 16238 1.39502
22529 16238 17396 84.348267
23438 17396 17492 4.130265
404 17396 156 70.942619
6625 3534 3533 102.04541
4865 6752 2529 128.410919
1972 2529 931 50.238911
1973 931 12101 76.181229
1974 931 9582 78.173744
15541 9582 9581 70.061035
10706 9582 6121 101.838051
4976 6121 2593 106.109657
4750 2593 2461 4.18457
2218 2461 1055 44.662205
2219 1055 17681 48.830883
10705 6121 13257 120.345482
19789 13257 13256 56.353027
19787 13256 13255 42.645996
19786 13255 13258 6.092285
19760 13258 13228 53.325382
19759 13228 13301 2.789551
19788 13256 15113 57.271023
13330 13301 7949 126.085793
13329 7949 12605 51.947014
4625 12605 2394 48.067154
7575 12605 4097 98.862869
7574 4097 16331 10.987536
7573 4097 17052 12.158008
4626 2394 6676 129.804565
11509 6676 9265 75.339127
15125 9265 10144 26.677439
15124 9265 9264 30.460938
16265 10144 11744 47.450714
18196 11744 11833 2.789551
18301 11833 15006 66.976768
16266 10144 10202 91.39444
20929 14472 14475 130.983887
23720 17808 17842 134.037033
18472 11994 13997 137.489517
2217 1055 1054 138.598633
21471 15109 15035 138.627197
11508 6676 14674 139.184494
15038 14674 9197 34.684017
15036 9197 15785 16.57642
15037 9197 13726 104.900414
20240 13726 15361 50.308109
4790 13726 2488 67.117668
3108 2488 1530 87.834785
1689 1530 785 75.513672
1687 785 7262 34.303188
1023 15361 433 101.838051
1022 433 2120 51.633305
4139 2120 2121 4.568848
4140 2121 3668 48.901592
4138 2120 6878 50.789513
1688 785 8755 108.79248
14453 8755 8756 94.430176
14455 8756 10084 85.140472
10593 10084 6044 49.473709
4867 10084 2530 101.81749
4866 2530 15317 47.61647
20144 13726 13636 114.263557
692 2530 277 115.869888
693 277 17926 6.167314
4069 17926 2082 48.254391
3913 2082 1993 68.594345
1095 1993 469 46.056435
21721 15361 15332 127.945107
822 17926 333 140.035873
823 333 7432 138.64183
12400 7432 7288 4.18457
5478 7432 2883 6.405412
9764 7288 5491 55.816177
194 5491 74 42.145226
192 74 4870 15.778265
8805 4870 13502 35.546711
193 74 3660 48.822071
18498 13502 12013 50.308109
16448 12013 10281 53.027229
4615 13502 2389 74.645508
5477 2883 10921 94.058769
16381 10281 10228 109.669029
1589 12013 733 111.207962
17237 10921 10922 138.599121
17238 10922 12733 134.69249
19958 13480 13431 140.129013
19957 13431 14222 25.154055
13564 14472 8108 142.27832
11812 6878 8345 144.950165
9709 8345 5456 33.317833
8478 4654 14710 145.343643
21169 14710 14808 4.130955
15685 14511 9690 153.444565
10843 9690 6219 101.929131
10844 6219 9489 77.774239
15421 9489 10770 126.070534
17035 10770 15188 153.221436
12438 15188 7312 96.609184
12437 7312 10813 95.90802
12495 10813 7353 100.477821
10123 7353 5730 50.238922
10124 5730 13417 103.322952
19942 13417 14112 76.43763
15412 13417 9481 124.154366
15312 9481 9400 4.130265
15311 9400 11389 36.832592
2313 11389 1105 149.101349
1959 1105 923 5.007812
21135 14674 15703 157.538803
15163 15703 9290 74.514748
15164 9290 16887 22.518093
10045 5730 5678 162.974228
17790 11389 15160 163.185013
18444 16743 11966 164.353546
17296 11966 10977 91.973419
13001 11966 7719 135.106018
10247 7719 5815 91.327682
9376 5815 5237 29.16799
3033 1485 11036 164.812668
14288 11036 8645 110.880798
14289 8645 16461 96.582031
22497 16461 16207 8.020508
22496 16207 16208 6.092285
21225 16207 14776 88.901337
10837 11675 6215 165.54184
7260 3913 13655 166.166122
14959 9141 11553 166.327209
14205 11553 8580 1.294997
2994 16946 1464 166.493896
2992 1464 6072 70.748817
2993 1464 9851 104.952065
15894 9851 13202 5.476394
19703 13202 13171 13.778565
19542 13171 13006 10.707132
19704 13171 13201 21.36834
19732 13201 14908 7.260608
17338 14908 11013 1.274877
18455 13006 11975 61.173954
9395 15731 5249 169.511688
19061 18056 12520 170.027222
2166 1477 1029 170.105515
2164 1029 17560 63.806732
2981 17560 1458 23.242292
3613 1819 1820 170.583008
6461 3437 13737 170.737839
18586 13737 12090 17.903292
6377 13737 3387 88.186821
12992 9209 7710 171.610931
20306 13796 13795 172.106201
12024 7022 14192 172.121582
9387 16208 5243 173.666931
9386 5243 6308 32.104527
9385 5243 6209 101.778824
4744 6209 2458 112.981949
10832 6209 10277 120.046936
10831 6209 12102 130.449142
10277 12102 5839 54.069969
14372 12102 8701 156.440903
5654 15612 2977 174.367249
3561 1820 1784 176.68129
3562 1784 6343 61.329475
3560 1784 4755 90.680267
8638 4755 5027 8.369141
8639 4755 5062 102.013718
9048 5062 5028 27.025229
9097 5062 6760 55.430557
14654 14923 8906 177.848907
14655 8906 17192 7.875681
20716 17192 14225 153.553833
4908 2553 7957 178.906555
13339 7957 13596 146.503036
20109 13596 15570 33.979683
14943 15570 9127 34.66658
16958 15570 10703 59.515102
16005 10703 9937 22.318115
15891 9937 9849 2.789795
1812 9849 850 51.633522
1813 850 851 42.645508
1814 850 17419 50.239151
3610 17419 1817 3.975974
6336 10703 3363 67.088303
16957 10703 10704 74.629883
4137 10704 2119 39.963028
4135 2119 13939 6.572586
4136 2119 10679 19.879616
2942 10679 1441 8.079673
2943 1441 13427 9.210688
2944 1441 4931 9.432473
8901 4931 17998 23.441067
8902 4931 12374 32.780655
16927 10679 11929 42.996094
18902 17998 12356 44.262383
16959 12356 10705 51.619411
16817 10705 10601 2.789795
12306 10601 7225 11.061419
12307 7225 12763 14.733748
12305 7225 10482 26.029297
12308 12763 7226 39.969997
18901 12356 14424 68.366333
20895 14424 14615 74.83815
16173 10601 10071 76.9534
16171 10071 15631 14.523345
16172 10071 10557 19.009861
16770 10557 11524 16.395767
15774 11524 9765 7.366222
16727 10557 10517 21.368826
16063 10517 9985 15.419193
16064 9985 9986 12.18457
16062 9985 9987 18.276855
15635 9987 9649 11.262381
16065 9987 10479 14.031866
16687 10479 10558 3.178416
16771 10558 11070 16.009668
16686 10479 10480 18.276855
16630 10480 10431 12.264141
16629 10431 10518 2.789551
16728 10518 10748 7.61089
16560 10431 10376 10.7525
16559 10376 10432 2.065298
16631 10432 10602 6.356618
16006 10480 9938 15.34375
15409 9938 9478 14.031624
15298 9478 9388 16.984591
16628 10602 10430 22.041092
7503 10430 4059 8.42287
16115 10430 10026 12.058446
16067 10026 9988 2.065298
15775 9988 9766 7.610666
11849 9766 6903 16.265852
11848 6903 9518 1.881743
11847 6903 16076 12.521692
18756 16076 12232 0.838442
18394 16076 11923 9.850976
9092 11923 5058 16.038086
9909 11923 5588 17.86924
9910 5588 8537 19.606327
14146 8537 8536 7.615234
14144 8536 8535 18.276855
13934 8535 8379 4.18457
14395 9985 8714 37.692646
7502 4059 9650 72.792374
15544 9650 9585 1.39502
14710 9650 8946 72.731728
14587 8946 8850 3.17865
8472 8946 4651 21.475712
3375 1817 1677 81.782501
1435 16076 653 87.29248
1434 653 6167 1.157561
10773 6167 17106 2.022517
15636 9650 12797 99.069786
10976 12763 6317 101.324554
4464 9849 2310 114.381287
20329 17106 13816 128.891144
20328 13816 17773 71.35038
23672 17773 17734 70.074921
23536 17734 17536 5.57959
23638 17734 17683 68.552284
23600 17683 17637 70.074432
21818 17637 15453 67.023834
10529 15453 6000 27.964582
6428 6000 3418 38.049812
10528 6000 8083 61.568665
19735 13816 13204 82.16642
5324 17536 2799 82.728439
5323 2799 13554 40.059361
20075 13554 16884 22.72298
4322 17683 2218 85.101761
4321 2218 2219 51.78418
4320 2218 4375 66.971664
5322 2799 7446 88.00824
2380 17773 1140 132.060425
2378 1140 5809 37.261353
2379 1140 17886 79.686974
2819 17886 1377 50.239151
23732 17886 17840 90.595093
8029 17840 4371 42.159607
17333 17840 11009 48.046749
2820 1377 18213 94.204582
19118 18213 12579 45.9599
12958 11009 7686 96.245209
21079 17886 14620 100.443192
21026 14620 14563 12.264141
20897 14563 14429 128.00592
19558 14429 13017 46.042282
8100 14620 4417 129.717621
19328 12797 13246 132.895309
23537 17637 17537 137.104553
22248 17537 15933 50.21582
20969 15933 14513 41.874401
13787 14513 8265 55.375015
11962 17537 6987 139.460419
11961 6987 9108 61.450314
11683 6987 6798 100.677193
6752 6987 3601 108.712929
14915 9108 12848 115.815697
19382 12848 14230 44.63623
20722 14230 14892 19.52832
21330 14892 17954 94.887291
2950 17954 1444 50.238911
23745 17954 17864 91.426369
2948 1444 4711 101.872208
15116 16884 9255 145.195343
19254 12797 12721 161.468933
7501 4059 5278 164.339203
5810 14776 3065 178.994827
168 17324 64 179.320862
167 64 690 118.669563
1513 690 1572 30.184443
3177 1572 2531 47.501514
4868 2531 8258 24.898949
13778 8258 11037 13.245516
3176 1572 10119 81.558907
16232 10119 10342 8.261221
16517 10342 10559 18.147463
16773 10559 10560 10.661377
16774 10560 10707 38.305908
16772 10559 10950 52.972801
17270 10950 11072 7.390979
16233 10342 10120 74.838409
6434 10707 3422 117.365883
17212 11072 10900 129.580612
1514 690 15713 147.762665
19852 13375 13320 179.726608
19853 13320 18204 150.655411
23864 18204 18262 24.408535
13935 13320 8380 152.058945
13812 8380 8283 70.116554
13678 8283 8186 3.178309
13811 8283 15425 53.322266
21741 15425 15355 3.166337
21290 15355 14843 15.34375
21289 14843 14842 18.276367
21288 14842 15211 11.159058
21618 15211 15354 4.170654
21740 15354 15424 2.789795
21464 15424 15026 9.334063
21792 15424 15865 12.553955
22194 15865 15981 4.453371
20870 14842 14402 12.645994
22193 15865 15864 15.230469
21463 15026 18104 15.88706
20869 14402 14455 19.848871
20868 14455 14401 10.752468
20914 14455 14896 12.646115
21286 14896 14841 7.742414
21616 15211 15209 25.892094
20210 15026 13701 98.445831
11161 13701 6446 2.720013
11162 6446 12151 28.267275
20211 13701 15384 32.368507
3307 15384 1641 13.601074
3306 1641 15315 2.6385
21076 15315 14618 38.024117
3305 1641 17430 55.333008
21976 17430 15644 6.439138
1682 15644 781 67.34127
21764 17430 15383 69.665039
20826 15383 14356 30.6875
18535 14356 12043 77.247131
14776 15383 9001 102.669441
14493 9001 8780 6.695435
5075 8780 2655 30.890577
5074 2655 13029 9.291016
19567 13029 15382 18.62545
21762 15382 15381 44.168945
21109 15381 14645 22.318115
21761 15381 15380 24.368652
21763 15382 17418 62.769897
23448 17418 17853 13.516357
18303 17418 11836 33.770546
2582 11836 1246 7.192781
17850 11836 11440 11.814697
18093 17853 11654 34.866882
1180 13029 516 84.097969
1181 516 9254 2.257209
15115 9254 12088 1.43036
15114 9254 12160 1.74829
18100 12088 11661 14.031797
18025 11661 11600 28.971588
18023 11600 11660 4.777507
21739 15380 15353 112.71566
21738 15353 15522 38.498253
21827 15522 15466 24.409031
21096 15466 14633 27.27759
21787 15466 15418 35.058033
21786 15418 16869 44.636353
21694 15418 15303 53.47113
11499 14633 6670 64.639076
11498 6670 11917 33.651127
3205 11917 1585 1.376031
3203 1585 14179 1.873587
3202 1585 3159 36.934528
3204 1585 18039 60.958771
14170 18039 8553 11.149353
4075 8553 2086 7.480686
4074 2086 8401 8.605469
13971 8401 8728 14.429753
2093 8728 991 8.361816
2095 991 15948 7.660645
14410 8728 17507 9.53418
12207 15948 7150 11.864746
2508 17507 1210 12.780578
2510 1210 5896 2.318271
6745 5896 3596 1.832245
2509 1210 2083 8.590399
866 2083 353 4.161949
11955 7150 6984 83.332237
10521 6984 5996 33.610001
10303 5996 5860 5.175725
10116 5860 5726 5.175823
6747 5726 3598 31.02146
6748 3598 5188 6.434593
9296 5188 5340 5.57959
8933 5188 4950 6.974365
8738 4950 4825 8.689272
8737 4825 4990 9.440531
8171 4825 4459 14.457143
7679 4459 4164 13.553832
7131 4164 3833 14.457143
7132 3833 3834 12.18457
6746 3834 3597 6.974365
7133 3834 4116 8.906293
6680 3833 3559 13.55414
7680 4164 4511 15.614255
8250 4511 4826 11.315314
8739 4826 5107 12.391568
6679 3559 3832 17.378485
7129 3832 4115 13.55414
7599 4115 4458 14.456865
7128 4115 3831 14.781624
6677 3831 3558 12.391568
7127 3831 4114 14.782027
7598 4114 4258 6.196005
7126 4114 3830 14.782027
6820 3830 3642 10.707341
6125 3642 3245 12.058333
6675 3830 3557 12.391568
5556 3245 2923 14.457143
5204 2923 2729 14.039428
6049 3557 3203 14.457226
8169 4458 4824 15.614179
9534 5340 5955 18.197264
6149 5955 3259 11.689622
6148 3259 14750 7.370418
21202 14750 14876 3.166382
21318 14876 15562 20.783813
3464 15562 1729 18.449514
3463 1729 13661 6.907794
3465 1729 10305 14.252623
11403 10305 6605 5.039243
7049 10305 3783 7.858729
6147 3259 8169 21.84082
7610 8169 4121 7.506342
13656 8169 16899 11.864746
7608 4121 15575 12.793943
13827 15562 8292 28.177689
11445 8292 6638 1.800555
11444 6638 17032 19.913517
9230 17032 5146 17.293911
9231 5146 7636 1.310727
9229 5146 12039 14.763195
13147 12039 7829 1.901018
18534 12039 13385 23.899942
5067 3245 2651 37.474731
5066 2651 2765 7.390979
5068 2651 10102 8.602351
16209 10102 17090 16.240309
7409 17090 4003 8.38447
20539 17090 14041 10.089834
2212 14041 1052 7.261693
2213 1052 5731 5.202569
1396 1052 632 8.319918
10125 5731 10070 9.714046
3866 10070 1969 4.428001
338 17090 127 18.114517
10126 5731 8630 23.588425
14268 8630 14264 10.977943
19780 14264 13247 8.364697
8418 13247 4616 7.481699
4909 14264 2554 17.893633
8736 4824 14226 69.527336
2354 14226 1126 14.616346
2352 1126 2590 2.604264
4971 2590 8310 11.815222
13849 8310 8394 11.460932
2353 1126 5178 12.060143
9301 14226 5191 19.783792
5182 5191 2714 8.657404
8799 5191 4864 16.846216
4972 2590 7433 38.760426
12483 7433 7344 6.700664
12347 7344 7253 5.353671
12241 7344 7174 10.706861
12113 7174 7084 5.353253
12035 7174 7030 6.196005
12114 7084 17379 10.829744
1901 17379 893 17.903843
1903 893 16511 4.793649
12240 7174 7546 18.881384
12481 7546 7343 10.706924
12750 7546 7764 22.434385
12819 7764 7593 5.579468
13060 7764 8064 8.369385
13502 8064 8204 4.18457
13499 8064 8063 12.18457
13501 8063 13716 2.674522
5375 13716 2825 0.882079
17144 13716 10847 8.460244
17142 10847 16186 0.977715
17143 10847 12643 15.850879
18437 12643 11960 12.042451
2466 11960 1182 4.394223
12820 7593 10491 17.526381
3035 10491 1486 4.17334
16407 10491 10249 6.918579
16208 10249 10101 3.626709
13434 8064 8014 21.36833
13435 8014 8160 6.196005
10342 12643 5884 28.908985
7987 5884 4344 1.053586
10343 5884 9753 4.951997
15727 9753 9726 0.8927
4271 5884 2192 6.235183
12785 10847 7573 31.049994
13644 8160 9057 39.47538
14751 9753 8981 41.022869
9033 8981 5015 1.495016
18342 17032 11872 86.064674
18341 11872 14574 89.272705
21036 14574 15106 15.34375
21533 15106 15105 35.030762
3549 15105 1776 2.759203
21186 15105 14726 11.567531
20788 14726 14307 26.068184
3548 1776 14161 46.620964
3547 1776 12142 64.966568
626 15106 244 104.616333
627 244 3501 100.443306
6568 3501 3637 68.66571
6567 3501 6552 90.680267
11320 6552 6712 5.57959
11560 6712 7218 15.34375
12298 7218 9517 54.476933
12297 7218 9906 78.114464
15967 9906 16600 7.267914
628 244 5338 108.576439
9530 5338 7276 40.147556
9531 5338 10449 59.117092
876 10449 357 16.618595
13144 10449 7827 19.326872
875 357 412 82.256943
978 412 17164 44.662342
979 412 3448 94.852051
6480 3448 5205 50.67627
9326 5205 5381 6.51416
9325 5205 13364 25.462084
9594 5381 7027 50.238911
10441 7027 5944 85.045326
10442 5944 10000 1.437086
10440 5944 16915 69.4319
16210 10102 15868 108.843407
2157 15868 1026 58.116486
2158 1026 17071 19.527225
1490 17071 680 12.460894
1488 680 786 3.178416
2156 1026 1569 58.405014
1690 786 9398 65.457932
7170 9398 3855 49.561127
17826 17071 11416 107.362099
1909 15380 896 114.380615
980 412 6707 114.453369
7992 6707 4347 24.073008
7991 4347 8287 22.823799
11554 6707 7805 39.445766
6938 4347 3713 51.767925
2188 8287 1040 54.834503
14846 9057 11698 114.528252
10495 11698 5979 99.36348
10497 5979 11830 49.974457
16081 10000 13694 117.180061
2189 1040 2772 119.13047
3334 2772 1656 37.857178
5283 2772 7233 83.691872
6012 7233 3180 121.393196
569 3180 222 92.074974
570 222 13005 32.340298
5568 13005 2928 34.565079
19541 13005 13662 54.986412
20480 16600 13977 122.465157
20437 13977 13934 85.30291
14458 13977 8758 87.25779
14457 8758 13128 44.367474
14459 8758 11130 59.096161
17477 11130 12087 43.890446
20436 13934 16863 89.272705
17478 11130 14028 97.340469
20526 14028 14027 19.799805
20527 14028 17067 93.469688
1380 17067 623 54.421703
1379 623 3992 104.616455
20479 13977 17499 107.40625
1227 17499 536 39.056885
1228 536 1463 26.084229
2991 1463 2099 21.509033
4096 2099 14883 1.159804
4097 2099 2134 1.227539
4167 2134 15358 13.343531
2139 2099 1016 26.09552
7040 15358 3777 38.335114
2140 1016 2135 42.49509
4168 2135 17342 19.283903
1881 17342 883 19.805605
1563 883 718 4.184814
7038 3777 5526 51.610596
2990 1463 11300 52.015121
9806 5526 8286 83.693054
7039 3777 12361 84.848816
13818 8286 12188 115.81546
18702 12188 15596 108.811684
16510 15596 10334 69.659988
16508 10334 11651 75.452904
16509 10334 17887 93.616516
7853 17887 4266 40.948574
18354 17887 11887 76.682861
12315 7233 11567 127.073975
12074 11567 7057 76.1875
17979 11567 13861 76.56543
15472 13861 9524 118.911186
2539 9524 1227 20.044409
2540 1227 13822 1.172934
20335 13822 14802 29.292725
4736 9524 2454 33.654366
15890 14802 9848 123.453278
3280 9848 1627 29.991539
3279 1627 2206 19.587616
15889 9848 12428 76.778801
4295 2206 11208 97.896568
4116 11208 2109 27.02619
17570 11208 14813 49.355762
5301 14402 2785 133.909058
2614 2785 1264 50.21582
2613 1264 8454 62.460938
2615 1264 1325 71.597572
2447 1325 1173 4.184692
2616 1264 16556 89.324547
22673 16556 16418 4.453371
19403 16418 12869 110.290619
15693 12869 9695 100.521629
15694 9695 9735 62.460892
13621 9735 8144 44.662342
15739 9735 9769 60.938816
12385 9769 7277 71.204216
13093 9769 7786 106.942421
13094 7786 9898 48.466469
15955 9898 17841 59.588757
19685 17841 13142 42.269436
13092 7786 17385 78.807617
19684 13142 16363 100.477943
22631 16363 16364 71.583984
21319 16364 14877 46.056435
22597 16363 16313 91.394432
121 16313 45 61.39389
18968 17841 12431 108.531654
481 222 188 137.083267
482 188 5868 43.53994
10320 5868 11751 48.729828
4349 5868 2237 52.1236
17168 11751 10863 89.414246
339 10863 128 24.477087
1253 10863 551 74.188988
9863 11751 5559 107.029587
9862 5559 6796 118.371391
10767 6796 6163 58.983513
3844 6163 1953 30.267027
3843 1953 3820 21.322124
3842 1953 6966 58.302761
1169 6966 509 19.567858
11929 6966 18037 54.052197
2209 3820 1050 104.668205
1844 1050 866 5.78383
81 866 29 68.361671
80 29 17893 38.957039
1843 866 17972 72.199242
23797 17972 18068 4.13079
23830 18068 18150 4.13043
695 18150 278 15.433558
23563 17972 17575 15.527658
23328 17575 17235 20.72154
23327 17235 17626 16.522358
23595 17626 17728 5.353253
23666 17728 17836 5.176111
23729 17836 18151 14.456783
23256 17626 17137 18.520863
23255 17137 17298 7.391048
23254 17137 17138 19.800293
23257 17138 17299 4.184692
23370 17299 17438 5.175823
23122 17138 16977 6.356959
23371 17438 17300 15.794899
23258 17300 17139 5.176111
23179 17139 17046 4.130708
23150 17046 17011 6.249934
22851 17011 16632 13.954129
22672 16632 16412 16.751881
22671 16412 16850 16.675636
22580 16850 16295 64.741432
22171 16295 15836 56.843567
22170 15836 16551 22.370173
19933 16412 13408 93.845421
19934 13408 13601 124.158287
16877 13601 10647 20.0256
15675 10647 9685 30.684984
11179 13601 6457 48.585289
11866 9685 6918 103.983475
11429 6918 6627 9.882216
11428 6627 6703 12.499855
4145 6627 2124 136.77507
4146 2124 6679 35.415741
11515 6679 8248 67.911308
13761 8248 15051 60.11623
21481 15051 17711 68.675591
17563 17711 11203 74.023949
13053 17711 7758 80.604012
79 7758 28 48.0028
11514 6679 18011 83.930611
13760 8248 16322 117.488647
78 28 14821 127.20517
18256 14821 11792 57.027534
18255 11792 17269 118.568352
5300 2785 10153 137.097916
4734 13694 2452 138.677414
4733 2452 2671 6.974365
5107 2671 3219 18.197386
6077 3219 7313 15.529157
4647 2452 2404 56.370781
4646 2404 12427 19.976889
9631 7313 5407 94.581451
9632 5407 7445 17.177633
5296 5407 2782 74.853325
12628 7445 11342 112.985596
17733 11342 12582 40.437744
19121 12582 15752 100.477837
22078 15752 16396 19.528564
14637 16396 8894 25.962006
8491 8894 4663 6.057453
8492 4663 17759 9.85469
14636 8894 14804 62.604774
8490 4663 8873 72.095856
12503 7445 7359 126.445328
3129 12582 1540 130.987274
11846 11661 6902 139.496841
9772 6902 5499 43.241333
20213 14027 13703 140.137207
20214 13703 13743 15.294201
20257 13743 15423 54.26207
21791 15423 16071 20.960608
22375 16071 16112 25.929644
21887 16112 15533 18.700262
22412 16112 16820 22.52507
22376 16071 17226 49.305679
23315 17226 18085 16.987045
18260 17226 11795 53.77866
16360 13743 10212 56.223362
14638 10212 8896 67.578545
6907 18085 3694 125.003563
6906 3694 5441 54.261684
9686 5441 17318 103.246544
14551 17318 8822 1.689713
14550 8822 11732 1.85231
10654 8822 6085 69.348831
15692 9695 16617 140.164978
3476 16617 1734 101.994736
3474 1734 4872 96.355469
8905 13408 4932 141.068924
8904 4932 13365 73.687653
8903 4932 12690 82.914505
7617 17759 4123 142.27832
4578 3820 2370 144.512726
77 28 1553 145.122421
10655 6085 15613 145.506226
21949 15613 17115 47.450474
10618 17115 6062 26.67016
23234 17115 18219 34.702229
8129 6062 4435 87.086716
8128 4435 15112 1.769932
3638 15112 1837 26.55369
21950 15613 16015 119.543198
10262 16015 5825 96.526878
10217 5825 5792 51.789867
8811 5792 4874 52.764568
8812 4874 15784 58.674835
4089 2135 2094 147.743881
9861 5559 7959 149.716263
4115 2109 9406 155.373932
15248 9406 9349 9.244051
15318 9406 9902 15.34375
15247 9349 9350 86.814941
15319 9406 9477 101.871254
8544 9477 4697 16.543903
4927 4697 2564 85.243851
4928 2564 11630 99.336967
18059 11630 16618 9.1387
5441 16618 2862 20.017778
10344 16618 5885 20.215122
4926 2564 11807 114.997559
18273 11807 16865 6.38521
9523 11630 5333 129.747147
9522 5333 12348 53.920158
6265 16551 3322 156.256744
6263 3322 3527 5.57959
6614 3527 5122 46.056313
9190 5122 6896 37.653378
11841 6896 11851 22.541536
11842 6896 18008 50.96529
6264 3322 3383 65.506554
6369 3383 7526 4.337099
12726 7526 11702 0.844802
6370 3383 13165 13.307269
6382 5122 3389 72.106552
20288 18008 13775 136.492371
16422 13775 10260 79.461975
6380 3389 14694 148.523224
20234 14694 13719 43.007214
20233 13719 13866 59.660881
17340 13719 11014 142.546661
17339 11014 16758 1.15731
12469 11014 7335 1.25621
12471 7335 16800 1.203125
12470 7335 10428 64.493835
16625 10428 12745 120.143257
20515 15836 14014 158.864838
20421 14014 13917 12.499842
20192 13917 13684 8.50682
20422 13917 16288 114.919624
12125 16288 7092 21.897251
2663 16288 1288 80.521896
2664 1288 3945 70.195389
7313 3945 6239 49.859119
2866 6239 1402 26.186457
2865 1402 1893 16.807831
2867 1402 18025 42.181923
8113 18025 4425 25.85918
10873 6239 15227 45.319866
4955 3945 2579 55.190937
4954 2579 12867 47.062328
3540 12867 1772 25.117273
3729 1893 4774 87.996399
2666 18025 1289 96.444786
2667 1289 13283 43.85828
4836 13283 2512 20.645731
15887 13684 9846 121.350555
11108 9846 6409 38.783463
11107 6409 6702 53.3923
11310 6702 6544 77.451088
11309 6544 16309 44.969749
6090 6702 3226 122.245003
6946 6409 3718 136.693542
548 3718 215 59.661324
546 215 16521 47.464504
2662 1288 15037 145.632858
12121 10212 7087 160.226593
12119 7087 7088 27.415039
12040 7087 7035 71.597572
6945 3718 8617 164.510056
8545 4697 8484 166.782074
5567 2928 4548 169.089462
17960 11698 11543 175.202332
7619 11543 4124 62.907322
7618 4124 10603 31.005636
5610 4124 2951 38.578072
20376 13861 14004 175.202805
19044 14004 12504 50.224998
18999 12504 12459 19.848886
7559 6782 4091 179.864395
8049 4382 13244 181.165527
19779 13244 15625 14.728266
6019 3184 6360 181.290237
16225 15111 10114 181.360794
16226 10114 10172 65.506554
12650 7467 10180 182.096466
16322 10180 10711 51.09602
16323 10180 16934 83.192184
20604 16934 14111 42.823681
21658 16934 15260 58.257214
16445 10277 16084 182.755371
745 15384 298 184.138
746 298 5450 69.74942
9702 5450 7086 50.21582
9701 5450 5451 67.014648
747 298 4238 73.797707
12118 7086 11896 141.41333
18365 11896 13742 62.22583
11364 11896 6583 126.10585
4694 2432 13594 184.31131
20107 13594 15690 97.271751
11840 15690 6895 69.744141
11838 6895 12979 184.150192
8609 10114 4739 186.088379
8607 4739 6916 71.781761
8608 4739 10113 155.078125
16168 10113 10066 30.493353
15220 10066 9331 22.37026
16169 10066 13189 26.758656
2253 9331 1072 78.337723
12414 10113 7296 97.977005
2254 1072 6620 105.449738
2252 1072 5661 111.568031
19723 13189 14326 176.807816
7153 15160 3842 187.161606
7151 3842 3930 3.178631
7150 3842 5638 101.71711
7152 3842 17910 128.554855
23312 17910 17222 20.978727
23723 17910 17822 92.948624
13704 14220 8205 187.304092
12068 8205 7054 30.009855
9906 7054 5585 56.873566
12067 7054 9541 57.388062
5656 5585 2980 77.680069
3175 2980 1571 47.314453
3174 1571 17786 60.091797
23278 17786 17170 18.133545
11480 17170 6661 103.221436
3173 1571 2833 103.32579
17126 17786 10832 137.098404
10815 6198 15515 188.469482
10261 7868 5824 190.367783
6757 5824 3604 65.55957
9805 11949 5524 191.153732
9651 5524 5422 2.789551
9652 5422 13196 101.872673
19467 13196 12931 25.766209
3160 12931 1559 39.323444
3161 1559 6261 57.176342
10910 6261 8642 65.726105
14283 8642 15442 57.846073
9252 15442 5161 46.94738
9251 5161 16251 78.396301
4331 6261 2226 98.314857
22542 16251 17336 106.131416
14282 8642 15599 106.71196
4835 2512 11288 192.158966
5920 11288 3125 6.944917
14800 11288 9019 180.420578
14000 8422 13282 194.612961
6750 11792 3599 195.832245
7253 8701 3910 196.732117
7252 3910 4695 22.370293
8543 4695 7209 76.77919
12283 7209 8858 47.425781
12981 8858 7699 79.859291
12980 7699 8984 64.59494
12979 7699 12414 73.906616
18953 12414 16687 89.317177
5184 16687 2715 132.828903
12282 7209 7328 176.725327
311 118 15709 197.140976
9807 5526 5721 198.081528
13392 14475 7987 199.492004
12103 14676 7077 199.512604
2695 5237 1305 199.542404
2697 1305 17124 119.447823
3109 1530 13227 199.561768
19693 13227 13154 2.790039
19694 13154 13155 70.060547
19662 13154 13113 70.074913
19661 13113 13191 2.789551
19660 13113 13114 9.138672
19659 13114 13112 39.599609
18252 13114 11790 44.66222
19658 13112 13111 70.061035
19657 13111 13190 2.789551
13673 13111 8180 13.998149
7957 8180 4327 14.521951
3826 8180 1947 77.411423
3827 1947 2039 2.789551
1394 13112 630 86.816238
19724 13191 17217 125.576508
3828 1947 8916 128.366104
14665 8916 13617 17.469517
12302 13617 7222 31.446211
12043 7222 7036 5.370117
11269 7036 6517 16.934082
10118 6517 5727 23.761745
8744 5727 4829 27.939514
5976 7222 3160 53.995415
5569 4829 2929 54.421703
3369 8916 1674 90.651093
3370 1674 11410 18.445013
3371 1674 10724 46.207989
5570 2929 18045 97.748924
21192 18045 14737 101.929131
18021 14737 11599 101.929131
4950 11599 2576 96.549896
3002 11599 1468 107.502853
3001 1468 16394 44.371674
3003 1468 15892 94.807396
19683 15892 13141 85.142387
8743 4829 18153 115.469185
18707 18153 12193 67.292397
8854 12193 4901 95.973083
8855 4901 6518 48.844551
11270 6518 7297 25.139952
5824 4901 3073 53.0933
5823 3073 7184 2.597109
12254 7184 11430 21.93709
7462 11430 4036 19.869467
15714 11430 9712 35.336964
7463 4036 18090 56.131874
11271 6518 6519 70.060547
23837 18090 18089 73.106934
23836 18089 18088 28.938477
23203 18089 17080 30.725267
17751 18088 11354 89.841461
13234 18090 7887 94.585732
1760 7887 825 11.48479
1759 825 13195 30.854429
1758 825 15567 41.078384
17501 15567 11154 9.74792
17502 11154 14268 13.662109
17504 14268 11155 106.660156
17505 11155 11156 68.538086
16394 11156 10237 27.897949
17503 11155 13704 107.56559
20215 13704 17635 96.178352
11329 17635 6560 71.612701
11328 6560 8116 47.412109
15239 13141 9343 118.590401
12561 9343 7399 109.235458
12322 7399 7238 18.899466
11268 6517 6516 135.552734
22217 15892 15891 138.598633
3825 1947 1946 138.599121
3824 1946 2038 2.789551
3823 1946 11488 19.403809
16534 11488 10356 20.882589
3991 2038 5219 96.295258
11143 11488 6433 102.334961
3821 6433 1945 18.382812
3820 1945 2037 2.789551
3990 2037 8777 7.450969
3822 1945 9023 20.993364
3819 1945 8025 36.112305
3817 8025 1944 36.995117
3815 1944 1943 106.614258
3814 1943 10068 101.893555
3812 10068 1942 3.198242
3811 1942 2009 1.911133
3947 2009 2084 2.273438
3810 1942 6967 13.93987
1647 2084 764 15.224216
1645 764 5909 11.808859
1646 764 3809 39.197472
7093 3809 9963 11.136868
14799 9963 9018 11.637251
8886 9018 4921 6.929915
8887 4921 10545 5.726833
4962 4921 2583 10.199913
7092 3809 11010 12.291525
9717 11010 5460 6.328512
7274 11010 3921 12.794434
7273 3921 6937 6.114664
7272 3921 4665 12.824702
8496 4665 4811 12.900875
7882 4811 4282 10.239659
7732 4282 4196 10.965388
7733 4196 18185 5.887193
7881 4282 13474 12.489758
3215 13474 1592 5.392785
1248 4196 548 13.784163
7734 4196 12468 14.287176
17730 12468 11338 12.554822
14969 12468 9149 13.666319
14581 9149 8841 9.164551
3855 9149 1961 14.408203
3792 1961 1932 1.004395
3790 1932 4403 3.264065
3854 1961 2308 11.172852
4459 2308 6897 10.891718
8392 6897 4604 10.572607
8391 4604 5656 10.920898
11843 6897 8452 14.194218
14037 8452 9169 6.832689
4460 2308 9514 14.422482
8715 4811 10204 14.958906
7709 4604 4184 15.773435
7710 4184 13386 1.049124
15624 13386 9640 1.635471
10597 13386 6049 10.121286
15625 9640 14671 11.380515
10595 6049 8079 11.898802
13527 8079 8319 7.239258
16039 9963 11831 17.13866
3698 6897 1876 20.236736
3791 1932 3508 20.343954
6578 3508 15762 1.964895
6579 3508 16652 6.62572
17170 15762 10865 12.401976
15326 15762 9413 24.993355
15325 9413 11275 2.621937
9872 9413 5565 8.758803
9871 5565 5927 10.963867
10408 5927 6286 10.419922
7865 5565 4272 11.628626
7864 4272 4646 10.54541
8282 6286 4532 11.806085
17653 11275 17634 12.317354
7411 4532 4004 16.02421
7410 4004 16047 14.241775
7863 4272 15296 16.032209
21686 15296 15607 10.015137
21399 15296 14963 10.322266
17620 11275 11245 16.79484
17619 11245 11244 22.845703
17616 11244 11242 7.615234
17615 11242 11243 12.18457
17617 11243 11287 22.888256
17668 11287 16644 9.522495
17614 16644 11241 7.289392
17613 11241 11240 6.092773
5002 16644 2613 7.966479
17528 11240 11171 12.263143
17527 11171 11239 3.350845
17611 11239 12619 8.110135
17524 12619 11170 10.219359
17526 11170 11238 10.751952
17610 11238 11237 3.046875
17423 11237 11082 4.491211
6217 11082 3297 2.406411
6216 3297 7818 5.071463
6215 3297 3909 6.627617
7251 3909 10848 2.279706
7250 3909 16760 5.109289
13378 11237 7978 7.477539
13379 7978 11235 6.229492
17607 11235 11234 7.615234
17605 11234 11233 7.615234
17435 11233 11097 5.1763
17279 11097 10963 7.390576
17027 10963 10765 8.26158
17242 11235 10925 9.76416
17606 11234 11595 11.15918
7919 11595 4303 5.275847
17609 11237 11596 11.262556
16742 10765 10530 12.739628
16601 10848 10407 13.586426
16263 10407 10142 7.138573
16191 10142 10087 1.39502
16259 10142 10140 4.569336
16260 10140 10141 7.615234
16262 10141 10143 10.661133
15750 10087 9745 11.15918
15578 9745 9602 4.658691
15053 9602 9207 10.685059
7477 10143 4046 11.6709
7478 4046 10200 6.659606
6537 10200 3482 0.898438
6536 3482 17780 7.308928
5649 4046 2974 7.603906
6538 3482 10201 9.762695
15577 9602 10128 12.271601
15052 9207 11454 12.60686
16354 10201 10668 13.94873
16912 10668 15746 10.387695
16911 15746 10667 1.796875
11611 15746 6745 4.084135
16910 10667 10666 7.615234
16908 10666 10665 9.138672
16906 10665 10664 10.661133
15758 10201 9749 13.949219
15482 9749 9538 5.57959
17612 11239 11699 13.949219
16743 10765 10531 14.039306
16352 10530 10199 14.456783
16254 10199 10136 2.064937
16255 10136 10137 3.046875
15752 10137 9746 12.554199
15271 9746 9363 11.262556
15044 9363 9203 4.18457
15751 9746 14018 13.602018
15045 9203 9204 13.708008
15047 9204 9205 15.230469
15049 9205 9206 15.230469
16253 10136 10135 15.230469
16251 10135 10134 12.18457
16252 10134 10451 8.369141
16250 10134 10198 9.243568
16653 10451 10624 9.440531
15746 10135 9743 13.464561
15335 9743 9418 9.652832
16842 10624 10924 13.554449
16256 10137 10138 15.230469
15792 10138 9778 11.15918
16258 10138 10139 15.230469
15755 10139 9747 12.554199
16190 10139 10086 13.778809
15757 10086 9748 11.262556
16349 10198 10197 15.231445
15790 10197 9776 12.646296
15334 9776 9417 11.15918
15331 9417 9416 13.708008
17240 10924 11236 15.614179
10186 11240 5773 16.216303
10185 5773 11877 3.371762
10184 5773 14502 9.464964
3639 9207 1838 16.465132
3640 1838 11279 9.790455
13572 11279 8113 4.469712
16789 11279 10571 11.300781
16788 10571 10916 9.77832
16355 10201 10254 16.811844
15793 10254 9779 14.03157
15385 9779 9457 9.76416
15794 9779 9825 13.778809
15483 9825 9539 8.369629
15859 9825 9911 16.98455
14083 9203 8495 19.52832
8988 8495 4991 11.787425
12582 8113 7415 20.100098
12354 7415 7258 5.007812
12353 7258 9443 4.107542
11618 9443 6751 11.311561
7295 6751 3934 8.051181
1591 3934 734 5.232743
16841 10624 11003 20.129282
17327 11003 11333 14.456783
17726 11333 11594 13.553681
17326 11003 11232 16.752172
17604 11232 11655 12.554199
18095 11655 11788 7.391381
18251 11788 12038 13.553681
15123 11454 9263 20.929981
11617 6751 15917 21.018597
16413 10254 10255 21.322266
1590 734 10361 21.851017
13591 10361 8126 18.251213
8801 8126 4866 5.218614
16541 10361 10461 22.039062
16076 10461 9997 13.446777
16663 10461 11147 21.034668
18533 12038 12408 22.17281
18951 12408 12613 8.338106
19145 12613 12847 13.553681
18682 12847 12169 13.541619
18683 12169 13188 5.340233
19722 13188 13253 4.130985
19721 13188 13344 8.26086
19784 13253 13521 8.906637
18668 12408 12158 13.554449
18669 12158 12273 6.195203
18809 12273 14425 13.939782
15831 14425 9805 7.097656
15832 9805 16814 7.044357
11884 16814 6929 1.386364
11885 6929 11341 5.165802
19340 16814 12806 9.020926
15833 9805 12407 16.15918
18626 12407 12123 9.882141
18195 12123 11743 12.554199
18193 11743 13814 13.40332
20327 13814 16427 9.392638
18950 12407 12445 13.778809
18981 12445 12612 5.783573
14389 12612 8710 6.236058
14388 8710 18176 4.238683
12714 8710 7516 8.180388
12715 7516 12114 6.966962
18949 12445 12406 9.244534
18624 12406 12122 9.76416
18249 12122 11787 11.15918
19873 18176 13343 14.686327
19874 13343 13571 6.974121
17666 11787 11285 15.34375
17599 11285 11229 6.250437
17600 11229 11230 7.615234
17601 11230 17304 14.240234
7208 17304 3882 15.423256
19828 13343 13297 18.329531
19826 13297 13342 7.742916
19872 13342 14922 5.769164
20903 14922 14436 13.893066
19269 14436 12735 6.606153
19829 14922 13298 15.598688
5883 14425 3111 18.741388
19827 13297 17678 19.196272
20495 17678 13993 9.908192
20496 13993 14125 7.391381
17665 11285 11286 21.322266
17667 11286 15000 6.866893
12602 15000 7426 0.142892
12601 7426 11505 0.129088
14346 15000 8684 0.182617
12600 7426 11593 4.194216
15789 9776 9777 22.845703
15788 9777 9775 10.662109
15268 9777 9362 12.554199
15791 9777 10196 12.646296
14409 9362 8727 18.197102
13888 8727 8341 9.76416
13751 8341 8243 3.177968
16345 10196 10195 22.845703
16344 10195 10194 16.753906
16342 10194 10193 6.091797
16415 10255 10256 22.84668
12186 10256 7138 10.353033
12187 7138 9364 16.193645
15184 9364 9305 1.394531
16417 10256 10257 21.322266
6447 10257 3430 16.846836
6446 3430 11540 14.575362
3755 11540 1908 1.842773
3754 1908 9318 16.023535
15201 9318 16260 3.74612
15587 10257 9610 19.723633
15272 9610 9365 6.779297
15186 9365 9306 1.394531
3282 9610 1628 9.793956
3281 1628 6046 7.722934
3103 6046 1527 15.839869
3102 1527 1630 16.038139
15122 9362 9262 23.01635
14977 9262 9153 16.983587
14975 9153 9152 9.138672
8987 4991 7295 23.085859
12413 7295 18071 8.271499
6387 18071 3392 8.341852
6388 3392 17706 18.96196
23310 17706 17219 14.074707
23058 17219 16882 10.963379
5292 16882 2780 18.870117
17602 17304 11231 23.835938
7918 4303 10521 23.973274
14082 8495 8494 24.369141
14080 8494 8493 7.615234
399 8710 153 25.929932
8936 9152 4952 26.013672
8309 4952 4553 11.229004
7681 4553 4165 11.103516
7412 4165 4005 4.17041
7682 4165 8339 26.013676
13885 8339 8340 10.661133
13886 8340 8629 6.974609
19720 13188 17795 28.742523
7135 4866 3835 29.29248
14836 9305 9046 33.603992
14834 9046 13072 18.603674
3147 4553 1550 37.939453
2437 1550 1168 11.131348
2125 1168 1007 4.142578
3148 1550 1865 11.242676
3677 1865 9154 27.430664
14978 9154 9618 12.595703
13705 9154 8206 26.516602
17525 11170 12576 44.63623
10043 10571 5676 50.094326
15596 9618 11284 50.160156
11660 11596 6780 50.358292
11662 6780 17056 8.359035
10435 17056 5941 3.377166
19877 17056 13345 3.824489
10436 5941 7065 14.167092
9036 13345 5020 15.708699
9035 5020 7231 7.685236
12314 7231 14024 2.296171
10437 5941 14744 15.839056
20620 14744 14126 5.777345
20622 14126 14127 3.045898
11222 14744 6487 13.243841
11661 6780 15338 16.537842
20621 14126 14688 16.738281
21149 14688 14999 8.369629
20623 14127 17885 22.069336
20624 17885 14128 34.28418
21433 14999 14998 42.645508
21432 14998 15036 10.75292
19275 15036 12742 13.073042
11372 12742 6587 15.403404
6056 6587 3207 5.818501
6055 3207 14267 2.162159
5846 14267 3088 8.299665
305 14267 115 10.5391
306 115 15093 12.138703
19274 12742 16728 16.638592
5412 15036 2844 21.59927
5413 2844 7817 2.757156
11371 6587 12488 23.105574
15172 12488 9294 2.250172
19806 14128 13275 43.196102
17484 15036 11137 46.947575
2995 14999 1465 49.058372
2996 1465 17410 26.329948
23447 17410 17411 4.569336
23446 17410 18223 25.10791
19435 18223 12901 26.494135
8251 12901 4512 20.857569
4785 4512 2485 29.382174
4699 2485 2434 3.350161
4698 2434 8731 30.1875
4784 2485 3455 30.725243
6490 3455 3454 4.568359
6489 3454 3453 18.277344
6491 3455 4401 27.897461
8081 4401 4599 5.57959
8082 4401 4549 7.390576
5310 4549 2792 17.138912
808 2792 326 23.4734
5311 2792 4600 45.321983
4783 2485 5495 52.728516
224 5495 85 34.588867
225 85 9842 51.296875
8181 9306 4464 53.111752
13803 11831 8278 57.022945
13804 8278 14187 10.997289
14611 14187 8870 15.116899
12163 14187 7122 18.977539
12164 7122 14186 51.083984
8868 14186 4910 29.868355
8869 4910 11377 25.009254
1556 14186 715 35.549423
1555 715 17008 7.326505
20520 17008 14022 20.681156
17774 11377 17412 44.264809
8800 4866 4865 59.399414
12352 7258 13316 62.859081
13134 7817 14997 63.991497
19938 14997 13413 44.79446
19935 13413 13409 0.069824
21431 14997 16601 50.21582
22823 16601 18222 50.238922
8384 4600 6983 72.550156
6389 3392 5149 81.115273
16420 17411 10258 82.192146
16419 10258 12179 14.94581
18692 12179 17510 20.170612
20228 17510 13714 1.994859
20579 17510 14084 3.809685
16069 13714 9991 7.324259
4700 9991 2435 88.334846
4702 2435 2436 86.814453
7136 3835 11719 104.647331
15463 11719 9516 65.577248
14391 9516 8712 23.712891
11868 8712 6920 51.700642
7441 6920 4023 86.603539
4575 4023 2368 103.627876
8383 4599 8109 106.109657
13566 8109 15443 5.779734
21809 15443 15555 2.789551
13565 8109 10859 33.481449
17161 10859 14769 13.492235
11754 14769 6837 9.09607
11755 6837 15277 6.528905
16512 15277 10336 7.253783
21673 15277 16286 11.052122
12757 14769 7552 16.655466
17162 10859 13938 20.9214
11756 6837 7110 52.408066
12145 7110 9056 3.514999
593 4023 230 117.259476
594 230 15292 99.141975
21684 15292 15293 85.291992
20470 15293 13967 39.057129
18599 15292 12104 101.872208
18373 12104 11903 66.923973
13861 11903 8322 49.395302
9939 16601 5609 121.86834
7269 8206 3919 129.059555
1066 3919 457 107.780144
4574 2368 12552 134.212982
7678 12552 4163 28.938251
19095 12552 18205 43.353142
23721 18205 17812 34.359978
16691 17812 10484 67.154007
7204 10484 3880 41.323769
22312 18205 16005 68.349609
10391 17812 5914 92.462837
10389 5914 9139 35.994232
12003 9139 7008 99.036629
12004 7008 8043 30.725243
13474 8043 12017 117.210022
18502 12017 13640 54.421692
20146 13640 14510 27.925375
20025 13640 13503 47.399918
18501 12017 12016 73.106445
20024 13503 14015 85.372307
10825 14015 6204 20.65764
19980 14015 13457 42.572803
18228 13457 11769 57.210201
19981 13457 13504 111.192345
19366 13504 12833 22.369806
16627 12833 10429 76.733856
14709 10429 8945 43.241699
2280 8945 1088 18.389929
2281 1088 17993 39.056641
5767 10429 3043 63.999569
22595 17993 16312 85.672852
22596 16312 17994 16.37207
17061 16312 10788 55.914658
18022 11599 11659 140.129013
7803 11659 4233 35.04541
7804 4233 4234 103.568359
4506 4234 2332 58.604767
4507 2332 17494 94.900948
22250 17494 15935 48.845036
20708 15935 14212 51.700668
23502 17494 17538 54.848297
20707 14212 16381 93.318573
11933 7008 6968 141.652374
11932 6968 9291 67.10984
15165 9291 9476 5.78383
11931 6968 8562 68.343071
7802 8562 4231 14.082018
14180 8562 12765 86.22757
97 11284 35 141.667023
96 35 2260 66.971916
4384 2260 2259 94.429688
4385 2260 6398 125.548782
11093 6398 8365 59.999325
13921 8365 8575 5.57959
14200 8575 9841 36.299072
15883 9841 11676 54.421692
9993 11676 5643 19.928747
13920 8365 9890 77.212715
15943 9890 10878 51.737
9992 5643 14666 77.760864
21129 14666 14665 57.875977
5032 14665 2632 72.931023
5033 2632 7880 12.411187
13226 7880 18251 24.934135
17659 18251 11281 44.15332
17658 11281 13902 13.685645
1357 14666 611 81.197693
10002 13902 5650 110.749962
6660 5650 3550 41.209557
6657 3550 3548 60.922852
6656 3548 3551 6.091797
6658 3551 3549 4.569336
6662 3551 3767 58.913597
7024 3767 5140 7.026664
9218 5140 5263 4.453256
9219 5140 5181 6.249376
7023 3767 6045 15.754974
9284 5181 13104 23.256868
19650 13104 14166 20.409517
9412 5263 7170 64.038818
12236 7170 9531 82.215546
15477 9531 10618 40.28825
16835 10618 16803 10.497594
17955 16803 11538 20.607334
17956 11538 14232 0.867551
4872 14232 2533 7.127748
4873 2533 4288 33.160229
7892 4288 15905 5.433343
13272 15905 7911 1.398295
7893 4288 6338 11.780804
11003 6338 13432 1.425569
13273 7911 10027 15.670695
4554 10027 2356 4.805801
19263 14232 12729 39.61874
19264 12729 12841 4.18457
14958 10618 9140 43.241699
9411 5263 5262 92.907227
9160 5262 5099 5.56543
5580 5099 2933 18.793945
5578 2933 8711 30.198374
6655 5099 3547 44.66222
6654 3547 17608 3.740274
11063 17608 6378 21.429602
2584 3547 1247 22.34375
2583 1247 14036 15.323645
5579 2933 5098 92.389648
9159 5098 5760 20.92334
9086 5098 5052 42.668304
9085 5052 8428 34.407681
12576 8428 7412 54.264294
12574 7412 12850 35.614807
19383 12850 15658 20.029144
12575 7412 9054 46.491699
1057 17608 452 92.554985
750 452 300 4.453256
751 300 16870 51.969231
748 300 299 65.491211
749 299 16871 51.633289
633 299 246 80.734711
632 246 414 4.18457
6659 3549 11621 99.084419
20037 16871 13519 103.232925
18530 13519 12035 50.238922
16540 12035 10360 51.61084
496 10360 195 85.142914
379 195 144 70.075409
380 144 145 19.799805
381 145 1839 26.670933
495 195 7387 70.076172
631 246 16139 110.163086
8 16139 2 2.928333
634 16139 247 5.589844
630 247 245 7.615234
629 245 248 4.569336
7 2 2186 31.818031
635 247 16563 59.999325
9991 5643 6235 113.396103
227 145 86 118.807014
226 86 569 5.361622
1284 569 16117 63.609173
12544 7387 14206 129.805115
19596 14206 13056 37.662109
12543 7387 7492 134.058334
12685 7492 7493 6.092773
7983 7493 4342 94.864777
5636 4342 2967 12.900352
5635 2967 3110 23.398724
5881 3110 17098 79.567963
20031 17098 13513 62.452423
1438 13513 655 92.691879
1439 655 6217 12.413017
5619 6217 2957 96.341278
5620 2957 2958 85.291992
5621 2957 17934 101.929131
22390 17934 16088 57.210716
21024 16088 14561 76.357513
93 569 34 134.767395
92 34 8960 62.685299
95 34 13916 133.943817
19231 13916 12699 55.34063
16816 12699 10600 52.075939
15829 10600 9803 23.762201
5977 10600 3161 44.183594
2495 12699 1202 52.575569
11565 13916 6715 105.1157
8305 6715 4551 65.577248
6851 13519 3661 134.974197
6850 3661 15516 33.355415
15828 9803 9802 138.598633
15880 16870 9840 138.614258
15881 9840 11479 48.844566
15879 9840 15434 65.212776
7891 9343 4287 149.376724
5948 4287 3143 33.512161
5949 3143 9744 46.594597
4429 9744 2286 41.917557
15747 9744 17587 72.126762
7890 4287 4331 97.486046
23543 17587 17546 143.174759
12562 7399 9401 149.689194
14783 9401 9005 26.802654
3816 1943 15142 154.861984
11733 17546 6827 160.61731
11732 6827 12597 119.875473
18529 12035 12079 166.020508
14845 9056 10004 169.843903
14265 10004 8626 40.480301
6935 8626 3712 26.99074
6936 3712 8189 8.929447
4828 8189 2507 116.404961
5521 10360 2907 172.121094
6937 3712 17102 177.820068
8576 15892 4719 179.758469
8575 4719 5202 32.124355
9321 5202 6293 33.512184
5622 2958 2959 190.382812
2029 2959 956 64.183121
2030 956 17935 37.784588
12617 17935 7435 101.872673
10176 7435 5766 51.63332
5339 8870 2808 197.04277
5533 9695 2912 199.753342
4244 2912 2177 25.154055
3290 2177 1635 81.623848
3291 1635 14568 97.155106
17859 14568 11447 101.824074
13424 11447 8009 100.535591
6476 8009 3446 136.69873
1667 3446 774 83.70697
20974 14568 14517 138.60614
6439 14517 3425 73.12207
6346 3425 3369 70.074921
6438 3425 5960 75.339195
3071 3369 1510 99.605591
3073 1510 15728 2.706285
3072 1510 2408 79.462067
4653 2408 11404 15.55092
3671 2408 1862 42.479996
17810 11404 11448 44.190964
21538 15728 15119 98.622719
13323 11448 7945 101.826599
13325 7945 9208 22.693848
13031 9208 7743 44.669235
10260 15728 5822 102.188881
17284 15119 10967 110.657806
12847 10967 7610 45.759644
6345 3369 7600 126.971062
10718 7600 6128 10.233369
12833 7600 7601 56.353516
10717 6128 8382 59.723103
6048 6128 3202 60.298145
6047 3202 10096 2.066471
16200 10096 10211 100.560677
16199 10096 10095 141.64502
14993 10095 9165 27.897705
13838 9165 8302 23.713013
13837 8302 8301 27.415039
11854 8302 6906 41.957264
16044 10095 9968 94.52285
15983 9968 9921 48.757748
15982 9921 11050 33.511917
13663 9921 8173 50.423237
17384 11050 13393 77.09565
19918 13393 14792 43.268284
21237 14792 14791 33.507324
21238 14791 17089 15.071608
21766 17089 15387 17.790247
21765 15387 15485 4.13079
8998 17089 4997 120.914162
15868 9921 9830 138.627197
4095 9830 2098 74.021812
4094 2098 10036 69.222427
9649 10036 5421 73.218979
4296 5421 2207 46.365498
4297 2207 9536 45.266827
16125 10036 12533 93.984505
9865 12533 5561 53.024033
5365 12533 2819 109.874352
5363 2819 2860 70.074921
5439 2860 17533 2.19695
23158 17533 17023 49.935921
5687 17533 2993 71.030136
5362 2819 3071 71.65345
5819 3071 3072 71.583984
5821 3072 17100 67.885941
19692 17100 13152 43.641911
5765 17100 3041 72.393143
5764 3041 4299 37.784893
3959 4299 2015 37.351093
3960 2015 6514 28.226103
5763 3041 3070 53.325375
5762 3070 3040 16.811874
11266 6514 8824 68.349365
14553 8824 9964 33.511917
16040 9964 9965 41.122559
3958 2015 16140 73.741585
11189 6514 6463 74.643402
11188 6463 8782 73.089233
527 3040 207 87.890953
5820 3071 14234 96.830185
5822 3072 6585 97.937584
5364 2819 3241 98.53154
5766 3041 10535 98.677498
16749 10535 14781 102.278282
19569 14781 13032 55.864616
21229 14781 16558 69.703049
19976 16558 13453 41.272675
19977 13453 14782 29.191492
17271 13453 10951 50.746571
21230 14782 14838 70.074921
20876 14838 14408 70.090057
13550 14408 8095 38.041683
13549 8095 13762 17.72311
13548 8095 15259 44.972549
20275 13762 18018 61.565018
20877 14408 14539 73.226601
20996 14539 14658 68.594841
21122 14658 14796 70.18589
21242 14796 16927 65.559631
21241 14796 14795 73.106934
3132 14795 1541 16.756556
3130 1541 2026 58.66227
3131 1541 10367 71.92276
16550 10367 13339 59.555328
11763 16558 6841 83.876312
11325 16558 6556 101.541183
11326 6556 16455 31.596659
14624 14658 8884 106.702515
16995 14539 10737 122.759323
13139 10367 7823 124.786957
7935 7823 4314 106.022202
7936 4314 15193 101.882736
6211 5421 3295 130.179596
1351 7823 607 137.06218
1349 607 11627 21.829121
5686 2993 3120 138.661789
4093 2098 4528 141.228455
21239 14792 15582 142.114395
21929 15582 16388 25.093994
11692 16388 6803 1.036022
384 6803 147 1.286569
11690 6803 14729 22.705111
6535 14729 3481 70.886078
5277 14729 2768 121.121368
5276 2768 4778 58.604874
1350 607 7771 146.231293
11535 7771 6691 33.511856
13007 7771 7725 47.235935
1669 774 13980 153.430939
21152 14781 14691 155.377594
21151 14691 14692 36.553711
21153 14692 14693 25.89209
4238 14693 2173 74.927094
4239 2173 14523 56.123131
20979 14523 14579 70.074921
21037 14579 16281 51.700581
16557 16281 10374 152.111588
5657 10374 2981 140.14415
5528 6691 2910 200.222061
5526 2910 11031 64.839081
5527 2910 16045 71.975441
5624 2959 11143 200.432526
9798 5519 12227 200.886856
18752 12227 12715 16.738281
18751 12227 12299 39.697708
18850 12299 12351 82.257446
1193 12715 521 188.302063
1192 521 13334 171.576935
292 13334 110 154.839523
291 110 2272 65.55957
4404 2272 2476 6.974609
4773 2476 2723 8.369141
4771 2476 2475 13.70752
5196 2723 3200 15.34375
6044 3200 3636 12.554688
6808 3636 3951 9.881734
4769 2475 2474 19.799805
7321 3951 4701 20.979179
7582 4701 4102 17.813442
4402 2475 2271 31.249699
4607 2474 2385 35.141449
7583 4102 13575 38.968071
8848 13575 4897 29.552984
7177 4897 3859 21.191868
8551 4701 6090 41.873405
7320 3951 4505 46.758171
4772 2476 2521 50.280598
5553 4897 2922 56.530067
5554 2922 9554 30.871187
10662 6090 6456 61.936188
5555 2922 8846 86.569656
14585 8846 12529 30.830338
14584 8846 16810 41.701092
19071 12529 15698 77.637863
2059 2385 971 90.911522
2060 971 17946 78.204025
4852 2521 2646 115.8283
5852 9898 3094 201.007706
4518 3094 2338 25.292048
4519 2338 8876 83.434204
14615 8876 16064 56.087574
22316 16064 16009 27.450502
21179 16064 14721 40.466351
9763 5491 5490 201.043945
7149 3842 3843 201.044434
15595 9617 13478 201.599335
19997 13478 15656 136.367889
21987 15656 16106 115.078293
22407 16106 16107 21.322876
22408 16107 16481 26.802544
1324 16481 592 79.272995
1323 592 2526 67.272194
4858 2526 5629 93.766785
9968 5629 5857 6.974609
10838 6215 8317 202.168198
11301 8317 6537 109.203529
11225 6537 6489 10.752193
10273 6489 5834 19.764952
2260 12770 1074 202.258301
2259 1074 1075 141.64502
2258 1074 7680 202.264526
12948 7680 12433 65.481224
8155 7680 4450 69.208366
9766 5585 5493 202.586594
943 392 17397 203.044876
14002 15051 8425 203.65889
9402 8425 5256 1.77679
9401 5256 13184 69.141113
7788 13184 4224 86.168831
1648 5256 765 117.384567
16275 13184 10149 149.133896
16276 10149 12044 125.18956
7789 4224 7099 154.318558
5383 14473 2830 203.659012
5382 2830 2829 35.030762
17584 17681 11217 203.744415
12276 11217 7205 117.25898
8052 7205 4383 85.142876
8050 4383 6319 16.02108
8051 4383 10029 28.572266
2794 6319 1365 51.592705
5001 10029 2612 85.292519
2795 1365 9024 133.342346
9711 9024 5457 106.054977
6072 5457 3216 65.563103
5491 3216 2891 9.882774
5490 2891 5844 10.496985
17585 11217 11218 140.12207
217 2612 82 171.895844
15830 9803 14038 203.844818
19568 14038 13030 33.51165
17377 13030 11044 64.183121
20536 14038 14085 65.506065
12618 11044 7436 104.71595
20580 14085 14086 159.921875
20581 14086 15659 47.450214
20582 14086 14087 53.307617
1807 7436 848 202.464615
1696 848 791 117.283684
1695 791 1492 19.587652
1601 791 739 99.008842
1599 739 738 25.892578
1597 738 737 38.076172
1596 737 1842 34.026974
3643 1842 1931 3.178436
3789 1931 16679 1.975376
1598 737 17703 39.057129
1808 848 12062 138.614258
18558 12062 12063 54.831055
18559 12063 13097 34.87207
16017 12062 9946 64.182632
18560 12063 12064 91.383789
18129 12064 11683 12.554199
4638 12064 2401 46.012329
4639 2401 12716 16.965939
18197 17703 11745 188.644501
3597 11745 1808 170.176117
9613 11745 5394 188.268326
9611 5394 5393 118.798828
9610 5393 6432 30.838387
9609 5393 5392 159.921875
9614 5394 18181 165.998199
14780 18181 9004 66.19561
469 18181 183 93.167679
8063 9004 4388 138.351807
8062 4388 12737 126.012833
1595 737 9714 202.25061
1403 9714 636 3.821471
13399 9714 7993 76.489212
1043 636 443 183.586426
591 14087 229 203.796204
18600 12104 16337 203.858963
22379 16337 16074 8.369141
18989 16337 12451 194.115509
9957 12451 5622 28.436312
15503 16074 9556 203.730743
10750 9556 6152 100.53553
17842 15614 11429 205.070709
7329 11429 3956 140.14415
7331 3956 3999 141.651886
7333 3999 3957 79.211502
7403 3999 6893 86.589882
11836 6893 6894 83.768555
11837 6894 7287 15.527749
11835 6893 15887 121.063774
22215 15887 18145 153.085999
23714 18145 17800 36.764755
9573 10339 5367 205.182068
8177 5367 4462 0.665385
9574 5367 6527 1.925117
7984 4462 4343 6.700737
7908 5367 4297 6.725845
7985 4343 4406 95.963203
8089 4406 13699 1.143023
7986 4343 13595 111.716866
1489 680 12124 205.493759
10114 12124 5723 4.221714
10113 5723 10132 16.842463
18627 12124 15478 77.110176
21842 15478 15657 5.783701
11366 15657 6584 25.753841
11365 6584 17348 112.786469
11367 6584 10225 141.660263
15622 9680 9638 205.6185
2563 1236 17614 207.675766
7615 4123 11142 207.829559
17488 11142 11141 70.061035
17489 11141 17559 202.281235
7078 17559 3798 55.010914
7077 3798 16421 33.966442
5003 3798 2614 46.861046
5525 14424 2909 207.888123
5524 2909 6120 94.864273
10704 6120 7992 57.190186
13398 7992 8377 11.15918
13932 8377 10553 62.788246
16767 10553 11436 26.50293
425 6120 164 101.707123
17847 11436 14611 103.218758
19451 14611 12915 100.161469
9096 12915 5061 30.098551
6420 12915 3414 40.003513
13225 7992 7879 108.173668
13156 7879 7834 32.014782
12078 7834 7060 23.76202
6421 3414 9111 120.467018
7886 9111 4284 60.00938
4034 9111 2063 105.253555
21072 14611 14708 135.57811
8213 14708 4484 47.385433
8255 14708 4515 126.590485
8256 4515 14816 25.74464
7016 4515 3763 72.467087
13933 8377 9847 144.778656
15888 9847 9893 36.579823
15947 9893 11575 59.536785
17988 11575 12550 32.08252
9860 9847 5558 127.016769
15948 9893 11681 167.032455
13155 7834 14940 175.189697
21377 14940 16916 61.39389
8154 4450 14862 208.004913
21310 14862 14861 21.322754
1542 14862 709 188.110458
1543 709 11068 9.782413
17409 11068 14177 0.255095
2656 11068 1284 1.655802
2287 1284 1090 5.286133
2255 1090 1073 0.292969
2257 1073 11827 0.965989
18295 11827 13979 0.793729
2286 1090 14984 8.632734
2759 14984 1341 3.655543
2760 1341 7889 0.124059
13237 7889 14814 1.865464
2256 1073 18083 36.266602
23818 18083 18035 10.752321
23574 18083 17597 15.34375
23782 18083 17949 15.795361
519 18035 205 23.444351
521 205 306 5.353589
15026 17949 9188 29.584959
19265 17597 12731 152.042969
13236 7889 16460 156.041077
20757 16460 14277 20.212017
20508 14277 14008 8.09082
8934 14277 4951 36.949707
8935 4951 8647 22.147797
21257 16460 14807 145.945633
21254 14807 14806 6.092285
21253 14807 14805 42.645752
21252 14805 15997 36.267578
22306 15997 16127 3.947266
22420 16127 16138 0.237305
5242 14805 2747 126.015373
5240 2747 6210 22.388029
4432 6210 2288 1.556777
5241 2747 5929 44.935295
4775 6210 2478 68.639343
9510 6210 5325 141.736343
9509 5325 12649 117.180511
18561 12649 12065 43.299313
18223 12731 11765 200.43956
11432 6628 9725 208.546371
4354 2241 9722 208.716995
22979 16781 17204 208.732483
14290 17204 8646 1.106864
13727 17204 8227 116.433029
4187 17204 2145 159.831757
1037 439 1347 208.832214
615 1347 238 1.264237
15238 9343 16339 210.203354
12459 16339 7329 9.549084
12457 7329 7510 22.8671
12458 7329 8533 24.826838
14139 8533 14856 21.245897
9582 16339 5373 115.816353
4918 5373 2558 85.210495
14140 8533 16193 179.66571
21819 16193 15455 67.695496
8661 4774 11503 212.731369
17922 11503 12198 22.318115
18714 12198 12242 18.330494
6499 6611 3459 213.452881
6581 3509 10851 214.688766
17150 10851 13216 1.309866
7874 15503 4277 216.212402
7873 4277 8309 121.354492
14904 9104 9155 216.279404
4788 8909 2486 217.810181
4787 2486 8378 90.945595
13281 7916 15602 218.353241
21870 15602 15514 60.986401
21869 15514 17066 48.844551
2924 17066 1432 76.779198
2925 1432 11353 13.368883
17750 11353 15998 25.899504
22307 15998 16274 40.141663
16491 16274 10322 216.031799
9350 5221 6222 219.506134
13006 7725 8066 220.863785
13505 8066 14591 199.540146
20872 14591 14403 163.144745
20258 14403 13745 20.923279
19697 13745 13159 19.587713
18877 13159 12333 60.166302
15960 9902 16975 221.242676
1855 16975 872 64.694824
17368 16975 11035 90.509956
1854 872 4191 103.232674
7723 4191 4192 50.26123
1466 15119 669 221.834061
1468 669 15648 100.443283
12786 15648 7574 66.295395
12787 7574 17415 25.643244
8246 18008 4508 222.395477
8247 4508 14017 46.760983
547 215 7103 222.833832
12398 7287 12481 223.690384
19024 12481 13738 54.573853
19023 12481 14829 196.273483
8824 14829 4881 151.498093
8823 4881 5598 149.414886
9923 5598 9977 15.961069
16056 9977 12457 87.774986
15002 9977 9171 155.64653
15001 9171 11563 71.286247
9878 6152 5569 224.55867
9880 5569 9989 40.667191
14390 8712 15801 225.428711
1824 8049 855 225.428833
1821 855 854 9.138428
1823 855 12835 145.075714
1819 854 853 147.737305
1818 853 8027 219.018021
1539 7758 707 225.507645
2586 8701 1248 226.003723
5923 14591 3127 227.071045
12399 7287 7338 228.46373
12475 7338 7339 19.799805
6016 6750 3182 231.555893
6015 3182 4578 40.452148
8352 4578 7052 75.323242
20250 13738 18032 233.212097
23817 18032 18122 8.110248
1480 18122 676 81.215172
1482 676 1521 43.571491
3094 1521 17457 105.772102
22287 17457 15976 83.829735
22286 15976 16476 19.593224
22721 16476 16599 6.195923
22822 16599 16643 3.350808
22821 16599 16770 6.357261
22971 16770 16957 5.78323
23108 16957 17504 16.739258
23510 17504 17592 4.130296
23571 17592 17746 4.18457
23682 17746 17783 4.777685
23572 17783 17593 9.440819
23681 17746 18031 13.373659
23815 18031 18215 10.70667
298 18215 112 11.453775
296 112 201 11.020391
23708 17783 18216 13.948242
739 18216 296 10.780871
738 296 626 12.383059
1386 626 727 5.353289
23512 17593 17505 15.484216
23513 17505 17506 4.568848
23345 17506 17261 9.26073
23480 17592 17456 20.237167
23383 17456 17320 11.452964
21730 15976 15347 26.746939
21611 15347 15200 10.051167
21495 15347 15065 13.553681
21612 15200 15465 16.060467
21826 15465 15651 12.033164
21982 15651 15901 10.326518
22228 15901 16098 11.495128
22399 16098 16377 9.536125
21983 15651 15858 13.401124
22189 15858 16067 11.496108
22371 16067 16204 7.390979
22493 16204 16325 4.453089
22605 16325 16326 6.092285
22495 16326 16205 4.18457
22606 16326 16477 7.390979
22188 16067 15857 11.49572
21942 15857 15604 9.26073
21757 15604 15376 11.495128
21758 15376 15520 8.689641
21876 15520 15652 4.18457
21877 15520 15521 6.092285
21878 15521 15653 4.18457
21986 15653 15790 7.390979
21579 15376 15153 12.739895
21422 15153 14990 10.707595
21421 14990 15028 3.350364
21147 14990 14687 11.315554
20909 14687 14444 11.49572
20678 14444 14178 9.535269
20350 14178 13837 10.77978
20252 13837 13739 4.453089
19952 13739 13426 10.228678
20161 13739 13654 11.020639
20251 13739 13838 11.452964
21224 15028 14775 11.496108
20679 14178 14347 13.401531
19868 13426 13336 15.484391
21580 15521 15154 16.522081
21466 15154 15029 4.453089
21581 15154 15155 4.569336
21468 15155 15030 4.453089
21582 15155 15302 8.689213
21148 14687 15066 21.413849
22229 15901 16246 21.414265
512 201 17359 34.026405
20162 13654 14081 36.294548
6154 14081 3262 33.754509
20907 15065 14443 36.76688
19866 14443 13335 36.939476
19228 13335 12696 22.524761
21494 15065 15375 37.835461
23107 17359 16956 42.996338
22819 16956 16598 11.567402
22719 16598 16475 6.195563
22492 16475 16203 8.369141
22227 16203 15900 10.227746
22718 16475 16597 23.226259
22642 16597 16376 8.337021
22453 16376 16161 8.338106
16314 10172 17905 233.958466
22644 17905 16379 95.676613
19110 17905 12571 127.571777
19109 12571 17818 111.584206
14781 9005 16836 234.78035
3361 16836 1669 29.315346
3360 1669 6609 29.527502
3362 1669 15877 44.391853
4204 15877 2154 139.621262
4205 2154 15566 189.843857
21919 15566 15937 11.15918
22252 15937 15936 21.322754
11348 12433 6571 238.667389
11347 6571 8459 57.210705
14048 8459 10546 32.457581
16758 10546 14956 13.907672
2126 10546 1008 184.284744
2127 1008 9915 21.003401
15976 9915 16941 24.384531
16221 16941 10109 13.509425
16163 10109 10062 12.264113
8118 10062 4429 20.957741
15455 16941 9510 28.664394
15454 9510 10061 17.350697
16161 10061 10741 20.055719
16160 10061 10059 21.322998
15721 10059 9718 11.262655
16159 10059 10596 15.34375
16158 10059 10107 18.329737
16218 10107 10696 18.390167
15451 10107 9509 19.128901
16812 10596 11306 20.922852
17687 11306 11617 9.764648
17686 11617 11305 11.509314
17688 11617 11307 13.373826
14362 9718 8696 29.292969
16156 10696 10058 38.099541
16155 10058 10060 12.18457
7869 10060 4274 12.501289
7867 4274 7298 7.906389
12416 7298 9433 24.04785
18047 11617 16542 156.234955
22776 16542 16543 74.630127
2415 16542 1157 86.495834
22740 16543 16498 138.605896
22741 16498 16499 63.96875
2493 16499 1200 89.272461
2492 1200 3428 71.204834
6445 3428 4072 19.52832
4212 3428 2158 70.612053
20056 16499 13538 90.666992
16219 13538 10108 108.801758
13105 10108 7796 1.1119
2698 4072 1306 156.185623
2699 1306 11667 117.947739
18107 11667 13853 98.765465
20365 13853 16926 106.115074
2404 16926 1153 74.694466
2403 1153 10434 59.99844
16635 10434 12964 83.290932
19498 12964 13292 15.433646
19821 13292 15054 55.748241
21482 15054 16271 39.142044
2414 1157 14391 186.920395
20860 14391 17202 86.496811
2048 17202 966 88.797874
1552 966 714 15.380116
958 714 402 67.7202
859 402 350 38.102188
858 350 349 22.845947
1551 714 2127 72.246414
2047 966 2298 73.910141
959 402 15595 93.469437
21364 17202 14927 119.448112
16154 10060 10057 211.705811
12357 10057 7259 5.742974
16153 10057 10597 12.302746
13084 10597 7780 102.347031
9589 10597 5378 187.390472
9586 5378 5377 53.307129
9588 5378 8150 83.748779
13633 8150 8328 16.22016
13632 8150 10714 73.928711
16970 10714 12872 69.744141
16892 10714 10656 85.303162
13870 8328 12187 118.768608
18700 12187 13217 35.00486
18701 12187 12401 103.802872
18944 12401 12919 39.445805
19750 13217 16723 118.00576
9967 5629 11697 239.726303
8702 7957 4801 241.392471
8700 4801 7200 73.944649
8701 4801 15978 141.722427
21187 14940 14731 242.231262
15633 14731 9647 97.295181
15632 9647 17990 4.794666
23805 17990 18173 5.783701
23862 18173 18225 42.668808
3252 18173 1613 48.830883
3251 1613 3113 50.21582
5889 3113 12071 59.124393
5758 12071 3037 12.513925
18569 12071 12086 20.621466
5756 3037 3038 73.106934
3104 3038 1528 50.238911
151 1528 57 41.874382
152 57 17989 9.76416
13658 17989 8170 6.944024
13657 8170 17462 11.095483
21219 17462 14768 5.932062
23481 17462 17463 21.322754
23482 17463 17951 15.629597
22041 17463 15716 37.740734
1410 14768 640 59.281937
1411 640 8478 45.633778
5759 3038 8012 60.637806
13430 8012 12105 18.560583
13431 8012 10424 53.616314
16619 10424 10425 6.091797
16620 10425 12527 19.389395
16545 10424 10364 36.26899
150 57 1187 63.526573
2264 1187 1077 5.353797
2263 1077 8844 27.533089
5760 3038 17321 65.752586
19543 17321 13009 15.165362
3314 17321 1647 41.335995
21103 14768 14639 80.604248
5757 3037 5861 83.706726
16546 10364 12594 119.056618
12810 12594 7589 108.428429
12811 7589 10876 84.465233
12812 7589 9824 137.61496
15858 9824 14265 39.854797
13018 9824 7730 90.519989
1303 7730 581 119.969818
1302 581 4696 125.67366
5888 3113 10234 140.410294
1301 581 720 158.453705
1566 720 16417 116.912964
9156 16417 5096 15.596284
9155 5096 6833 54.400391
11746 6833 7895 32.082031
11747 6833 6834 62.445312
11748 6834 8329 44.66222
13871 8329 10755 69.744141
10880 16417 6243 102.220436
15606 10234 9625 179.24469
17734 11343 13531 242.602905
20047 13531 13624 4.130265
13328 7949 17674 243.517365
23633 17674 17772 23.916759
19861 17674 13329 28.98218
6026 17170 3189 243.619675
6028 3189 11989 37.822502
7343 11989 3962 12.94663
6027 3189 4021 78.413948
4929 2564 15266 245.60527
4674 15266 2422 40.761738
2246 15266 1069 83.895981
2244 1069 1487 11.298584
2245 1069 16967 30.169544
4673 2422 3983 128.218491
4159 4388 2130 246.162018
9508 5325 6212 246.641449
4627 12506 2395 249.02861
17360 17976 11026 249.143982
16820 11026 10604 20.935452
169 64 10681 255.130951
4969 2587 2588 258.920898
18316 12588 11848 260.135498
5177 2909 2711 262.059631
4279 17397 2198 262.497192
3882 2198 1977 8.337564
3142 3262 1547 264.135193
3140 1547 1548 123.368164
3141 1547 16548 131.672165
17258 16548 10941 137.071854
9300 10941 5190 37.81469
6493 5190 3456 72.133415
1969 3456 930 134.221191
1970 930 17819 70.603455
6492 3456 17991 171.602951
22765 17991 16530 60.720715
12755 16548 7551 234.948639
12756 7551 12950 24.795979
1143 494 1960 265.38269
3031 1485 17290 266.427795
20815 17290 14339 24.993574
20814 14339 16954 9.977783
4375 16954 2250 62.73885
22980 16954 16783 257.494263
12264 16783 7191 13.109223
12263 7191 7787 9.572482
10150 7787 5749 24.368425
10149 5749 17652 3.956972
10852 17652 6224 4.373106
19618 13075 16306 267.226807
19725 16306 13192 10.031002
19726 13192 15907 83.803864
21737 15907 15352 47.233875
6734 15352 3589 4.738152
6735 3589 14840 36.320538
18523 14840 12031 15.707577
18522 12031 14399 17.471506
18505 14399 12018 5.712979
18506 12018 14134 2.793602
20865 14399 14489 33.622108
20944 14489 14484 3.77003
20754 14484 14273 3.355083
20948 14489 14785 9.535269
20447 14273 13945 9.76416
18504 12018 14040 39.487453
6736 3589 6683 54.35355
1977 6683 932 12.723295
20943 14484 16921 55.789284
12038 16921 7033 31.011969
12037 7033 16520 2.753919
11950 16520 6978 23.761433
4216 16520 2160 28.440855
22628 16520 16359 82.352348
11523 6683 18027 88.232307
1975 932 16378 125.112953
10418 16306 5933 163.836792
10417 5933 10498 16.482466
16707 10498 12626 12.699567
19157 12626 15765 13.739296
19355 15765 12826 5.983308
9834 16687 5542 268.089233
2564 1236 5147 268.092957
9232 5147 9073 44.212849
1820 853 857 269.582397
1825 857 856 176.675415
1827 856 15626 107.099747
21960 15626 15665 28.971827
12087 15626 7066 61.970062
1826 856 12190 115.843796
18704 12190 12403 28.288387
18945 12403 12562 30.968094
19103 12562 12564 6.092285
19102 12562 12972 15.892374
19104 12564 12563 16.753662
12940 12563 7676 5.088584
12939 7676 12688 4.782107
18567 12562 12069 17.013443
18294 12069 11826 8.906491
18084 11826 11647 22.0408
12941 7676 12598 36.046482
10907 12598 6260 36.031101
10908 6260 14720 67.075661
19221 12688 14719 79.899826
1828 857 7186 193.928833
12256 7186 8298 74.911446
12257 7186 13619 197.526093
20130 13619 13746 7.391016
20259 13746 15430 89.489182
21798 15430 16702 61.266682
17537 13619 11179 154.530258
13451 12972 8026 217.908157
11346 6571 6618 272.631989
11417 6618 8078 44.661724
3133 17587 1542 273.669525
2496 1542 1203 9.76416
3134 1542 1983 35.474369
2497 1203 16711 82.425087
3892 1983 2071 126.44532
16505 16711 10332 200.993927
10550 10332 6014 272.137085
10549 6014 15117 62.833797
4534 6014 2346 147.113159
4342 2346 2232 4.18457
5305 2787 4107 275.932434
4776 4107 2479 52.053154
3893 1983 6247 276.067688
10888 6247 6995 50.131798
11977 6995 9221 64.183121
11978 6995 8641 102.957504
14281 8641 10816 64.236832
11091 8641 6395 67.110291
10887 6247 10775 134.047699
17098 10816 10935 138.627197
14113 10935 8516 69.893631
17252 10935 11016 126.444839
16053 11016 9975 30.838291
6890 11016 3685 176.712952
6891 3685 11517 24.757263
4090 3685 2096 109.650414
3017 2096 1476 44.787445
3018 1476 2212 90.481445
619 2212 240 39.187263
4308 2212 13402 50.73719
617 240 15344 107.167503
2665 1289 7651 276.707397
12904 7651 10598 85.142548
16813 10598 10879 8.906627
17185 10879 18172 100.726364
15729 18172 9728 23.899042
12789 9728 7575 36.964844
15730 9728 17378 49.578903
2015 18172 948 158.726715
1960 923 10798 278.883972
17076 10798 17404 84.851982
790 17404 319 184.17778
789 319 11544 1.227632
9514 14418 5328 279.014465
21641 15292 15240 280.24762
15701 17044 9702 280.481171
15702 9702 9820 53.471241
12905 7651 11883 280.881775
18351 11883 13420 95.829712
12066 11883 7053 214.562637
20753 14892 14272 282.349976
21713 15325 15828 283.705261
7909 4297 6316 288.400421
18374 11903 13639 290.616852
2595 13639 1255 38.94809
18011 13639 11589 64.968491
14805 12848 9022 293.109833
10876 9022 6241 165.137405
10877 6241 11897 136.55722
18366 11897 12056 8.261415
18554 12056 12180 5.175922
16516 11897 10340 48.609997
3408 6241 1696 159.658157
3409 1696 9981 21.989382
6153 9981 3261 5.417546
6152 3261 8921 1.889552
11476 8921 6659 1.113088
6222 9022 3300 178.928482
10631 10340 6071 180.333191
10630 6071 7107 35.513935
12141 7107 7459 24.06674
10632 6071 14820 68.361588
21268 14820 17705 71.386223
6383 17705 3390 32.669922
6384 3390 7569 63.84668
12780 7569 16782 52.826019
18983 14820 12448 76.401703
22162 17705 15829 107.346275
1031 12180 437 203.653076
1030 437 472 47.235447
16337 10409 10190 293.468048
8699 5412 4800 294.620636
8698 4800 15173 4.244727
21594 15173 15312 3.877808
753 15312 301 100.013245
752 301 1000 20.253662
2111 1000 3327 74.068481
6279 3327 3381 1.255371
6278 3327 5922 1.30989
6280 3327 11618 80.579002
18048 11618 15235 39.764385
2016 1000 949 237.602112
1971 930 13387 297.584045
18096 13387 11656 98.512802
14392 12180 8713 297.707642
14394 8713 13319 143.681168
8863 6130 4905 301.296509
8862 4905 4957 99.009087
5780 4957 3050 1.096436
8861 4905 4958 179.727081
8944 4958 5275 9.76416
8860 4958 4904 12.264113
8191 4904 4472 107.349449
8190 4472 4471 22.845947
7413 4471 4006 12.646266
8189 4471 4470 25.89209
473 4470 185 43.268509
472 185 8638 80.899231
6150 4470 3260 80.998489
471 185 12600 84.194954
9433 5275 12398 172.197403
18940 12398 14571 171.728592
11236 12398 6496 203.180344
11235 6496 16720 24.216833
11035 6496 6357 132.572647
11034 6357 6358 10.661377
8943 4957 13073 225.750259
19614 13073 15921 45.187027
19615 13073 17557 160.636047
11939 17557 6970 38.82349
11938 6970 14965 24.194462
23547 17557 17603 108.14669
5149 17603 2698 88.80069
5148 2698 7396 62.595272
12556 7396 17983 108.314766
15340 17983 9421 43.008087
15339 9421 18107 51.61084
12557 7396 17679 117.124733
23554 17679 17566 25.091362
10867 17566 6234 43.215298
10868 6234 15048 30.913046
1275 15048 563 15.883915
1274 563 9189 43.428501
14625 17679 8885 50.571747
14446 8885 8750 54.314167
14447 8750 15944 15.16635
19235 15944 12703 0.282522
4930 17983 2565 119.644638
23576 17603 17908 237.798447
23759 17908 17997 5.353543
23808 17997 18046 4.777309
23823 18046 18178 12.883104
13681 18178 8187 24.049152
13679 8187 17140 14.875442
10474 18178 5965 38.191868
8747 5965 4831 39.373878
10473 5965 10362 179.862045
16543 10362 17508 27.824152
16542 10362 14467 42.501656
22750 17508 16507 183.862579
8053 17908 4384 197.59552
8054 4384 16058 202.258301
20129 16058 13615 38.330345
22362 16058 16057 140.121826
22361 16057 16474 61.671429
21647 18107 15245 238.540741
13029 15245 7741 1.423179
13028 7741 11149 119.57946
13027 7741 7831 185.8349
13152 7831 7832 38.076416
13154 7832 12637 77.481537
4014 12637 2052 41.934212
13223 12637 7878 74.83149
13224 7878 13264 76.594727
13786 13264 8264 1.09668
13785 8264 9284 27.939013
15072 9284 9220 51.802952
13222 7878 11576 96.595703
17989 11576 17543 55.854744
17990 11576 13669 80.664871
14813 9220 9027 156.974686
14812 9027 11516 73.944405
11975 9027 6994 81.289444
3355 6994 1666 40.079849
3356 1666 6845 1.255069
3354 1666 16516 1.353797
17932 11516 14070 95.031494
9493 14070 5314 1.207325
20565 14070 14460 1.227632
16224 14070 10112 39.119694
9881 10112 5570 12.874401
11158 10112 6443 23.869013
18350 14460 11881 149.506271
15071 9220 14366 162.521881
13151 7831 14970 224.390427
13153 7832 11818 224.461731
13680 8187 8294 255.054276
13829 8294 12423 15.019196
15129 12423 9267 12.790774
11976 6994 16282 269.337097
19769 16282 13234 30.80127
5244 16282 2748 122.825714
5245 2748 16553 138.126846
19714 16553 13180 105.949699
19715 13180 13241 13.988582
16231 13180 10118 104.651123
10761 10118 6160 11.401758
10762 6160 17163 55.764954
19973 17163 13449 35.02404
19180 17163 12651 51.597073
10764 6160 16963 85.917084
22038 16963 15708 30.767885
21144 16553 14680 119.902679
21143 14680 16091 35.771343
17089 13241 10807 200.118134
17088 10807 16819 26.512184
5403 16819 2840 29.609259
5404 2840 15500 3.829912
13703 15500 8203 1.112476
11719 16819 6820 64.426765
5243 2748 2863 205.747147
13026 18107 7739 291.757477
10426 7739 5936 75.056664
13025 7739 7740 82.245605
12866 7740 7623 7.391255
12868 7623 18174 43.438427
23611 18174 17655 79.459251
10347 5936 5887 85.302681
3385 5936 1682 106.544502
3386 1682 7263 12.956611
3384 1682 2460 14.499596
12867 7623 11312 107.44944
22463 17655 16171 188.475098
17964 16171 11550 156.930237
17963 11550 11549 19.799805
16920 11550 10676 26.54665
14667 10676 8917 51.61084
12526 11549 7374 61.608135
12524 7374 7692 39.518806
12525 7374 13455 49.179886
22464 16171 17654 181.100266
5000 17654 2611 130.701538
10749 6152 10183 309.92276
16329 10183 15148 57.53286
4988 10183 2602 135.05603
2143 2602 1019 50.21582
1235 1019 539 14.03157
2142 1019 1018 18.277344
1232 1018 538 13.94873
1231 538 537 15.230469
1230 537 1017 13.94873
1121 539 483 18.330503
1234 539 16307 20.216398
20725 16307 14237 49.865242
22591 16307 16469 50.925385
21872 16469 15517 29.450415
20319 15517 13810 51.633289
1229 537 7723 111.199219
20286 13810 13773 123.376045
21783 15517 15415 123.399696
21782 15415 15414 21.322266
10402 7723 5924 126.84082
10401 5924 7722 26.988281
10400 5924 14381 40.151043
12965 7722 7690 51.802967
10686 7690 6108 48.820801
8008 6108 4358 51.619167
4486 4358 2322 62.843876
2416 2322 1158 51.434952
2199 4358 1045 235.529541
2201 1045 17613 50.308109
21674 17613 15278 137.89389
20413 15278 13908 40.907928
2200 1045 8288 280.262268
13819 8288 8724 11.262073
13740 8288 8235 15.294223
14406 8724 10243 44.662674
16400 10243 14881 153.411301
16423 14881 10263 94.190811
13820 8288 11564 242.709961
10698 11564 6116 161.813812
10697 6116 12437 215.246704
13493 8235 8056 263.549316
20978 14521 17215 310.518921
9942 17215 5612 25.802715
9943 5612 13729 52.750572
968 408 407 310.705322
969 407 448 33.536346
1052 448 2695 1.218506
5145 2695 17633 1.284076
970 407 17452 36.298939
5144 2695 9428 53.449139
1051 2695 447 59.704102
15349 9428 11906 81.563538
13552 11906 8097 21.42717
18379 11906 12057 59.323536
1148 9428 496 160.154358
12115 14207 7085 310.723602
8993 7085 4994 64.327209
3329 4994 1653 137.861145
12116 7085 12125 149.246506
18628 12125 16648 143.673157
22824 16648 16602 118.807259
22761 16602 16526 204.109772
22760 16526 16525 36.553467
22725 16525 16483 7.742043
22723 16483 16482 4.569214
22324 16525 16020 15.419096
21497 16020 15069 29.919409
22724 16482 17863 135.047363
23421 17863 17367 101.68663
23347 17367 17265 8.110142
14727 17863 8959 290.704193
14726 8959 9259 138.851273
16917 12125 10671 309.372986
13674 18156 8181 311.830505
7715 8181 4186 134.543945
7714 4186 4187 114.229858
2605 4187 1261 93.077423
13675 8181 8223 237.602234
2282 8223 1089 217.81781
2284 1089 17871 43.268024
2283 1089 1146 77.688919
2385 1146 1144 184.290771
2386 1144 14787 139.497086
21233 14787 14788 117.276001
2391 1146 9916 265.087311
15977 9916 16980 1.339442
2387 1144 1145 296.997559
2388 1145 12360 258.939972
18466 12360 11987 13.953883
18907 12360 15046 150.469681
2389 1145 11134 301.296661
3041 12360 1491 305.115936
3039 1491 2302 48.804455
21234 14787 15846 306.864044
22110 15846 15782 67.029411
18378 15846 11905 125.549278
15740 11905 9736 182.74765
189 9736 72 180.377335
188 72 2739 52.25174
5227 2739 17858 9.840753
3184 17858 1575 280.342163
2577 1575 1244 10.780326
2578 1244 17038 74.443916
6195 17038 3287 258.553436
21622 17038 15215 266.649231
12751 17655 7547 313.797058
13723 8223 9063 315.276978
7524 4072 5239 317.046844
6196 3287 7375 317.146484
10283 7375 5842 4.43652
10284 5842 10279 12.65577
12527 7375 8479 35.513767
13940 8479 8384 9.554708
13941 8384 13815 10.692876
13728 13815 8228 5.102226
13622 8228 8145 5.353589
13239 8145 7890 28.288446
13623 8145 10206 173.416245
3661 10206 1853 41.478039
3660 1853 2888 189.261383
2723 2888 1323 25.509815
13240 7890 9734 261.56604
15738 9734 14537 10.242437
15737 9734 17570 116.32354
13002 8145 7720 311.269073
15866 9829 9873 318.323364
8684 8066 4792 319.00061
17341 11014 17565 319.248596
4735 17565 2453 107.085396
13322 17565 7944 221.341919
12237 7944 7171 19.982559
5629 7171 2962 10.820469
10060 7171 5687 156.40332
10059 5687 14672 36.022354
1149 2962 497 169.574524
3098 5687 1524 299.058044
1032 437 8468 322.113617
14059 8468 14613 189.710464
6270 14613 3324 214.992661
6268 3324 10763 54.844727
4832 10763 2510 26.502934
6269 3324 17211 203.676071
8087 14613 4404 281.509125
10909 6260 12839 323.518799
15743 12839 9741 97.748695
19371 12839 12873 161.450851
18141 12873 11693 131.278992
6500 17211 3460 326.546722
16715 17449 10506 327.477081
6749 3599 16577 328.159454
19348 16577 12816 20.41791
10721 6129 17085 329.000275
23209 17085 17084 4.569092
20330 17084 13819 115.161652
12426 13819 7305 203.64975
12427 7305 14000 145.078323
700 14000 281 5.688584
9810 14000 5527 54.877655
9808 5527 13121 117.102776
9809 5527 13270 130.799057
19799 13270 13632 6.531368
14986 13270 9161 18.632238
14985 9161 13855 2.595876
13661 9161 8172 5.117432
20366 13855 14281 17.494905
19195 14281 12666 2.090998
4226 12666 2167 0.769802
4839 12666 2514 14.440062
4840 2514 17119 34.560555
1510 17119 689 33.610531
19196 12666 14094 44.041187
1512 689 15501 89.1008
13662 8172 13625 131.61441
6998 13625 3752 2.47417
6997 3752 13494 2.942006
12625 13494 7443 4.528588
12626 7443 14045 15.262143
6996 3752 11094 18.444893
8252 11094 4513 1.342149
10702 14045 6119 44.488503
10703 6119 17082 92.581482
21903 17082 15548 4.904297
23206 17082 17710 18.700087
21902 15548 17125 36.245361
23208 17125 17083 28.971838
2407 17710 1155 74.350471
2411 1155 12363 13.185313
2192 12363 1041 3.798998
14284 13632 8643 137.547104
14285 8643 15195 135.290039
17957 15195 11539 117.17041
13959 11539 8395 92.0625
17917 11539 11500 97.486053
2191 1041 16742 153.685684
20500 16742 13998 7.462925
7427 15195 4015 243.709549
7426 4015 12676 15.863877
7531 12676 4075 0.94802
11097 12676 6402 1.230636
19206 12676 12920 84.141464
10942 12920 6289 14.495948
1712 4015 801 102.670219
21529 15195 15103 274.165802
21530 15103 15149 60.93832
21573 15149 17208 71.028519
21574 15149 15150 143.168213
2409 1155 8923 293.671814
14674 8923 9025 57.943432
14809 9025 16272 119.235443
17330 16272 11007 49.682987
21759 16272 15377 50.531548
10488 11007 5974 90.556747
15120 16602 9260 329.868774
1481 676 17007 333.861664
17276 17007 10958 36.057228
20285 17007 13772 206.060349
13982 13772 8411 69.121498
6008 13772 3178 112.191727
6007 3178 16953 54.866428
23103 16953 16952 71.583984
6006 3178 15090 89.146561
23104 16953 16988 138.605652
23128 16988 17063 35.141693
19891 17063 13359 31.239042
13413 13359 8002 8.557924
13411 8002 16811 48.356819
23009 16811 16862 9.243978
16188 16862 10085 6.291602
22860 16862 16639 10.326518
23050 16862 17064 11.49572
23194 17064 17065 6.092285
4251 16988 2180 104.627296
4250 2180 2268 3.178631
4249 2180 2877 37.413296
4397 2268 3587 41.84668
1240 8468 544 334.419922
13960 8395 15655 334.772156
1322 15655 591 219.400406
11151 9477 6439 340.725159
9518 5378 5331 344.215485
9520 5331 5985 19.52832
9519 5331 5376 143.174774
1822 854 8410 344.218933
21201 14805 14748 348.784515
3016 1476 4173 350.977234
14865 9073 15890 351.919708
22176 15890 15841 6.249907
22175 15841 15840 13.70752
22174 15840 15839 6.092285
22173 15839 16360 16.807665
15637 15890 9651 195.378937
15410 9651 9479 4.453173
8358 9479 4582 148.23172
7436 15890 4020 198.533585
14148 15839 8538 225.735718
18169 15839 11717 310.638519
16003 11717 9935 142.41011
18168 11717 15451 280.415833
13830 15451 8295 6.107422
13765 8295 8250 19.848991
13762 8250 8249 6.092163
13763 8249 10452 62.843647
16654 10452 10501 12.264141
21817 15451 17731 77.375671
9980 15451 5636 80.90332
13891 8345 11251 354.562531
15502 9556 18119 359.125183
22781 18119 16557 44.504169
16648 16557 10445 64.503311
10522 18119 5997 111.255104
16647 10445 17479 208.174454
9378 5239 11798 359.266785
18262 11798 12536 57.550266
19078 12536 15390 204.021027
21767 15390 17792 105.048134
19503 17792 12970 211.374329
13764 8249 15987 364.059784
7916 11358 4301 368.765564
3483 15103 1740 375.820801
3484 1740 2742 57.878891
3485 1740 15328 240.120758
21717 15328 15329 7.615356
2696 1305 17012 380.143524
10466 8959 5959 383.112244
14193 8569 11916 384.183807
8830 4883 4884 385.335449
7388 12816 3988 408.615814
22296 15987 16924 419.864868
13475 8364 8044 421.906342
6091 3226 7201 423.578278
7999 7201 4353 64.218147
12167 7201 7124 114.413368
7424 7124 4013 73.199799
5979 3599 3163 425.119965
5980 3163 15589 227.011063
12448 15589 7318 56.604347
11475 7318 6658 48.873234
21936 15589 16900 102.01992
12243 18200 7176 427.99646
13124 17819 7810 428.120026
11513 7810 6678 78.259888
13348 15059 7963 429.528351
2390 1145 16807 433.587891
4450 2302 10806 438.32251
10911 10806 6263 1.548433
5851 7698 3093 457.91571
5850 3093 4142 45.426971
7645 4142 18135 285.440247
6695 7569 3566 478.98172
6697 3566 7180 108.811691
6696 3566 16831 322.174225
22265 16831 15952 52.241531
2555 16831 1233 79.257324
2554 1233 17549 75.961327
2556 1233 3838 82.549316
7143 3838 4561 32.119171
6980 3838 3740 106.650749
6979 3740 11898 27.028534
6978 3740 11151 35.045898
15486 11151 9542 63.771561
15484 9542 15909 23.945877
15485 9542 12722 46.551243
19256 12722 12754 21.368826
19255 12722 13074 43.064686
3081 13074 1514 31.282106
19616 13074 15692 56.092907
22027 15692 16854 74.863396
22707 16854 16458 32.94648
19188 16831 12658 131.127991
21935 16854 15586 176.155685
20825 15586 14355 71.606087
6574 15586 3505 96.873489
1241 544 4533 509.388672
7722 4191 11374 554.454529
3186 1575 6919 571.124512
9946 6919 5615 54.315197
13464 10279 8034 572.203491
1693 8034 789 1.968025
13462 8034 17291 257.255341
18984 17291 12449 44.117725
18985 12449 17260 53.011211
21968 17260 15633 9.086987
21565 15633 15136 15.643198
13463 8034 9214 554.969666
16622 13894 10427 576.685669
16624 10427 11311 153.094788
17692 11311 16144 153.42334
17693 11311 12485 161.03125
19027 12485 15694 5.182974
5455 12485 2869 5.524349
5454 2869 10675 148.355301
9090 10675 5056 1.157532
12689 10675 7497 2.768403
9091 10675 5057 17.119202
16623 10427 16670 196.665039
676 266 267 589.426025
4786 2486 14082 594.916321
13198 8249 7862 595.622864
12619 7862 7438 17.49473
13197 7862 16821 317.164429
3891 1981 1982 606.179688
73 12873 26 688.480713
72 26 7365 5.371625
17434 11094 12599 708.971619
7973 12599 4336 331.644623
7974 4336 4953 254.995575
8937 4953 16717 220.38298
22924 16717 16771 1.896973
19930 16717 13405 50.361694
17052 13405 10780 142.437393
17051 10780 11289 32.872101
1398 11289 633 41.852345
1397 633 16473 2.714696
17943 16473 11528 11.610835
1399 633 17591 15.520546
1893 11528 890 20.962715
1393 890 629 23.886868
1320 629 590 9.244292
1319 590 14754 161.889252
1321 590 11874 259.987823
11023 11874 6350 17.646332
11024 6350 11001 8.90033
2907 11001 1422 240.180908
832 1422 337 264.914215
831 337 12634 285.190582
8452 14754 4639 392.877655
17323 11001 15001 443.274475
21150 15001 14689 8.906262
10427 14719 5937 724.114685
17767 11369 18247 740.120178
19434 18247 12900 177.890656
2977 18247 1456 466.415802
2979 1456 8199 133.957642
2978 1456 13467 354.696075
2724 1323 11525 789.217041
15249 9350 16077 808.821655
3333 11094 1655 811.607605
1677 1655 779 754.717896
13003 7720 13259 868.64563
16330 13259 10184 14.279508
14968 10184 9147 13.434625
19790 13259 16647 44.606583
15361 16647 9435 22.205925
15362 9435 15145 64.383904
811 15145 328 20.784298
2788 16647 1361 429.940308
2405 1361 1154 6.356942
2406 1154 18242 47.365177
2439 1169 12040 923.043945
10301 5857 18158 998.900696
4323 10806 2220 1065.567261
10915 8959 6268 1124.156128
